Actual Resolution Hours,predicted Resolution Hours
1.8666666666666667,1.8243183103371334
2.9833333333333334,2.8515148086221807
4.0,3.8316779651738306
4.0,3.8220456515860493
3.8666666666666667,3.8260736392535635
3.6666666666666665,3.8358091780603996
2.7,2.839089625899615
2.6666666666666665,2.840852675088486
3.6666666666666665,3.82121030948752
3.8333333333333335,3.8277154929904738
3.8,3.828014223203036
2.85,2.8397587843371728
0.6666666666666666,0.8379232258849766
1.7833333333333334,1.8176004450142103
0.6833333333333333,0.825938970451984
3.7666666666666666,3.820199199738194
0.7,0.8385670445171581
2.783333333333333,2.8392719497888437
1.9333333333333333,1.8333111415733812
2.9833333333333334,2.8357793973311645
1.8666666666666667,1.8211241045343942
1.6666666666666667,1.8375902219256666
0.85,0.8349802536810167
0.85,0.8194836740934615
0.7,0.8261212001129806
3.683333333333333,3.8172504530897964
3.7,3.826511528753577
2.683333333333333,2.840797787006283
3.75,3.839679608073831
1.8333333333333333,1.8408992468738088
1.7166666666666666,1.8352426288018768
2.7,2.8366863178752943
2.95,2.8447367085964186
2.75,2.8364999855042496
1.8666666666666667,1.8309489635638518
0.95,0.8367918916800496
3.9166666666666665,3.8357999003755645
3.9833333333333334,3.830445150113807
3.933333333333333,3.8240306579018624
1.8333333333333333,1.831470224000486
2.8,2.8333883712889603
0.8833333333333333,0.8161216472547872
0.8666666666666667,0.8294594184538693
3.8,3.8332617198041827
1.8833333333333333,1.813423595643979
2.95,2.851015746365846
1.7833333333333334,1.8349327054951494
0.9333333333333333,0.8351513557863919
0.7166666666666667,0.8357159910111329
2.6666666666666665,2.839238661984975
2.783333333333333,2.8262349843854064
3.95,3.842379828951228
0.9333333333333333,0.8341463463882404
1.8333333333333333,1.837549850853256
1.7,1.8066986350587573
3.716666666666667,3.834466733324248
1.8,1.8137932979718974
1.7166666666666666,1.8241516717106072
1.75,1.8394719678900118
1.9166666666666667,1.8197977353493469
3.8666666666666667,3.835886267979002
0.8833333333333333,0.8331412518301607
1.7666666666666666,1.8378375373442688
2.816666666666667,2.831962228425214
1.9833333333333334,1.8381746342737422
2.8666666666666667,2.8228034046793606
0.7833333333333333,0.8310888266953695
1.9833333333333334,1.837927548561397
1.0,0.845090175188568
3.9166666666666665,3.842095565189696
1.9833333333333334,1.8314499124839367
3.7666666666666666,3.8297096378344797
1.0,0.838384516942202
1.8833333333333333,1.8309706038831337
1.7166666666666666,1.8378468328338393
3.0,2.82319443015321
3.783333333333333,3.8329740419449814
1.7333333333333334,1.8156367825775572
0.85,0.8395209262723082
1.8333333333333333,1.8409807679520325
1.6833333333333333,1.8151557599711545
3.7333333333333334,3.838399981911553
3.683333333333333,3.8207622049583096
2.7666666666666666,2.8251599341299825
3.716666666666667,3.836572314682682
2.7,2.8423251561806104
1.9666666666666666,1.8407232710970334
3.6666666666666665,3.818876507524978
1.8833333333333333,1.817472629704764
2.8833333333333333,2.847357027772613
1.0,0.8330456988769712
3.8333333333333335,3.834109885594929
2.783333333333333,2.841585878903242
3.7,3.838678709565096
3.8,3.8297096378344797
3.85,3.8227053106533315
1.9833333333333334,1.8264042614113976
2.0,1.832167001976107
3.8666666666666667,3.82106790918167
3.9833333333333334,3.8301690669139923
1.7333333333333334,1.8391822126283648
0.85,0.8337768937576177
2.85,2.837272476377519
1.7,1.8182057004420609
0.6666666666666666,0.8302348632812958
0.8833333333333333,0.8540179436900175
3.9,3.8363911461944182
2.9833333333333334,2.83676536355855
1.8333333333333333,1.8284650633463075
2.966666666666667,2.8342327763524104
0.95,0.8356226616732171
0.7333333333333333,0.8311114437720662
0.7333333333333333,0.8365615444987761
3.783333333333333,3.8333234556852154
2.7,2.8323805369813555
3.783333333333333,3.8356631122264506
3.9,3.838989414012297
3.9833333333333334,3.8300160549250397
1.75,1.839278160706837
0.7833333333333333,0.8342331404177908
2.783333333333333,2.845274446230004
1.8666666666666667,1.8382824698521825
2.7333333333333334,2.8333207487446215
0.9333333333333333,0.8401143647638962
0.9333333333333333,0.8429217599625812
1.85,1.8308540114698988
3.0,2.8394439464725996
3.783333333333333,3.8202910210347305
1.75,1.8347966743171111
2.683333333333333,2.8534559210050103
0.7166666666666667,0.8377628271095305
1.6666666666666667,1.8418645588981584
0.9833333333333333,0.8260601378723742
2.9,2.831360608528335
0.95,0.8435121710987288
2.966666666666667,2.8367510566694203
1.75,1.8344262954619157
0.9333333333333333,0.8337266183964208
3.9,3.829356872104891
0.9833333333333333,0.8335249868657126
2.716666666666667,2.843987526138392
0.9,0.8473441563742665
3.6666666666666665,3.8428463792918603
0.6833333333333333,0.8238285579874972
3.8666666666666667,3.8277324522426204
3.8,3.8334890379133673
1.7833333333333334,1.8293441666231718
3.9,3.828817174072924
3.95,3.8287119213875025
3.7,3.8512262537823516
3.716666666666667,3.8325269892734624
1.8,1.8289408383281907
0.8333333333333334,0.8416211099978809
0.7,0.8347026678088539
2.8333333333333335,2.830735438644964
2.95,2.8376953599048456
0.8666666666666667,0.8417850212249723
2.7333333333333334,2.8353480095177046
1.8166666666666667,1.8369519691589713
3.966666666666667,3.814581291111277
1.8833333333333333,1.8318756629993058
0.8333333333333334,0.8392750150502677
2.9166666666666665,2.835161625121163
3.9166666666666665,3.837984129223001
2.95,2.8489147945870767
1.95,1.8563158356011846
3.9166666666666665,3.821092550963802
1.9166666666666667,1.8373218505364284
3.7666666666666666,3.8245168902931628
2.8,2.8386027476359392
0.85,0.8268494509185511
3.816666666666667,3.812276886496379
2.966666666666667,2.8414806117969618
2.8833333333333333,2.8325194026644636
2.7333333333333334,2.8462969217186767
2.8833333333333333,2.830879257511901
1.6833333333333333,1.8359443510063045
0.7333333333333333,0.8357927381080442
0.7333333333333333,0.8365615444987761
1.8333333333333333,1.8147057449920183
2.716666666666667,2.836931653103138
1.9666666666666666,1.8335335350439954
0.7333333333333333,0.8360526237654401
0.8333333333333334,0.8309730381485819
2.966666666666667,2.830403214887016
1.0,0.8364984513229026
1.8666666666666667,1.8336582632672116
1.8666666666666667,1.8464874469037376
0.7666666666666667,0.8352650980922809
3.8,3.829368735537881
2.8,2.835784857165028
2.9833333333333334,2.853399564024839
2.966666666666667,2.8358655933981027
2.716666666666667,2.8345292323267115
3.783333333333333,3.8316065571936373
2.716666666666667,2.83818284669895
0.8666666666666667,0.8430735476925606
1.7333333333333334,1.8332413343984664
2.85,2.8264567641698064
0.8333333333333334,0.8352814026111985
0.7666666666666667,0.8268296574685594
2.8833333333333333,2.8259451076022866
3.85,3.8440620717028353
1.6666666666666667,1.834277002616605
3.0,2.829425579224749
2.966666666666667,2.845543993267977
3.783333333333333,3.8309688285005343
2.8666666666666667,2.8329814903440917
2.95,2.8432224660027234
3.95,3.836456460819432
2.0,1.8357012060972293
0.7666666666666667,0.8327822588867619
1.8666666666666667,1.836270945702968
2.816666666666667,2.8331705095270303
3.8666666666666667,3.8275448568946753
3.75,3.822967910180856
2.85,2.826528638001434
3.7,3.845367770712664
1.9,1.8249515814646784
0.8833333333333333,0.8409878662587816
0.8333333333333334,0.8381502128743052
1.7833333333333334,1.8379671548017515
0.85,0.8340474195438128
0.8,0.8310800700252012
4.0,3.8296038507586645
0.9333333333333333,0.8319295419385614
3.75,3.842858050200671
2.7666666666666666,2.841936397914526
0.7666666666666667,0.8362710440892481
3.85,3.8325515752969994
3.7666666666666666,3.829825770116764
3.6666666666666665,3.833128127144372
2.966666666666667,2.8449968294147596
3.6666666666666665,3.830189602580841
2.8666666666666667,2.8294556756299936
0.7833333333333333,0.8283779592853052
2.716666666666667,2.834662645827905
3.966666666666667,3.825157070860077
1.8666666666666667,1.8272631731943243
1.8666666666666667,1.8346052663393295
0.6666666666666666,0.8383907162894818
2.7,2.833825603761216
0.9166666666666666,0.8338249454635601
2.683333333333333,2.8438176526386014
1.9166666666666667,1.8283467698685631
3.6666666666666665,3.8428062431369057
0.8,0.8376161119419315
3.9833333333333334,3.8327580473985132
2.0,1.825615514679351
1.9833333333333334,1.8367226199216444
2.8666666666666667,2.8360994620312794
1.7333333333333334,1.8283430766990258
3.966666666666667,3.8263728463693685
1.7833333333333334,1.8382990324804354
0.9333333333333333,0.8307990117156216
0.9833333333333333,0.8353105260426186
3.966666666666667,3.829090465778931
2.9833333333333334,2.847307825293253
3.8833333333333333,3.8218791643871324
1.9666666666666666,1.82730326818024
3.8333333333333335,3.839779266006051
3.9166666666666665,3.826753768169999
1.75,1.8376500623327459
2.8333333333333335,2.8302846458580087
1.9833333333333334,1.8132973001721189
1.8,1.8321327146055877
3.7,3.8335652445019384
1.0,0.8255601680920861
3.9833333333333334,3.827929221631859
1.7666666666666666,1.8324845843694606
3.8333333333333335,3.8392917942580698
1.9,1.8332236894529403
0.6666666666666666,0.830867644452752
1.7833333333333334,1.8298934465768508
0.8666666666666667,0.8321021609432439
3.75,3.8315166832177074
3.6666666666666665,3.828396900801954
3.8,3.8312213230223784
1.9333333333333333,1.8162323578681465
2.6666666666666665,2.8345107673502037
3.7333333333333334,3.8282021614875754
1.8666666666666667,1.8147057449920183
0.7666666666666667,0.829305276928194
0.9833333333333333,0.8273686508643756
1.7166666666666666,1.8386075815420173
2.816666666666667,2.8362268952113805
3.9,3.8187602169010164
2.783333333333333,2.8276866438055697
2.8666666666666667,2.840119273905494
2.816666666666667,2.8377302251002914
0.6666666666666666,0.8337100105373392
2.683333333333333,2.8192860693451736
1.7333333333333334,1.8298702826977848
3.8833333333333333,3.820183155749457
2.8,2.8394765203610968
1.8666666666666667,1.839098665578823
4.0,3.842000731081656
0.7166666666666667,0.8313173145337852
1.9833333333333334,1.8247179410654366
2.966666666666667,2.8273847476138174
2.7,2.824302689605658
0.95,0.83468728057296
0.95,0.8318737630542243
2.9166666666666665,2.841639979054583
0.8333333333333334,0.8199686653058634
2.8666666666666667,2.8300016938115213
2.7333333333333334,2.8383330400489455
0.7666666666666667,0.8347286665413306
3.75,3.8426895974975754
0.7333333333333333,0.8460960533257521
1.8333333333333333,1.8424639961847344
1.7833333333333334,1.819735916668175
3.9833333333333334,3.8308013648413857
3.95,3.827816334098863
2.716666666666667,2.8317792867034046
2.816666666666667,2.830440541954415
2.95,2.832954113299229
2.966666666666667,2.8327471216784335
1.75,1.8310266005392126
0.8333333333333334,0.8276574571616575
1.9333333333333333,1.8297838852611676
2.8833333333333333,2.844241476582373
1.7333333333333334,1.8493100634129436
0.95,0.8251358314227248
0.8333333333333334,0.8343646061869372
3.6666666666666665,3.845380528010645
3.8333333333333335,3.8433481906724607
0.9666666666666667,0.831773143739498
2.6666666666666665,2.8319116405521796
1.7,1.825024175558596
1.0,0.8194836740934615
1.8833333333333333,1.820050996158844
3.933333333333333,3.8384911954715917
2.816666666666667,2.8318988262238936
2.783333333333333,2.8326669260486153
1.9333333333333333,1.8343874884192073
0.9166666666666666,0.8342580426803142
0.7166666666666667,0.833651236689171
0.9666666666666667,0.8461988116361716
1.9333333333333333,1.8213450287523114
3.8,3.8393297663350534
2.8666666666666667,2.845343310113662
1.0,0.835057724060063
3.8833333333333333,3.830556853227577
3.683333333333333,3.8289750595409013
2.8833333333333333,2.836218018839856
1.7833333333333334,1.8217910755550317
0.6666666666666666,0.8185919869802122
0.7166666666666667,0.843380893949488
1.6666666666666667,1.8315861699680114
3.8833333333333333,3.831187684373819
2.8666666666666667,2.825396488727785
0.7833333333333333,0.8361934900633308
2.8833333333333333,2.8415882854185157
3.716666666666667,3.8332245089900203
0.9666666666666667,0.8433773263770307
0.9833333333333333,0.8325591638501143
0.9333333333333333,0.8311114437720662
1.9,1.8277379802637916
1.9166666666666667,1.834550217046462
0.7833333333333333,0.8306507832611352
3.85,3.829151205094043
1.6666666666666667,1.8267308666462738
1.85,1.828927678722945
0.8666666666666667,0.8327822588867619
3.85,3.833566760720334
2.7,2.8302920886696263
2.7333333333333334,2.8380952775888897
2.7,2.831193195366518
2.9833333333333334,2.835203029032345
3.9166666666666665,3.8320012895676157
1.9666666666666666,1.833781655805445
0.8666666666666667,0.8302707304877763
3.8,3.8392610908774834
0.8,0.8283760557236856
0.6833333333333333,0.842124154528546
0.9333333333333333,0.8441123623745065
1.8666666666666667,1.8302940665087264
1.8333333333333333,1.845552268803933
2.7666666666666666,2.844584811879108
1.7166666666666666,1.8338851202571522
1.8,1.8520718605196178
0.7,0.8274297908076614
1.8833333333333333,1.8356611989157972
2.6666666666666665,2.8328605269624942
2.683333333333333,2.8313432763088406
2.95,2.833485287731573
1.7,1.836973195409266
0.7833333333333333,0.8286461956141453
1.8333333333333333,1.8328359445748381
2.7666666666666666,2.8384587205749323
3.7,3.821114646362517
3.9166666666666665,3.8419593785024166
3.966666666666667,3.837538692195825
2.9,2.8300426520905217
3.8333333333333335,3.837696166935981
0.7666666666666667,0.8301097343566183
3.8333333333333335,3.84642064137681
0.75,0.8463959317721026
1.8,1.844283826377119
2.7,2.833743058957134
3.7,3.824852390644369
1.8,1.8370836955585192
4.0,3.849140458238502
1.9,1.8368872583606857
2.8333333333333335,2.83482454208042
2.8,2.8385791810045062
1.7,1.838466643373635
3.7333333333333334,3.835241792554299
1.0,0.8330103632296829
0.6833333333333333,0.8526135352511794
2.8333333333333335,2.8269324592240195
2.7666666666666666,2.842543269764802
2.7333333333333334,2.8309070379022128
3.8666666666666667,3.8294214713321497
0.7166666666666667,0.8364636672961973
2.7333333333333334,2.8419655729883067
2.966666666666667,2.8331906823814847
0.8,0.8315859760088844
2.9166666666666665,2.815945821239711
3.783333333333333,3.8332907643462413
1.9,1.8328036675254926
1.8166666666666667,1.8353313934334126
2.85,2.839790284152842
0.9333333333333333,0.8367697197717553
1.0,0.8370411382173449
1.75,1.8329417288223646
0.75,0.8199736813721111
4.0,3.8259197228674733
0.7333333333333333,0.8311064708073654
3.933333333333333,3.851842645089296
1.7333333333333334,1.8398306301151184
2.8666666666666667,2.839259389196112
2.966666666666667,2.834835093979129
2.7333333333333334,2.8354972233891274
0.9333333333333333,0.8182493934849557
2.816666666666667,2.8323647026149597
4.0,3.827211314263337
3.783333333333333,3.83561324549686
2.9833333333333334,2.834116593882541
3.95,3.8117609078190595
0.8666666666666667,0.8233312821031679
2.85,2.840377151028221
2.6666666666666665,2.8310716308172443
1.8333333333333333,1.8560628350772448
3.9166666666666665,3.8337529703916253
1.85,1.841511775409154
1.85,1.8361990788066906
1.0,0.8385502647294422
0.8833333333333333,0.8272612333973091
0.7666666666666667,0.8334178275595769
1.7166666666666666,1.817119284766945
2.8833333333333333,2.8281941917365896
3.9,3.8262076927170225
0.7,0.8314232150816855
3.0,2.8294396866429787
2.85,2.82413911590285
0.7833333333333333,0.8304410969867972
0.85,0.8446270558053774
1.9833333333333334,1.8401510987719192
3.95,3.8401199234694667
0.7,0.8403911754242728
3.933333333333333,3.828887701038691
2.6666666666666665,2.8429025743006777
1.6666666666666667,1.8479483228499287
1.9166666666666667,1.8389154975352324
2.7,2.8307838884795733
1.9333333333333333,1.830500289924847
1.8666666666666667,1.8325654591884963
3.933333333333333,3.8319899805768967
2.7333333333333334,2.8347325892509434
3.9166666666666665,3.833038348861044
1.7666666666666666,1.8410722820581344
2.783333333333333,2.8361994713472223
1.7666666666666666,1.8462808293314368
3.816666666666667,3.828122096139864
0.8333333333333334,0.83046309299236
0.7666666666666667,0.842089197552149
3.75,3.8328648285068065
3.8833333333333333,3.845069181501005
2.8,2.822079427711928
1.95,1.8253114604363936
1.8,1.8411299101426777
0.7166666666666667,0.8280454845114358
0.8166666666666667,0.8366494590956564
0.7,0.8300233745894231
2.7666666666666666,2.844902053279836
1.75,1.8404711627910046
1.9166666666666667,1.8072482479478085
1.95,1.8226844689709727
3.7,3.8315462613571047
1.9,1.829021234146601
2.8666666666666667,2.8315721244209544
3.9,3.835124757408206
1.95,1.8358235245041836
0.7,0.839599249120592
1.7666666666666666,1.8266242710693459
0.6666666666666666,0.8366662008599579
3.8,3.8342826203377944
0.8166666666666667,0.8413360291075012
3.8666666666666667,3.819993958577345
1.9,1.8426229535428833
3.716666666666667,3.8212661094612175
3.85,3.842829564406977
0.6833333333333333,0.8346288276626332
0.9833333333333333,0.8386874126294022
0.9,0.8330010690273866
2.816666666666667,2.8301817063006367
2.966666666666667,2.8286764684624557
2.7333333333333334,2.8445268401228634
0.8833333333333333,0.8284377213040476
2.8666666666666667,2.8419358736728153
3.8,3.8347674171758035
0.8833333333333333,0.8328418993049316
3.966666666666667,3.8258299115885763
3.9833333333333334,3.8324483304780683
2.95,2.8394436348801304
2.966666666666667,2.822214848256867
1.0,0.8403029223979236
0.7333333333333333,0.8317385362101766
0.8666666666666667,0.8303136613078997
0.7166666666666667,0.8170894866010725
2.7666666666666666,2.840242341911055
1.0,0.8302802827386757
0.6833333333333333,0.8242684126565193
2.6666666666666665,2.839358414526892
1.8166666666666667,1.8313019000834314
1.9333333333333333,1.8449033474556913
0.95,0.8434422862058668
3.9,3.838124894910531
2.9833333333333334,2.836661711224129
2.0,1.8266016840742179
0.7666666666666667,0.8328630125062368
1.7166666666666666,1.8383176074738266
0.9666666666666667,0.8332436211131793
1.9166666666666667,1.8281806293457494
1.85,1.8251191262723652
2.7,2.833622594452667
1.9,1.8314750492409826
1.75,1.841406787541328
1.9833333333333334,1.8200968274918154
2.6666666666666665,2.829041176787397
3.783333333333333,3.8292836601571008
3.7666666666666666,3.8470160492941092
2.816666666666667,2.8339237809815243
3.8333333333333335,3.839800277527664
3.75,3.824363413450762
3.783333333333333,3.8311022612576364
0.7166666666666667,0.8311506971762723
2.95,2.829056678167989
1.8833333333333333,1.8373171100220567
3.8333333333333335,3.8294011127474734
3.783333333333333,3.8318131084792997
0.9,0.8396818087370493
1.95,1.8270936065115961
1.7833333333333334,1.8273060164892652
2.9,2.82775761061894
2.8833333333333333,2.828822383937794
0.85,0.8326010847651385
3.85,3.828540776282874
3.7666666666666666,3.833061678986058
2.6666666666666665,2.8355265496278372
0.7666666666666667,0.8343520683409583
2.816666666666667,2.834643546954825
3.6666666666666665,3.846130482956342
3.75,3.8366066669374987
2.8833333333333333,2.841497957810916
1.6833333333333333,1.834507792475374
2.9833333333333334,2.82116752249776
1.7,1.847624459095328
1.9333333333333333,1.8349543167360556
2.75,2.835294164376427
2.9833333333333334,2.8296097593955305
0.7666666666666667,0.8334262530772669
1.8,1.8298879759239244
0.6666666666666666,0.8192114611898171
1.9666666666666666,1.8203819489399147
0.95,0.8292852430987125
2.966666666666667,2.8396043233239125
0.9666666666666667,0.8266828850968614
3.783333333333333,3.830790067496587
1.8833333333333333,1.8354365379273312
2.9,2.849071074643776
3.7333333333333334,3.8513204504165084
1.7666666666666666,1.8268404135914913
3.8333333333333335,3.8338108478396804
3.8833333333333333,3.8284974177940847
0.8,0.8377860342180683
3.8666666666666667,3.829741326734474
2.95,2.840041465746052
2.8333333333333335,2.8283640694844445
2.7,2.829112688415041
3.7333333333333334,3.8290572919350514
1.8,1.8381041928000166
1.9666666666666666,1.8268834743756646
2.8,2.8336389373296025
2.716666666666667,2.820410086163171
2.933333333333333,2.8332757889112257
4.0,3.8360689241052572
3.7666666666666666,3.8364901467883947
3.85,3.834881922222527
0.7666666666666667,0.8330073057951886
1.9333333333333333,1.8497816264321378
2.95,2.845598658160027
1.9333333333333333,1.820225679559751
0.7,0.8357889615237655
2.7333333333333334,2.837873968637577
0.75,0.831495083939781
1.75,1.8337383500281605
2.783333333333333,2.8313993703001175
3.783333333333333,3.837624041467314
0.8833333333333333,0.8416211099978809
1.9,1.8280343418664038
1.95,1.8335202221969285
1.6666666666666667,1.8274464349600255
1.7833333333333334,1.84159210750179
0.7333333333333333,0.82881124281065
3.683333333333333,3.8379342356073716
4.0,3.8238198487329202
1.9333333333333333,1.8283979138276518
0.8666666666666667,0.8220817705642335
2.8666666666666667,2.8354733638893816
1.8666666666666667,1.835027837694889
3.783333333333333,3.8293121842289186
3.85,3.839105655624298
1.7333333333333334,1.8235811716446446
3.933333333333333,3.8403868497736173
2.9,2.824821413852384
0.75,0.8291738500018943
3.8833333333333333,3.834377693617739
1.7833333333333334,1.8391721677857535
1.8,1.827797680671853
2.8666666666666667,2.8254928053791373
0.9,0.832573400177204
3.933333333333333,3.8343414978131434
2.7,2.8367298840874144
0.7,0.8406934663835308
1.6833333333333333,1.8351978924210945
2.9833333333333334,2.827653591115003
3.95,3.838905610491422
2.8,2.8352179469074823
3.7,3.8277154929904738
1.9833333333333334,1.84872808009734
2.7333333333333334,2.834573151138488
0.9,0.8335590446178222
2.7333333333333334,2.8374893778204227
0.85,0.8275676550708007
2.7,2.8403493109762303
3.816666666666667,3.828948281206907
1.75,1.8230838454512774
2.6666666666666665,2.838618258740845
1.7666666666666666,1.8304931765040535
2.7,2.82379605139911
2.783333333333333,2.840082007056486
1.9666666666666666,1.8276116487438343
1.8166666666666667,1.8453162148730697
2.716666666666667,2.8523281439200834
1.85,1.8270665001373778
0.8666666666666667,0.8214744637151332
1.8,1.8571556801292766
3.933333333333333,3.834196037351938
2.85,2.8440961977431316
2.683333333333333,2.8363954603298374
2.9,2.8281352806814426
2.7,2.83493344881668
4.0,3.8330769864761147
0.95,0.8409604870577831
0.8166666666666667,0.8374806443456809
0.8,0.825535152432659
0.7833333333333333,0.8454923456107554
1.95,1.8250907572705162
2.9,2.8099811320402126
2.8833333333333333,2.8352398695997714
0.95,0.8501466658139407
0.8166666666666667,0.8448934453739132
0.75,0.8510060516175186
2.8666666666666667,2.839959595351218
1.8833333333333333,1.8276013292371112
3.9166666666666665,3.8373687877116107
3.933333333333333,3.8293289304935016
2.8833333333333333,2.829130175592498
1.8333333333333333,1.8424953968782507
2.683333333333333,2.831514449022363
1.7666666666666666,1.8240746995442292
3.75,3.8314675760655494
1.95,1.8434359279216557
2.8833333333333333,2.8348472231245427
0.9166666666666666,0.8291744198020325
0.9166666666666666,0.8159819427838592
3.6666666666666665,3.8210468184614244
2.9,2.828781856636496
1.9666666666666666,1.859361039678241
3.7333333333333334,3.8363596331961123
3.0,2.8389279653229504
1.7833333333333334,1.836528592713162
3.7,3.8301862022973934
1.8333333333333333,1.824873680110884
1.8,1.8384249166824684
1.85,1.8453048795036093
0.7666666666666667,0.8291390684007939
1.7166666666666666,1.8453940815332015
2.95,2.8458691528939943
1.7666666666666666,1.8475575458914104
2.9166666666666665,2.828063610730283
1.7833333333333334,1.833231669113037
3.683333333333333,3.828541244384462
1.7666666666666666,1.8371432112355037
1.9666666666666666,1.8313965255651834
2.0,1.827151046085273
0.9666666666666667,0.8338727446568506
0.6666666666666666,0.8416482619543243
0.8666666666666667,0.850205827078043
1.75,1.8166125433414493
1.0,0.8397020986946595
3.783333333333333,3.8326290731376984
1.85,1.8342681209866984
1.8166666666666667,1.8377907981905626
1.8333333333333333,1.8352353604220069
3.7,3.8142308382064103
0.9333333333333333,0.8253057280238625
3.85,3.8273395975902944
1.9,1.8238316826660244
3.95,3.8320082464741545
2.0,1.8212368100293392
3.683333333333333,3.8265316954352335
1.6666666666666667,1.8317306788975487
1.75,1.8421678468216585
0.9166666666666666,0.826983773711543
0.7166666666666667,0.8457398529716538
3.7333333333333334,3.831549779553447
0.9666666666666667,0.8486283341626862
2.8333333333333335,2.8198030919250403
1.7,1.8322763366710866
3.9,3.8347497620534923
0.7666666666666667,0.8361552167737112
2.7,2.8345147122471435
0.9166666666666666,0.8304530079468955
1.95,1.813913797054946
1.7666666666666666,1.8389640824778573
0.7666666666666667,0.8467663721458876
3.933333333333333,3.8229827753337133
1.95,1.8293063773900018
3.95,3.8263552132653524
2.716666666666667,2.8399643106912715
2.8,2.846171033296273
0.7666666666666667,0.836426851324306
3.816666666666667,3.8294011127474734
0.85,0.8405414033142173
2.8833333333333333,2.8425709681296776
2.9833333333333334,2.8335839647531618
3.7333333333333334,3.828502699558862
1.7666666666666666,1.849723141347007
3.6666666666666665,3.8358744020461257
2.8333333333333335,2.8289213882378
0.9166666666666666,0.8270975431687851
1.6833333333333333,1.8288649122483804
1.85,1.8402942644258278
2.8,2.8316073829359465
2.8833333333333333,2.8342952089788644
1.8833333333333333,1.8329404375301461
1.95,1.834874056996818
2.683333333333333,2.8324876819338
2.8333333333333335,2.8400278533966925
2.783333333333333,2.848674136547849
0.6833333333333333,0.8375851429474919
0.75,0.8352035899223066
3.816666666666667,3.817123600595889
0.7166666666666667,0.8396986737369542
0.8833333333333333,0.8484584446309055
1.95,1.8290440846533276
1.7,1.8321242207630817
3.7666666666666666,3.833996314177033
2.9,2.8284402582863355
0.9166666666666666,0.8343512225899926
3.8833333333333333,3.834522020400489
3.8,3.825678370486346
3.933333333333333,3.826572559460476
2.966666666666667,2.8389179902265744
2.0,1.82194745630202
0.9,0.841644451713326
1.9833333333333334,1.8350193086040911
2.9833333333333334,2.83435524614711
0.95,0.8370257614232008
3.783333333333333,3.822811835057777
2.0,1.822715798561462
3.933333333333333,3.8443375437569487
2.75,2.8354905625426885
1.6666666666666667,1.816009380382087
3.9166666666666665,3.8316779651738306
2.9833333333333334,2.832526820023352
1.8166666666666667,1.8307371408664452
3.9166666666666665,3.8355156114208744
3.933333333333333,3.8275572179224455
2.8666666666666667,2.821097261599381
1.8833333333333333,1.828384354293191
3.9833333333333334,3.818398420307362
1.7833333333333334,1.8274746735430778
1.7666666666666666,1.840038951889454
3.8,3.826690624055479
0.7166666666666667,0.8419038269811783
3.8,3.8283316001197885
2.0,1.8309173453719019
2.0,1.825200967914769
2.7,2.8292211512389853
3.7666666666666666,3.8216037298771592
0.9166666666666666,0.820016897722324
0.75,0.8382156183426828
3.716666666666667,3.8191730843781655
1.8166666666666667,1.828956415213231
0.7833333333333333,0.837944875522689
2.716666666666667,2.836729482188454
0.8,0.816933545843068
3.683333333333333,3.8322517150884337
4.0,3.830819033315209
2.816666666666667,2.8368384607879404
3.9,3.836947349030004
1.8,1.8408411180918316
0.75,0.8325698964892172
3.8833333333333333,3.8357623912743897
2.816666666666667,2.8295538893180554
3.7666666666666666,3.8373311283694123
2.9833333333333334,2.8350755594509276
3.816666666666667,3.8358434889480915
1.8,1.8351159003412634
3.7666666666666666,3.8234266727677433
3.683333333333333,3.824298940461816
1.7833333333333334,1.8476090759210266
0.9166666666666666,0.8383711856977456
0.9,0.8340183959842191
2.75,2.83829142398926
2.716666666666667,2.841371942878478
0.8166666666666667,0.8304686207893474
2.933333333333333,2.8264531495512712
1.95,1.8347143335378286
0.7166666666666667,0.8289749469890494
1.9166666666666667,1.8258048224594676
0.8833333333333333,0.835373608092162
1.7166666666666666,1.8338007462285701
2.0,1.8231710440802447
0.8333333333333334,0.8313799093804183
2.8666666666666667,2.8223508006519666
0.75,0.8294230680447001
0.9166666666666666,0.8385702560396155
3.8,3.826572559460476
1.8166666666666667,1.8350008059007485
0.8333333333333334,0.8258592315206861
2.75,2.8352261647090358
2.8666666666666667,2.838896066179146
3.75,3.831293129024901
2.8333333333333335,2.828863950128113
0.85,0.8254683194907482
1.0,0.828080030766337
1.9833333333333334,1.8387166646828725
2.75,2.8278494738811717
1.7,1.8294251767591563
2.816666666666667,2.812395394331619
3.8666666666666667,3.820840545445135
1.7,1.8351678489580856
0.7,0.8291471244479066
2.816666666666667,2.8139190581355638
0.8666666666666667,0.830240580917389
1.75,1.8546553396610543
2.8666666666666667,2.836446894735584
2.7,2.835051794107734
3.9166666666666665,3.83147794402386
0.7666666666666667,0.8408842413457285
1.8166666666666667,1.849475813051364
0.9666666666666667,0.8276158478768224
1.8333333333333333,1.8306046768819115
4.0,3.8271966098247225
2.9166666666666665,2.83657782876111
3.783333333333333,3.828660389469394
1.7,1.8369607195850852
3.7,3.839069034741734
0.85,0.821951847964697
2.0,1.8275670728775015
3.7333333333333334,3.837446271200145
1.7166666666666666,1.8344582980680102
1.6666666666666667,1.843941178520228
1.9666666666666666,1.8359924293509788
3.9166666666666665,3.833314381668121
2.75,2.8365949130479566
3.816666666666667,3.8294991871799335
3.8333333333333335,3.8219330685088084
1.8833333333333333,1.8295672576147817
0.9666666666666667,0.839588411199951
3.966666666666667,3.826278729250527
1.6666666666666667,1.8364166923990148
2.9166666666666665,2.820296056497613
3.7666666666666666,3.8398932610532466
2.816666666666667,2.834541148169218
2.8833333333333333,2.830331698032947
3.0,2.837161053330789
2.8833333333333333,2.8416848657266063
3.8,3.8456960324143803
3.85,3.8383715402961376
1.9,1.8256643480453505
1.7166666666666666,1.83590507614855
0.8,0.838230693840943
3.8833333333333333,3.822149463783308
0.7,0.8316353804046589
3.0,2.8191972557254177
2.966666666666667,2.8269373399396795
3.716666666666667,3.838147639065764
1.9833333333333334,1.8233416015161417
1.7,1.8369734077453188
2.8333333333333335,2.8311443708174577
1.8,1.8301401198389533
0.9833333333333333,0.8353962795927334
3.0,2.8336219435002423
3.75,3.832416042111518
0.85,0.8451845013233532
1.8833333333333333,1.826767584299563
2.8666666666666667,2.8383568592145685
2.8,2.8250218756066774
3.9166666666666665,3.826894680844717
0.6666666666666666,0.8326826554189506
2.8,2.8365014418020937
2.933333333333333,2.8234018401431875
3.95,3.806488159327691
3.95,3.8256837305814417
2.716666666666667,2.842188306832598
0.8666666666666667,0.8385802672317523
1.0,0.8422592088114375
0.9,0.837866300540065
2.8,2.8383930653472658
0.8166666666666667,0.8345822570922293
0.6666666666666666,0.8405919996514164
1.7166666666666666,1.842871676102678
1.7666666666666666,1.8159904583605706
2.95,2.8324116142869933
0.75,0.8399175885527214
1.6833333333333333,1.8433379214743801
1.7333333333333334,1.8350943614647672
4.0,3.83727567531837
1.75,1.8271838787919439
1.85,1.831204897988813
1.8,1.850245757363851
3.8833333333333333,3.828973434361892
2.683333333333333,2.839602331246521
1.7666666666666666,1.8336571312718317
1.85,1.8445828384448277
1.9833333333333334,1.817872642197832
2.933333333333333,2.832548159317603
0.7166666666666667,0.8189397545250121
1.6666666666666667,1.8363111058227235
2.966666666666667,2.8296734753499764
2.816666666666667,2.8497585005272867
2.8666666666666667,2.84333316204561
2.6666666666666665,2.8278913870724596
0.6833333333333333,0.8358067407790619
0.8333333333333334,0.8347867951409225
2.85,2.8507257748104835
3.8666666666666667,3.8456226316638085
3.933333333333333,3.837423779786401
0.7166666666666667,0.8276574571616575
1.7833333333333334,1.8402119371105257
4.0,3.831768270855628
3.7,3.8294729297164634
3.85,3.828329208154145
2.7333333333333334,2.83814935801467
2.8833333333333333,2.841393427800497
3.683333333333333,3.8378643104236336
0.7,0.8337705556173701
3.0,2.8417447382658354
2.7,2.838067445784741
2.683333333333333,2.833623172340475
3.9,3.8267038222537018
2.0,1.8358451747841606
1.9,1.824835371790556
0.9166666666666666,0.8511673541135885
0.85,0.8494226001163055
2.95,2.8362033636574906
0.9333333333333333,0.8370160504798828
3.933333333333333,3.8308292172012783
1.7666666666666666,1.8285769835962864
2.8833333333333333,2.826254920791713
1.7333333333333334,1.838798724089381
0.6833333333333333,0.8347286665413306
1.6666666666666667,1.8309092762340022
1.7,1.8282361678222412
1.8666666666666667,1.82733429737505
1.6833333333333333,1.8370986776475158
1.9666666666666666,1.8342964469152572
1.9333333333333333,1.8395630043559645
0.85,0.8400964354349937
2.933333333333333,2.834513323359994
3.8,3.8400794942117806
1.95,1.8363659257367595
1.7,1.8279595550186298
1.7333333333333334,1.838092724757305
3.8333333333333335,3.825279458633984
0.8333333333333334,0.8256870343351522
3.9,3.8212159278939914
3.85,3.832781387793762
2.75,2.8454371508442455
3.8833333333333333,3.843709768945369
3.7,3.8377842464248006
2.7666666666666666,2.8403600119583143
1.8666666666666667,1.836953659390945
1.7,1.8288057448533692
3.966666666666667,3.8357407092696136
3.816666666666667,3.832359370878672
3.816666666666667,3.8326480937490395
0.8,0.8290905825526749
3.783333333333333,3.843283977724783
3.7666666666666666,3.8241998910129182
1.6833333333333333,1.8358554109849976
3.9833333333333334,3.8262622075169674
2.8833333333333333,2.844609926568665
0.6833333333333333,0.8322929864654351
0.9166666666666666,0.8430795757124345
1.6833333333333333,1.8298831802335718
0.9333333333333333,0.8432637529670659
2.8333333333333335,2.842646729039635
0.7,0.8170763980834014
3.7,3.839638532319982
0.95,0.8288878288177522
1.8,1.8395369375009012
0.8166666666666667,0.8382432292603874
2.9833333333333334,2.808828452082494
3.9,3.8221769789728355
3.95,3.834574124668579
3.8333333333333335,3.820683270053592
0.8333333333333334,0.8322845926854922
1.9333333333333333,1.8264523186212391
1.8333333333333333,1.830117911559446
1.9666666666666666,1.84872808009734
3.85,3.821727590655013
1.7333333333333334,1.863394770107072
2.683333333333333,2.8384400990297185
1.75,1.8329894059862974
1.8833333333333333,1.8211839000764132
0.8666666666666667,0.8340847160469674
2.75,2.8368466625492768
3.7666666666666666,3.8241390584956143
0.7,0.8222238944522071
0.8166666666666667,0.8427993468217785
0.6666666666666666,0.8424834762285144
1.7833333333333334,1.8272060626947026
0.7666666666666667,0.8368220478987176
3.0,2.839373190718234
2.966666666666667,2.8304425140284293
2.85,2.8388551580730472
3.8,3.839544649618302
1.9166666666666667,1.8357551510143317
2.95,2.834500666984386
2.783333333333333,2.843960653518265
0.85,0.8378355763306736
2.6666666666666665,2.836768015350666
0.9833333333333333,0.8332436211131793
1.9,1.835608858365667
0.6666666666666666,0.82856051903164
0.9833333333333333,0.8360375836798687
0.95,0.8363239496954487
3.0,2.839819505946167
1.9333333333333333,1.8458504485975706
1.9333333333333333,1.8151962014151004
1.8666666666666667,1.8247859976692695
0.7666666666666667,0.8233400953721893
2.8333333333333335,2.8338165499971226
2.7666666666666666,2.829565047183365
0.7666666666666667,0.8332339503812232
0.7333333333333333,0.8324632750911488
2.716666666666667,2.8255922576197396
2.7333333333333334,2.833418248985796
0.8166666666666667,0.8352186974057819
0.7166666666666667,0.8318221659656443
3.8,3.8363521936610767
1.7333333333333334,1.8380158934552935
2.85,2.8472640492742824
1.9666666666666666,1.8282238432781461
3.0,2.8325319652764733
0.8166666666666667,0.8203073258203397
1.7666666666666666,1.8420459723458353
1.85,1.8289129852856656
1.9833333333333334,1.835471917885966
1.9333333333333333,1.8160784432575414
2.8,2.846146956721475
1.7666666666666666,1.827224852339363
0.7,0.8375529325642468
0.8166666666666667,0.8328344788181543
3.85,3.83231041973544
0.95,0.8312770506048208
0.7333333333333333,0.826983773711543
1.75,1.8255659850980057
3.7666666666666666,3.8252249707679824
3.8333333333333335,3.8363056134835904
3.8333333333333335,3.833355215539043
3.9166666666666665,3.84834448213901
3.716666666666667,3.825168708068054
2.8833333333333333,2.83396482826956
2.7333333333333334,2.838283481543393
3.75,3.826974200705431
3.7,3.8345035792966207
3.6666666666666665,3.8370147450507295
0.9166666666666666,0.830951894791085
3.9,3.825866435360757
3.85,3.837201391888576
3.683333333333333,3.829741326734474
3.9,3.828665762330617
0.85,0.8396055614086171
3.966666666666667,3.827544451105193
2.85,2.836847436718764
1.7333333333333334,1.839309771141387
2.933333333333333,2.831255819861379
3.0,2.848466188535868
1.9666666666666666,1.8281811247037958
1.7166666666666666,1.8282927573434713
1.9666666666666666,1.8345782350508444
4.0,3.8280135680247316
3.8333333333333335,3.8553534211457876
1.0,0.8427370850760711
0.85,0.8468674626008184
0.9166666666666666,0.841787866781373
0.9666666666666667,0.8406639881755915
1.9833333333333334,1.8307085535135144
3.783333333333333,3.824995752819262
0.95,0.8268731598736015
0.6666666666666666,0.8282399036304003
2.75,2.8326143400099255
3.966666666666667,3.8219033886853246
0.7333333333333333,0.8310997433376093
2.85,2.839139770102997
2.9,2.8136924548741713
3.933333333333333,3.8408125784530376
1.6666666666666667,1.8471745629211973
1.6666666666666667,1.845883581593382
1.8333333333333333,1.8387165276087996
0.7333333333333333,0.8297831882454523
3.933333333333333,3.8313508234727633
2.816666666666667,2.8333408983294452
2.716666666666667,2.834475461386534
3.716666666666667,3.8354320543862443
1.9333333333333333,1.8392511214229705
1.8833333333333333,1.8525395530037263
1.8333333333333333,1.8319757715728184
3.783333333333333,3.8355290472729395
2.0,1.8239593978734687
1.8,1.8305771049087207
2.9833333333333334,2.834260797035274
2.7666666666666666,2.836244914185621
2.6666666666666665,2.815237179293254
3.8,3.835406160182589
1.95,1.8307009909134329
0.8333333333333334,0.827532853052523
3.95,3.8350082926830966
1.0,0.830867644452752
1.9,1.8321134417182767
1.8833333333333333,1.8363658093993638
0.8333333333333334,0.8262658768701023
2.75,2.8473856414620324
3.95,3.8365890792274824
2.6666666666666665,2.8399380352663717
1.9,1.8301399434149712
1.8333333333333333,1.838117220226645
1.7,1.8347100253383948
3.966666666666667,3.829451123555635
0.9666666666666667,0.8287917608426665
3.966666666666667,3.8297464795689797
0.7166666666666667,0.8349227432976357
1.7333333333333334,1.8356387020800509
2.9,2.8301658673484247
2.9,2.8328912584803563
3.8833333333333333,3.833401666102538
1.0,0.8350915861261933
2.783333333333333,2.8298866907478866
1.9166666666666667,1.8257102785224097
1.9833333333333334,1.8281403009588724
0.8333333333333334,0.8363529663712131
3.783333333333333,3.827315570763508
1.9333333333333333,1.8325989283776596
3.816666666666667,3.8351776308072045
0.7833333333333333,0.8393063304428722
1.8666666666666667,1.822099458891793
2.966666666666667,2.841562903005269
2.9833333333333334,2.842334826802374
3.8,3.8262353857625606
3.8833333333333333,3.8301581199842736
0.75,0.8337294016424458
2.75,2.8309122937919273
1.7166666666666666,1.8404218499663034
1.9333333333333333,1.8471998341784859
0.75,0.8361611168811253
1.7333333333333334,1.8137327252398348
3.966666666666667,3.8302465411386963
1.8333333333333333,1.819083067578434
1.8333333333333333,1.8273112439172134
2.9833333333333334,2.845232213071207
3.8833333333333333,3.8255794257452
2.683333333333333,2.8461359055707294
2.816666666666667,2.85540912712595
1.7666666666666666,1.8323207165138578
2.95,2.83625561260717
3.783333333333333,3.8289984859281123
0.6666666666666666,0.8310786162558301
1.85,1.828947687890147
2.6666666666666665,2.8488885181658485
0.8333333333333334,0.8192965218688703
1.9,1.824457139702176
0.9833333333333333,0.8327453932585694
2.933333333333333,2.83857720455454
0.8833333333333333,0.8413483751594815
1.7166666666666666,1.8272396327401106
0.85,0.8203450715292112
0.6666666666666666,0.8334883785273197
0.9666666666666667,0.8389639708736313
0.9833333333333333,0.8327652554411327
1.7,1.8227549705618895
3.783333333333333,3.8322054111148742
2.85,2.830017461235503
1.7,1.8239234539234304
1.7333333333333334,1.8308219933728334
1.8333333333333333,1.8163523077977346
3.8,3.8292618259270625
2.683333333333333,2.8158838273272
3.8,3.826101585592289
3.683333333333333,3.8194226645407077
3.9833333333333334,3.834129616451803
1.9666666666666666,1.826106041921267
0.8166666666666667,0.828025637267085
0.8,0.8531099181780859
2.7333333333333334,2.828079718830693
1.9666666666666666,1.8303774861346376
3.7666666666666666,3.827710527244566
3.7666666666666666,3.8357834229735817
1.7166666666666666,1.8358035284942869
0.8666666666666667,0.8247549701157223
3.8666666666666667,3.828466826691432
3.8666666666666667,3.829959748119173
1.8833333333333333,1.8238127333766803
1.8,1.8420266872779971
3.683333333333333,3.8304855975678875
3.8333333333333335,3.8176485573810153
0.7,0.8261474865283237
0.8166666666666667,0.8241142052258849
0.85,0.8385606328949012
2.95,2.8478053358782063
3.9166666666666665,3.8290519865116166
2.816666666666667,2.8350462299272383
1.9,1.8611192100987841
3.9166666666666665,3.828466826691432
0.8833333333333333,0.8430735476925606
2.9166666666666665,2.8260531534482225
1.75,1.8309631766131653
3.6666666666666665,3.8303356115179796
2.9,2.8457927407983346
1.9833333333333334,1.8202120387310905
0.6666666666666666,0.8309535074174392
3.783333333333333,3.8252366102227318
1.6666666666666667,1.8249841024240852
0.6666666666666666,0.8343932895879997
0.7333333333333333,0.8338757088002537
1.8833333333333333,1.8254710724473338
0.9833333333333333,0.830633889784909
1.8,1.8292213413815508
3.95,3.8306010387846836
2.85,2.833068473288996
2.85,2.8488762454486944
0.9833333333333333,0.8381219818291693
3.9,3.8508479181758757
3.966666666666667,3.834926811230784
1.7666666666666666,1.8383809098348087
2.816666666666667,2.8256131662640773
2.8333333333333335,2.838551733990385
1.9,1.8246580279544051
3.95,3.8389020345064044
1.9666666666666666,1.8378026985797502
3.8666666666666667,3.830011727120241
2.7666666666666666,2.8458614920042686
4.0,3.8354682394155755
2.933333333333333,2.8454281649838005
0.9833333333333333,0.8330882739413568
0.8666666666666667,0.8384728648048965
0.8833333333333333,0.8307325749481492
3.7333333333333334,3.8389654010100727
2.7666666666666666,2.834235919373606
2.7,2.8314710766521336
3.75,3.832533504595403
0.9666666666666667,0.8305748462431126
4.0,3.846121193511193
1.6666666666666667,1.8282411532907363
1.75,1.8460152846814666
3.8333333333333335,3.82808531975812
2.85,2.8429416907906386
0.7833333333333333,0.8325470248087786
2.9166666666666665,2.847805818776645
1.9666666666666666,1.8400565326593605
2.9166666666666665,2.8448909288226925
3.716666666666667,3.8236590459909907
2.783333333333333,2.8318664453125213
3.783333333333333,3.82782475348222
3.9,3.832240910439865
2.6666666666666665,2.8322343065731634
2.6666666666666665,2.8347135411131927
0.8,0.833980416149119
0.8833333333333333,0.8344990607537812
2.8333333333333335,2.829301313289972
0.7,0.8307504084821368
0.7,0.8269020839501028
2.7,2.8291065570481897
4.0,3.840445990837161
0.7166666666666667,0.8216928688668038
2.75,2.8111940345047195
3.683333333333333,3.830960060273224
3.95,3.8280397790002176
3.933333333333333,3.839013572953679
3.7666666666666666,3.8290782917653665
3.7666666666666666,3.8345981893962597
0.9833333333333333,0.8510060516175186
0.85,0.8295864853592992
1.8166666666666667,1.8166673886449412
0.8166666666666667,0.8321263851296714
2.9166666666666665,2.829542182254788
1.0,0.837879631334499
0.9333333333333333,0.8347086204753994
1.9166666666666667,1.829290282267455
2.966666666666667,2.8427281526263295
2.683333333333333,2.8364207087460187
1.8166666666666667,1.8351146597663162
1.9166666666666667,1.826215763813766
3.9166666666666665,3.8383400202195257
0.7333333333333333,0.8309254120976287
3.8333333333333335,3.8338319580342644
1.6833333333333333,1.8340490945432644
3.8,3.8417459616417413
3.0,2.841815988022706
0.8,0.8363938547669111
0.9666666666666667,0.8407754145464982
0.9333333333333333,0.8540314092807622
3.7666666666666666,3.842229361541007
2.7,2.8390952187962215
0.9666666666666667,0.8286274237935395
1.7833333333333334,1.8385453772655815
1.6666666666666667,1.8246862622289475
3.8833333333333333,3.8241397137553905
3.0,2.830617377526736
3.816666666666667,3.8402341989027162
0.6666666666666666,0.8359005619407587
0.8666666666666667,0.8305611249944924
3.8666666666666667,3.8215561193605994
0.8333333333333334,0.8252363672926567
2.8,2.8401856254403492
3.8833333333333333,3.8392166973606665
0.6666666666666666,0.8348005903206546
3.716666666666667,3.839416312875402
3.8333333333333335,3.8275950399948964
2.8,2.8438737042779176
1.8833333333333333,1.8281528156420377
0.7166666666666667,0.8375360440530697
1.8,1.829680457740771
0.8166666666666667,0.8372407061431812
0.9166666666666666,0.8283580924166077
2.8,2.833799195291856
0.8333333333333334,0.8281852359380258
3.95,3.8229407297942095
0.7166666666666667,0.8260985940867471
3.716666666666667,3.8397571881886456
2.783333333333333,2.8373821835796154
1.95,1.8287103325730372
3.933333333333333,3.839336757941064
4.0,3.832865103175467
1.9666666666666666,1.8387418143009377
1.7833333333333334,1.8380310276245084
1.7333333333333334,1.8398414124206708
2.0,1.8247695920469855
2.8,2.830145307236777
3.75,3.8398115204734324
3.7666666666666666,3.8357766058598144
2.9166666666666665,2.820073961951943
0.7,0.8346108855275152
0.8333333333333334,0.8398523427545888
1.85,1.8338809762124384
3.783333333333333,3.836038372851056
3.9833333333333334,3.8308950649776286
2.8333333333333335,2.832311486226649
0.6833333333333333,0.8255896680125807
2.8,2.837427975429845
2.8,2.8365375263582835
1.8833333333333333,1.8371432112355037
3.716666666666667,3.832084688173801
1.7333333333333334,1.84332732954583
0.6666666666666666,0.8352742036445311
0.8666666666666667,0.8457636804222919
3.966666666666667,3.843328825012058
3.9,3.8378918495484107
0.7833333333333333,0.8429389561234616
4.0,3.8312748420224367
0.8333333333333334,0.8365370706742042
3.75,3.8301222629175338
2.7333333333333334,2.845510604208481
0.7,0.8310720242086991
1.8166666666666667,1.827734880523703
2.6666666666666665,2.830017461235503
2.7333333333333334,2.8384151288711985
0.7666666666666667,0.8313693409986179
3.966666666666667,3.829763755082179
0.95,0.8314051580637528
2.966666666666667,2.833359715940799
0.9666666666666667,0.8253966869142814
2.9833333333333334,2.831453150096365
2.8666666666666667,2.836617749312914
3.9166666666666665,3.837393280195637
1.8333333333333333,1.8353220938136747
1.9833333333333334,1.8227021728820612
3.7,3.819577715505383
0.9666666666666667,0.8344085771797942
2.7333333333333334,2.8397962746218623
1.9,1.8421069527830198
3.966666666666667,3.833017122826679
3.8,3.830017860837291
1.7833333333333334,1.832171353405332
0.9833333333333333,0.8235697141432277
0.8,0.8270876177573561
2.783333333333333,2.8306254198427583
1.7,1.8295246015286262
2.716666666666667,2.829802986975331
0.8333333333333334,0.8309910782893135
2.966666666666667,2.8426390951535905
3.95,3.837981945532775
1.8666666666666667,1.8399314271570333
3.9166666666666665,3.8359643100635004
0.7,0.8287551225892451
3.8833333333333333,3.8330443957705493
2.9833333333333334,2.8370875625121976
1.6666666666666667,1.8437315992909626
3.8666666666666667,3.837408411780309
1.6833333333333333,1.8286126075111613
3.716666666666667,3.8419743038294794
0.8166666666666667,0.8369646878258672
0.7833333333333333,0.8392391990704511
1.7333333333333334,1.8426482820993673
3.933333333333333,3.8196228427559173
1.9833333333333334,1.8425763872250673
3.0,2.835227132757126
2.9166666666666665,2.8393130717469672
2.783333333333333,2.8375172915935867
1.6666666666666667,1.8117582368351521
1.95,1.8369581389876257
1.9333333333333333,1.8347933485935695
3.683333333333333,3.8274850173976853
0.8,0.8292876302476391
1.9333333333333333,1.8324629088064102
3.966666666666667,3.8378651417127116
1.9166666666666667,1.8235172702537126
1.7833333333333334,1.8298934465768508
0.6833333333333333,0.8295948706701588
2.966666666666667,2.827616849053769
2.9833333333333334,2.8412296408717146
0.7666666666666667,0.8316420790728332
2.783333333333333,2.8301767119872907
1.8166666666666667,1.849475813051364
0.8666666666666667,0.8371827152340922
0.75,0.829377959374854
0.6666666666666666,0.8332457974411858
0.8166666666666667,0.8210535403869152
3.8666666666666667,3.8358984705697896
1.8333333333333333,1.8272731577722197
0.8,0.8256167529933286
0.75,0.8287030299517321
2.7666666666666666,2.836409718767354
3.816666666666667,3.8347497620534923
1.8833333333333333,1.8278290614704094
3.816666666666667,3.8088789422465674
0.9666666666666667,0.813806806859393
2.683333333333333,2.833525248183175
2.683333333333333,2.8217765917522097
0.7833333333333333,0.832462268349653
2.8833333333333333,2.831498337349984
0.85,0.8146682665085653
1.95,1.836969641189191
1.8,1.817235484217132
2.9,2.8263775344594393
3.8666666666666667,3.8237303340332778
3.7,3.8258812432448748
0.9,0.8407703885700333
3.95,3.829050748960907
2.95,2.8347754812827306
2.7333333333333334,2.8412301555534145
2.716666666666667,2.8464330431236458
1.9666666666666666,1.817217315999931
2.95,2.840082007056486
3.7666666666666666,3.8352646934473813
3.95,3.844344893618113
1.9166666666666667,1.8196168273636735
1.9166666666666667,1.8511729244322708
3.716666666666667,3.82640998572815
3.0,2.8362332585738868
3.85,3.825521719075375
3.8,3.831280258762711
4.0,3.823419703372817
1.9166666666666667,1.8291598961895255
3.7,3.8514103820804637
1.7666666666666666,1.8354602167863459
1.7,1.8302499570503326
2.9,2.840873138880423
3.966666666666667,3.840396744841766
3.8666666666666667,3.828502490718479
1.9833333333333334,1.8299018572034345
0.7666666666666667,0.8237874905758159
2.8833333333333333,2.834925968536582
0.8833333333333333,0.8253913720244984
0.8833333333333333,0.830867644452752
1.7666666666666666,1.8343863488100742
2.0,1.82194745630202
2.85,2.82692687284219
2.0,1.839411586147787
0.8666666666666667,0.8421894810197607
0.7333333333333333,0.8375237096245162
0.6833333333333333,0.8311381246586583
2.85,2.829219874844368
2.7333333333333334,2.8320984884613405
1.7833333333333334,1.846193116851635
2.0,1.8388462298370833
1.7666666666666666,1.8458987106274236
2.683333333333333,2.83518910401464
2.933333333333333,2.8427381032711487
0.6833333333333333,0.8563863851702038
0.9833333333333333,0.8181410160137575
2.8833333333333333,2.83290117850197
1.9166666666666667,1.8107656532288081
1.6666666666666667,1.8187537924613904
1.0,0.8419665710342079
0.85,0.8413595892036758
3.9833333333333334,3.8323805584426527
1.7666666666666666,1.8188825962582331
2.8666666666666667,2.8330207370364446
0.9666666666666667,0.8223494688317072
0.7833333333333333,0.8433354366656031
3.85,3.817936885588123
2.7666666666666666,2.831286153283791
3.8333333333333335,3.8368377896502905
0.75,0.8379248297552782
3.9833333333333334,3.821942365972495
1.6833333333333333,1.8337536823532863
3.7666666666666666,3.8312212156406455
2.75,2.8299553419140167
0.8,0.8342558020228971
1.85,1.83721402627098
2.7666666666666666,2.84431985427107
1.9166666666666667,1.82970796670328
1.0,0.8317834696746295
0.8,0.8545142933666129
0.9333333333333333,0.8410269813072055
2.783333333333333,2.832312643735619
1.8833333333333333,1.8233962478701422
0.75,0.8409362648136409
3.7333333333333334,3.8259169827531814
1.7333333333333334,1.8282117050294548
0.9,0.8205592240080515
2.716666666666667,2.83459025339171
0.7666666666666667,0.8323292262892297
2.816666666666667,2.8399744772471167
1.8833333333333333,1.8325998754047945
2.8,2.8340339978086915
2.8833333333333333,2.848104983557601
0.6833333333333333,0.8386246190190092
3.8666666666666667,3.832892104108538
3.7333333333333334,3.826418251357242
3.683333333333333,3.8409034155105335
2.85,2.8385161463444195
1.8166666666666667,1.8393400743890314
3.816666666666667,3.819915605154459
2.9,2.8362033636574906
2.683333333333333,2.8355936489637594
1.8,1.8317519233408606
3.716666666666667,3.826179110928445
3.75,3.8241298530957875
1.7,1.842871676102678
3.716666666666667,3.8220484520849625
2.9166666666666665,2.8354910215806366
3.75,3.809439188325703
2.0,1.838744869285914
2.6666666666666665,2.8382433466975847
0.9666666666666667,0.836693979776586
1.9333333333333333,1.8229048388123825
2.966666666666667,2.8257893622565264
3.8333333333333335,3.8244977227716377
3.933333333333333,3.8558140179534606
3.0,2.8570914097733064
0.6833333333333333,0.8358343642591624
2.683333333333333,2.836088502744734
3.8,3.837884827713057
1.7333333333333334,1.8194905583719025
0.9833333333333333,0.8337376556669556
1.6833333333333333,1.846087937453258
1.9166666666666667,1.8242947748709275
1.8833333333333333,1.8117708791150624
1.95,1.8202179610613183
3.9833333333333334,3.8379167431623245
0.7166666666666667,0.8282955511738886
0.9333333333333333,0.830077260478172
0.7,0.8404678150878486
3.933333333333333,3.8380661879238964
1.7666666666666666,1.8374641753833114
1.7666666666666666,1.8200172650273387
4.0,3.831876676296257
2.683333333333333,2.8351382250885795
2.7666666666666666,2.8336445323235466
0.8833333333333333,0.8254826795265522
1.9333333333333333,1.8397656027492773
3.75,3.8558140179534606
0.9833333333333333,0.8345500947298438
2.8666666666666667,2.8409199389653
0.95,0.8316837791534067
0.7,0.8190878665081539
0.7833333333333333,0.8323797467170293
3.7333333333333334,3.8244306881768972
0.6833333333333333,0.8380340920648787
3.816666666666667,3.8351743054410123
3.6666666666666665,3.8328270807257128
0.85,0.8257719432066082
1.9666666666666666,1.8352831580724094
2.7666666666666666,2.8408593536067808
0.8166666666666667,0.8323998318032926
3.783333333333333,3.8291339574305794
2.85,2.834708358303087
2.966666666666667,2.826520934972409
1.8166666666666667,1.8270936065115961
2.8833333333333333,2.829271834477134
2.8333333333333335,2.831815994703243
2.933333333333333,2.8373706885816046
0.95,0.8393707910542275
2.95,2.8097582721366114
3.683333333333333,3.8299211728155114
0.85,0.8504627042688148
3.7333333333333334,3.829980485980883
3.9166666666666665,3.832892104108538
2.95,2.8392437816626144
0.75,0.8449041226092012
0.85,0.838635595774219
2.9,2.8355778470124187
2.966666666666667,2.831838913580098
0.8166666666666667,0.853232544080993
1.9666666666666666,1.8375198985970178
1.9666666666666666,1.8329336206632794
0.7833333333333333,0.8256672551512857
0.7,0.822505289113954
2.8666666666666667,2.8343139439724694
1.6833333333333333,1.818000765990885
3.75,3.8426463465765655
1.9666666666666666,1.82705251238833
0.7333333333333333,0.8326275229161999
2.8666666666666667,2.798241703817004
3.9,3.837669094479236
2.966666666666667,2.8523845251147195
3.95,3.8347075274874203
2.816666666666667,2.824677185807957
3.7,3.8295475774588983
3.7,3.8339596135016247
2.683333333333333,2.8401063593687814
2.933333333333333,2.838700538347309
4.0,3.8301581199842736
1.75,1.8352291613262475
3.95,3.8323559139905394
2.8333333333333335,2.832504093189298
2.8,2.8303975204172906
1.9333333333333333,1.8339808852877248
2.7666666666666666,2.841410647541585
0.9166666666666666,0.8242603014473932
1.9166666666666667,1.825209979032322
0.95,0.8406600490354624
3.8333333333333335,3.8351641364326046
2.85,2.835699633697112
3.6666666666666665,3.8273031965762203
0.8333333333333334,0.8295279923523087
3.9833333333333334,3.826527031722948
2.7666666666666666,2.827762492082931
3.8,3.830106019807542
3.6666666666666665,3.8389841222628838
2.8833333333333333,2.8479402619344483
3.8,3.8326276405729134
1.9,1.8103205943008367
1.9,1.818340361376421
3.9166666666666665,3.8389595280562343
1.9166666666666667,1.833672158170938
0.6833333333333333,0.8387494642729193
2.8666666666666667,2.843564860838546
0.9333333333333333,0.8295364657878425
2.683333333333333,2.8360271097557552
0.95,0.8247549701157223
1.6666666666666667,1.8374384293409065
3.816666666666667,3.83009614719512
3.816666666666667,3.8277663097411003
1.7,1.8187872233567777
3.9,3.8328420303368618
1.8666666666666667,1.8137327252398348
1.9666666666666666,1.8388656533091117
3.8833333333333333,3.836041971511118
0.95,0.8309303067267044
1.6833333333333333,1.8451193828450607
0.95,0.8311937091946341
2.0,1.8261321341863812
2.7,2.8264298586014656
1.6666666666666667,1.830292149364762
1.7833333333333334,1.8324037332182517
2.933333333333333,2.8384494861943415
1.85,1.8276764464286654
0.7166666666666667,0.85070595881807
2.85,2.8326267275282966
2.966666666666667,2.8236759818501866
1.7833333333333334,1.8411299101426777
2.783333333333333,2.836793616736045
0.9333333333333333,0.8452294332052268
3.8333333333333335,3.829741326734474
3.933333333333333,3.8212159278939914
1.9333333333333333,1.8378840767510305
2.6666666666666665,2.8326360820588654
1.9333333333333333,1.8501246905627067
2.9833333333333334,2.8428436986094
3.783333333333333,3.8363989863554258
2.6666666666666665,2.828198124365249
4.0,3.8282352440105027
3.9,3.831672978006584
1.8833333333333333,1.8358018702408538
2.7,2.8346536647129286
0.8333333333333334,0.8336712544647936
1.0,0.8369721925918431
2.8833333333333333,2.8256024557614423
3.85,3.837316039206714
2.95,2.8378031137151574
1.95,1.8383498627757067
3.933333333333333,3.8408971777229834
1.8833333333333333,1.8377181332610786
0.8833333333333333,0.8356898543345814
0.7,0.831843991465171
3.8833333333333333,3.840308625013248
0.7833333333333333,0.8149971602550147
2.9833333333333334,2.830715360088133
2.85,2.838826166897876
2.716666666666667,2.8396911900772976
1.0,0.8366026985719566
1.0,0.8281662563176024
0.8,0.8276104694955368
0.9166666666666666,0.8253604449202614
4.0,3.8508201609746133
2.783333333333333,2.823842810964285
2.7,2.8378498761680766
0.9166666666666666,0.8438128689402897
1.75,1.8408426630060177
2.6666666666666665,2.8439225451975956
3.8333333333333335,3.8292693449411406
1.7333333333333334,1.8270968089993773
1.6833333333333333,1.821992513753038
2.9,2.8400691049724394
3.933333333333333,3.846273095755815
0.9,0.8331410671815098
3.75,3.8235946784716583
3.8,3.8325421048943236
1.0,0.8440863324022481
2.0,1.831610553820682
3.8,3.8309375605638407
4.0,3.830146630646061
0.7166666666666667,0.8398237816013413
0.8833333333333333,0.8452771452654527
1.7333333333333334,1.8243684622507816
2.816666666666667,2.8382401061504647
3.933333333333333,3.842436279845798
3.783333333333333,3.8325993656089334
0.8666666666666667,0.8356095830296612
1.0,0.8341185734703376
0.7333333333333333,0.8398069040691368
2.683333333333333,2.8351228701342457
0.8666666666666667,0.836822535267251
3.783333333333333,3.8292821289487775
3.85,3.831802382722985
2.0,1.8312811735099843
2.8833333333333333,2.841379998740598
2.9,2.818340430162615
2.966666666666667,2.8386917296500176
1.7333333333333334,1.8323897167410208
3.8,3.8239633001464783
0.9833333333333333,0.8386484126435596
3.9,3.8246809435547813
3.966666666666667,3.8286976058784377
2.7,2.8265927075310255
0.9166666666666666,0.8375882601254884
3.0,2.8244625195485975
3.0,2.8307025549718725
1.7833333333333334,1.8356836648976549
2.9166666666666665,2.8389587637480203
3.933333333333333,3.8250916127361614
3.9833333333333334,3.8399650283865547
2.6666666666666665,2.845545389215776
1.85,1.8080490628675328
2.0,1.8251955088910834
3.7,3.818536832767934
2.7666666666666666,2.8363868342637915
2.933333333333333,2.847000428390136
3.683333333333333,3.834888537875116
3.8666666666666667,3.8270207216258365
4.0,3.837923604793592
2.816666666666667,2.839579095928923
2.8,2.8410288724643222
0.7666666666666667,0.841354315977164
2.9833333333333334,2.840612818017182
3.8333333333333335,3.815125016755563
1.7333333333333334,1.8336261253004202
0.7833333333333333,0.8375903818847444
2.0,1.8204507910929622
1.8833333333333333,1.8250386084511399
0.6666666666666666,0.8394801629444284
0.6666666666666666,0.8218322267829905
0.9833333333333333,0.823784199969059
1.8333333333333333,1.8406832986432007
1.8666666666666667,1.822519515749765
2.9833333333333334,2.8375103070203647
0.6833333333333333,0.8369075214112666
2.85,2.837648419301687
1.95,1.8261491837857584
1.75,1.8236278057191426
1.8,1.8324897534779672
1.7333333333333334,1.8353835546457253
2.9,2.827037866111113
1.9666666666666666,1.8492129422422376
2.7333333333333334,2.8121132862399647
2.683333333333333,2.8297380654001847
4.0,3.828201883777845
1.95,1.8237887063857852
0.85,0.8290337476193905
0.9833333333333333,0.8476934889046995
2.816666666666667,2.8302402437241034
3.8666666666666667,3.829855621665738
3.85,3.8285511543708886
1.9333333333333333,1.8376878114426431
0.9333333333333333,0.8364939703832961
2.783333333333333,2.8417282296486404
2.0,1.8236842508433315
2.8333333333333335,2.833760782744652
1.7,1.8493234827168274
0.8,0.8450416129817658
1.0,0.8444674354962571
2.716666666666667,2.8269888191045958
1.7166666666666666,1.833838627965146
0.9166666666666666,0.8141635626136214
0.7666666666666667,0.8309522456531556
0.75,0.8222354015197643
1.0,0.8300594287162815
2.8666666666666667,2.8291543582150416
3.9,3.8409034155105335
4.0,3.8270310960387706
4.0,3.8447723269717495
2.85,2.8259451076022866
3.6666666666666665,3.8240306579018624
3.85,3.8367597134980427
3.9166666666666665,3.846449740394007
2.7,2.8409152012386465
3.9166666666666665,3.8290572892734516
2.7333333333333334,2.8479408380482396
1.7833333333333334,1.845433304923487
2.783333333333333,2.837751608731627
3.816666666666667,3.833284503103065
3.8333333333333335,3.8306506037911174
1.7833333333333334,1.8386640976010977
1.9666666666666666,1.8397629476905093
1.9666666666666666,1.828975232437827
2.9,2.841360386003152
3.8833333333333333,3.826558678106963
2.933333333333333,2.8357920790306537
1.9666666666666666,1.8364425268627347
0.9833333333333333,0.8355668017778853
0.7666666666666667,0.8398523427545888
1.9,1.838352952286521
0.7333333333333333,0.8225558553207466
3.716666666666667,3.8451183798264856
0.7666666666666667,0.8607973339808397
0.7,0.8354926035229805
3.716666666666667,3.8427001528417617
2.8,2.8289103892843843
1.0,0.8432697634789841
1.7833333333333334,1.83223312230086
3.966666666666667,3.844553609944482
3.7333333333333334,3.833996314177033
1.8833333333333333,1.8356706006590562
2.8333333333333335,2.829421629790648
1.8,1.8372611756520902
1.8666666666666667,1.8488286115741324
3.9,3.8484797608353416
2.7666666666666666,2.8324272682214993
0.7166666666666667,0.8351227917562131
1.7166666666666666,1.825870783464868
3.8,3.8263764865015095
2.8666666666666667,2.8432224660027234
3.9,3.8458289846303386
3.0,2.8419508001615013
1.9166666666666667,1.816371576507322
2.7333333333333334,2.844587257426548
0.8,0.8277145589986132
3.7666666666666666,3.8344577781431757
4.0,3.8414079389358404
1.8333333333333333,1.8329255105112392
1.7,1.8287274951265076
0.9166666666666666,0.8421940643768256
1.7333333333333334,1.8450251177865513
0.7166666666666667,0.830077260478172
2.8333333333333335,2.8367298840874144
0.85,0.8280341531936695
1.8166666666666667,1.836037896130461
2.9833333333333334,2.832488483390799
3.75,3.8364747178796974
1.8166666666666667,1.8137883341153889
3.6666666666666665,3.828316616717315
2.8666666666666667,2.83543443797123
1.8833333333333333,1.833597665684602
3.783333333333333,3.8258164125469216
2.75,2.8382891555887615
3.966666666666667,3.8339065940567334
0.6833333333333333,0.833081959796073
3.9,3.832701163259132
0.8333333333333334,0.8192089204482143
1.9166666666666667,1.8384292642422277
2.7,2.8346228740669823
0.7333333333333333,0.8236159612267498
1.7666666666666666,1.8434865407306529
3.7333333333333334,3.8396478749296103
3.683333333333333,3.823776637054562
1.8333333333333333,1.8315444428077785
0.8,0.8294975429580765
0.6833333333333333,0.8438797798273812
0.7666666666666667,0.8271288256632797
2.95,2.826520934972409
2.816666666666667,2.8378213693267273
3.816666666666667,3.8326714300732005
2.8666666666666667,2.836615409494553
0.8833333333333333,0.8354140565060798
2.6666666666666665,2.8297380654001847
3.933333333333333,3.831907150217773
2.9166666666666665,2.8327582290215703
1.8833333333333333,1.8251505420736762
1.9333333333333333,1.8230107736632248
0.7666666666666667,0.8380506992573207
3.8833333333333333,3.8379829211286274
3.783333333333333,3.826894680844717
3.783333333333333,3.825710919964619
0.7,0.8284791885345895
3.0,2.8314893786635564
1.7,1.8486063755707516
2.783333333333333,2.8373964206947972
0.9,0.8255204490430974
2.7,2.83797570970608
2.683333333333333,2.830331698032947
3.933333333333333,3.8381110904313998
3.9833333333333334,3.8350138638616045
2.85,2.8343584628291745
2.9833333333333334,2.831717958595758
1.8333333333333333,1.832626323483587
1.6833333333333333,1.8268063355706698
1.9333333333333333,1.8153172240831237
3.9,3.8301815395332848
3.75,3.8322707538106107
2.816666666666667,2.8547863198132943
2.683333333333333,2.847619579194637
3.9166666666666665,3.830924097166259
0.7166666666666667,0.8355290301190067
2.683333333333333,2.843981871383704
0.8166666666666667,0.8350503142051415
0.9666666666666667,0.8236822064253572
3.8666666666666667,3.8366321106385617
1.9666666666666666,1.8258440220337357
1.8666666666666667,1.8426049737676897
3.85,3.8370811679074923
1.6666666666666667,1.8313174988908734
3.8,3.8178706565913108
0.9,0.8299893941415171
3.0,2.839073357094204
2.816666666666667,2.8336808372617037
3.716666666666667,3.826429175455758
3.0,2.8425930890711326
1.85,1.8279914760674782
0.85,0.8308800684730988
3.8833333333333333,3.828867114092427
3.933333333333333,3.845380528010645
3.783333333333333,3.8385493364853325
3.683333333333333,3.8358434889480915
1.85,1.8411108593244843
3.716666666666667,3.835483307108514
3.8666666666666667,3.8357359078039726
2.8833333333333333,2.83459025339171
0.9833333333333333,0.8377528639475446
3.6666666666666665,3.8301311922785293
3.683333333333333,3.827870569288552
2.85,2.830997555486286
3.85,3.834538701153652
2.7333333333333334,2.8339607175673813
0.6666666666666666,0.8299893941415171
3.933333333333333,3.8261983539737883
2.9,2.8287734920661847
3.7333333333333334,3.8351695983440313
3.783333333333333,3.8223671729738116
3.0,2.83280011219981
3.95,3.845297204679855
0.85,0.8363849728442423
2.8333333333333335,2.8361308775315974
2.9,2.828121417596433
2.0,1.8307399008176701
2.816666666666667,2.8230433415323324
0.8666666666666667,0.8432137876717585
0.7,0.8288385884706685
0.7,0.8303935679963138
2.6666666666666665,2.8555041730302686
3.966666666666667,3.8255250449467177
2.783333333333333,2.835942569671486
2.95,2.848677068357736
0.8166666666666667,0.8307885299315779
3.8666666666666667,3.838994391094799
1.8666666666666667,1.8348834692730307
1.7,1.8405753301970418
2.933333333333333,2.8432404919197274
0.9333333333333333,0.8282784261982846
2.0,1.8377885087650623
3.7,3.829652531248515
0.95,0.82703406477912
1.9833333333333334,1.8350999162787207
0.8166666666666667,0.8209662710087237
0.9666666666666667,0.813806806859393
2.75,2.823546339149589
2.9833333333333334,2.831073964559059
0.8,0.8353477279049318
0.8666666666666667,0.8554479810925666
2.8833333333333333,2.8252043550270884
2.7,2.8306266394365593
0.8833333333333333,0.8316151417058445
0.8166666666666667,0.8098677742685315
0.9833333333333333,0.8210933047136932
1.7333333333333334,1.8239056114407912
2.8,2.8330373232696724
0.7333333333333333,0.8335660826616929
1.8666666666666667,1.8368209004707845
3.933333333333333,3.8317448309899578
2.0,1.834592312403305
0.8833333333333333,0.8394686642583555
2.6666666666666665,2.8415543630391973
0.8666666666666667,0.8311049734447913
3.85,3.842829564406977
0.7666666666666667,0.833249373935326
2.9833333333333334,2.831575263618575
2.8666666666666667,2.8404780063474107
0.7666666666666667,0.8262243449843196
0.8166666666666667,0.8354574572805147
1.0,0.8342909402542554
0.8833333333333333,0.8361001757964688
3.95,3.8291976804278405
2.7666666666666666,2.8354506476168098
2.683333333333333,2.8410692524942407
3.8,3.8254990204901067
1.9833333333333334,1.8309998361610702
1.75,1.832766048996075
1.7166666666666666,1.8396848479784855
2.9833333333333334,2.8361512858132785
2.7,2.8302982042974842
3.9,3.8370601802909317
2.95,2.841217017596441
3.75,3.8347972573806395
1.8833333333333333,1.8266249026347863
3.783333333333333,3.8274919328450734
3.8,3.8380673673796197
3.7666666666666666,3.838233049407135
1.9166666666666667,1.8269734878835977
0.9833333333333333,0.8415945177542353
0.8833333333333333,0.8170486822929273
0.8333333333333334,0.8277540316406834
2.6666666666666665,2.821590060250805
3.7666666666666666,3.829441787584039
1.7833333333333334,1.8340276859216018
0.8,0.8518235105497152
2.9166666666666665,2.829618970393668
1.8833333333333333,1.8389154975352324
3.8333333333333335,3.8281351198711686
0.8,0.8362531562658324
1.9333333333333333,1.8383565629263579
1.85,1.8443541184959407
3.9,3.819993958577345
0.7,0.8204672197857736
2.8,2.8331861005465964
0.9666666666666667,0.8292938781344652
3.933333333333333,3.84147687271136
3.75,3.8455900589588454
1.9166666666666667,1.8276949969566985
2.7333333333333334,2.8291283431932466
3.0,2.836935395733034
3.7666666666666666,3.8458714637999805
2.683333333333333,2.8366520701785736
3.8,3.8267038222537018
2.95,2.8224333505550954
2.7,2.8244625195485975
2.7,2.843566230426072
0.9,0.833093900062335
2.6666666666666665,2.8362059301465887
2.816666666666667,2.837389412620816
3.7666666666666666,3.8309769535720966
0.8,0.8412795299727326
3.8833333333333333,3.849898573548322
2.8666666666666667,2.8305884138470576
0.85,0.8297614521673721
0.85,0.8275687613500886
2.9166666666666665,2.8378116549671417
0.9,0.8352742036445311
3.966666666666667,3.836187594234273
2.966666666666667,2.829824617825155
3.6666666666666665,3.83250180633236
3.9166666666666665,3.8327248613090394
0.9666666666666667,0.83923022227373
3.9166666666666665,3.8304666976194746
1.9333333333333333,1.8166222892030013
0.9333333333333333,0.827117684681966
0.7833333333333333,0.8293055079245778
2.933333333333333,2.834017077183439
2.8,2.838481523888588
3.9833333333333334,3.826417200146257
3.8,3.8332588239882677
1.9166666666666667,1.8064765919855192
2.933333333333333,2.815237179293254
0.7166666666666667,0.835628376731752
2.816666666666667,2.846946094145928
2.8833333333333333,2.832020338270176
0.9333333333333333,0.8223413329708226
1.8666666666666667,1.8132973001721189
3.816666666666667,3.826297196906554
2.9833333333333334,2.82805936666554
3.683333333333333,3.8340679166495772
0.6833333333333333,0.8309699417948799
1.95,1.8419279488845652
0.7333333333333333,0.8387542147719137
3.683333333333333,3.8327917491465002
2.8666666666666667,2.8392946780762345
0.7166666666666667,0.824306427537403
1.6833333333333333,1.8329946577996348
1.8666666666666667,1.832052850428848
3.0,2.8392718358638174
3.8833333333333333,3.83388824108639
3.8666666666666667,3.828293589699559
3.966666666666667,3.836821719464333
0.9,0.8404678150878486
0.75,0.8422516416382048
2.7,2.843563529026838
3.95,3.8277204463230614
0.8333333333333334,0.8437870813263926
2.9833333333333334,2.830271211655218
0.9,0.8459794068035069
0.8166666666666667,0.8404740026952582
2.9,2.8152212613038143
3.9,3.8446850894952074
3.95,3.840511650379604
1.7,1.8363429993197582
0.8833333333333333,0.8416665873615581
2.75,2.838031699762472
0.6666666666666666,0.826298322641908
1.8166666666666667,1.8211835878789924
1.6833333333333333,1.8353224469320473
2.8833333333333333,2.8354506476168098
3.9833333333333334,3.827929221631859
0.6833333333333333,0.8295870288370898
3.7333333333333334,3.826042661081202
2.7333333333333334,2.8435299016360087
0.7333333333333333,0.8317229840231688
2.933333333333333,2.831969805687423
0.8166666666666667,0.8313333433839525
3.816666666666667,3.8369358603451196
3.783333333333333,3.83252807375161
3.683333333333333,3.8240213771244584
0.95,0.8422095060486936
1.9333333333333333,1.8437634364569622
0.7833333333333333,0.8181410160137575
1.8333333333333333,1.852456317532555
2.95,2.8182925986242453
3.683333333333333,3.836995091934098
2.75,2.8272030090399274
2.8666666666666667,2.8331785924752184
0.9166666666666666,0.8310351539941325
2.9,2.8408037088434632
3.8833333333333333,3.832693714920455
0.8166666666666667,0.8484519699584168
0.9,0.8326982737091388
2.8666666666666667,2.8368355842817423
2.6666666666666665,2.82422162179539
3.0,2.8247112078059797
3.95,3.8321955116765336
0.7,0.8220313301971233
1.75,1.8267711172663075
3.8333333333333335,3.8324353606834443
3.683333333333333,3.8253823288243956
3.966666666666667,3.830099733196708
2.683333333333333,2.8312528502512957
3.8666666666666667,3.8281466283177554
0.7833333333333333,0.8345194096846237
3.9,3.8196833554294325
1.9166666666666667,1.8242533162203056
3.8333333333333335,3.8257512715169146
3.7333333333333334,3.828728092797166
1.7166666666666666,1.835108210581893
3.783333333333333,3.8459951043684915
0.7166666666666667,0.8330910073314621
0.95,0.814835924001991
1.85,1.8296551637546645
2.816666666666667,2.8338079692936553
1.7666666666666666,1.8215938183556297
0.7666666666666667,0.8308928176146277
1.9166666666666667,1.8313796673822345
2.966666666666667,2.8363430272234074
3.6666666666666665,3.8289050686395854
3.816666666666667,3.824427987899246
3.7666666666666666,3.8230535088256987
0.8,0.8314236924816939
2.9833333333333334,2.83299296347695
3.716666666666667,3.8259183204044684
3.966666666666667,3.8276042635079586
1.8166666666666667,1.834657535136408
0.8,0.8430332386758124
3.783333333333333,3.8291020717580357
1.8833333333333333,1.8391390451644092
2.9166666666666665,2.834809213008263
1.9333333333333333,1.830837065638083
1.7666666666666666,1.8252733095615536
2.8333333333333335,2.834676717775125
2.95,2.8393303565553487
2.783333333333333,2.829605226773591
3.9166666666666665,3.8414393630418253
0.7666666666666667,0.8284924966123658
1.8833333333333333,1.8358276133644222
2.683333333333333,2.850348444746183
0.7833333333333333,0.8343873167003497
2.85,2.8329805455445536
1.8166666666666667,1.8298287077171247
3.95,3.8296174081511367
3.8,3.841168437672626
1.7333333333333334,1.82702245124475
1.7166666666666666,1.823915809848926
1.8166666666666667,1.8339698334807155
2.9,2.8404651772862457
0.8833333333333333,0.8255644397883403
2.933333333333333,2.8442529850130107
1.6833333333333333,1.8320774259589772
0.95,0.8303987295906122
0.8333333333333334,0.8273200588697587
2.933333333333333,2.8218317399584105
1.7666666666666666,1.827675706014445
2.7666666666666666,2.841136324707946
2.933333333333333,2.840995281273065
3.933333333333333,3.813923192146973
0.8166666666666667,0.8383984670315372
3.75,3.8291884962573177
1.9666666666666666,1.8192614465747488
0.75,0.842996513474763
0.8833333333333333,0.8393108498018929
4.0,3.8336398277298773
0.6666666666666666,0.8226131879392753
2.7333333333333334,2.837180082274942
0.8166666666666667,0.834737027778718
2.683333333333333,2.8156672550488393
0.7166666666666667,0.8314174774634344
0.9833333333333333,0.8249520367518813
0.9,0.8419388589913324
3.683333333333333,3.8291976804278405
3.7,3.839424359874712
3.7,3.8357349634092146
0.8666666666666667,0.8463590588664985
0.9666666666666667,0.8483902998653182
3.9,3.830785635599733
2.783333333333333,2.8145447800807095
3.816666666666667,3.8294248287990884
0.8833333333333333,0.8384869438740233
0.8833333333333333,0.8246112521427835
3.966666666666667,3.8340484539481605
0.7166666666666667,0.8322574454737228
2.8333333333333335,2.8375101046504176
2.7333333333333334,2.829119530660344
2.716666666666667,2.833077041024737
3.85,3.81436775748519
3.7666666666666666,3.846130482956342
0.9666666666666667,0.8231999395648413
3.85,3.831908302663306
0.8666666666666667,0.8412795299727326
0.8666666666666667,0.8266828850968614
4.0,3.8353815892198533
1.75,1.832209803935014
2.716666666666667,2.845598658160027
2.6666666666666665,2.841936397914526
3.7666666666666666,3.8342943471673436
3.8666666666666667,3.838233049407135
0.9166666666666666,0.8337705556173701
2.9,2.8455112849258506
0.8,0.8285099025686397
3.95,3.8455900589588454
0.6833333333333333,0.8241816484430541
0.7833333333333333,0.839551996935513
0.9833333333333333,0.8218726517692339
1.8333333333333333,1.8303015038680308
1.8333333333333333,1.8422252955505392
3.7333333333333334,3.837536453799647
1.7833333333333334,1.8383174405684246
1.7833333333333334,1.80697456786292
2.7666666666666666,2.8323598302167508
4.0,3.832494754457778
1.7333333333333334,1.82450463550189
0.9333333333333333,0.8332538569033341
1.9833333333333334,1.8317193675012973
1.0,0.8333807647587657
2.85,2.8383541543387354
2.816666666666667,2.834918222034935
1.8166666666666667,1.829125629196479
0.7333333333333333,0.830867644452752
3.8666666666666667,3.832541612473678
0.9,0.8211270301275571
1.0,0.8349653644017454
1.7166666666666666,1.8323195109620076
0.75,0.8322241556255114
3.8666666666666667,3.839064645422297
1.7,1.8428196411027125
1.9333333333333333,1.826370747481024
0.95,0.8355221530145057
2.816666666666667,2.8349978215414753
1.9333333333333333,1.8339680250210069
2.7,2.842016352290056
3.0,2.8370665470635377
3.7333333333333334,3.838994391094799
3.8,3.837412970411855
4.0,3.828211195237307
0.9333333333333333,0.8239469227299344
0.8833333333333333,0.8274615620554333
0.8333333333333334,0.8271010270239987
3.933333333333333,3.831890125081206
1.8166666666666667,1.836331843563055
1.9833333333333334,1.821280275418904
1.6833333333333333,1.8264722283913941
0.75,0.8226509002155292
3.95,3.822969390914112
0.8166666666666667,0.8356783353823403
1.6666666666666667,1.847624459095328
3.7333333333333334,3.830192137184693
3.95,3.825045876918748
1.6833333333333333,1.8257018733688224
2.8666666666666667,2.833247333279946
2.9,2.822348458723491
0.8833333333333333,0.8291559729221595
0.6666666666666666,0.8356783353823403
1.9166666666666667,1.830395962145905
0.8,0.8342292974621414
3.9833333333333334,3.8286584398602987
1.75,1.8312043309556552
3.7666666666666666,3.8362118513364525
2.9166666666666665,2.83273092964155
3.8,3.8281006576814742
3.9833333333333334,3.828711579630364
2.95,2.828546572158895
3.7333333333333334,3.822887013715404
1.85,1.8412089940348995
2.8333333333333335,2.8418741272874253
0.9666666666666667,0.8302454912614465
3.783333333333333,3.815038859042937
0.8,0.8220553893316875
2.683333333333333,2.841583924677423
1.6833333333333333,1.8312584754227528
3.816666666666667,3.836183828194146
3.85,3.841299845929176
2.95,2.841445177907937
1.7833333333333334,1.8354602167863459
0.8333333333333334,0.8234773263161442
2.8833333333333333,2.8464839498015975
1.6833333333333333,1.8299575846402327
3.7333333333333334,3.8313016529964647
2.6666666666666665,2.8381920477654097
3.6666666666666665,3.8292351105095124
0.9333333333333333,0.8310379379888637
1.75,1.839069534846919
3.75,3.826851697762687
2.9166666666666665,2.834812306994916
2.6666666666666665,2.838296789516958
2.6666666666666665,2.8321377961854877
2.783333333333333,2.838020486149645
1.8,1.8200778435286642
0.9666666666666667,0.8273686508643756
2.966666666666667,2.835095808634603
2.933333333333333,2.832656319627552
1.8666666666666667,1.8518670826128738
1.7333333333333334,1.8372129868374365
2.0,1.833592283144808
0.9666666666666667,0.821563895327305
2.75,2.832922926273997
1.9166666666666667,1.821411659089527
0.7166666666666667,0.8288196314881521
0.8333333333333334,0.8334069241320577
0.7,0.8314654396912377
0.6666666666666666,0.8372147979389755
3.95,3.828201883777845
0.7333333333333333,0.8477469555854461
3.75,3.8189233963004847
0.95,0.8417073102968247
3.0,2.846877519533884
1.7166666666666666,1.8314458559493596
0.8166666666666667,0.8295058099217019
1.8333333333333333,1.8305437504053301
0.6833333333333333,0.84101019315351
0.95,0.8237956945431997
3.95,3.830406337363868
2.85,2.833371528580607
0.8666666666666667,0.8443822788868696
0.85,0.8424149260546673
2.95,2.835145341105492
1.9333333333333333,1.8371121342557317
0.8333333333333334,0.8335150189214521
2.716666666666667,2.828521681856549
0.9166666666666666,0.8333873982247346
3.75,3.829766190752254
3.7333333333333334,3.828957112620019
1.7,1.8315114544470932
3.9,3.84421902017295
2.75,2.843362597874084
1.9833333333333334,1.8139595104449728
1.75,1.8348098055342172
3.9833333333333334,3.823905630537114
3.0,2.8309853753268275
0.85,0.8348800194812847
3.6666666666666665,3.828198595102511
4.0,3.826560201367353
2.85,2.8365539593178553
1.6666666666666667,1.8358780698896604
3.7666666666666666,3.8307757140502825
1.95,1.8123572860308903
0.9166666666666666,0.8335357547456003
0.9166666666666666,0.8383025733856282
2.7666666666666666,2.841410647541585
1.8,1.8353280754193149
2.9,2.8286103797180147
1.6833333333333333,1.8516793544833314
0.8,0.8350119698540063
3.8333333333333335,3.8406044762994593
3.716666666666667,3.8356560166562463
0.8333333333333334,0.8314438881440064
1.7666666666666666,1.8198591703338796
2.8333333333333335,2.843295089648331
2.8833333333333333,2.8407071491769678
2.966666666666667,2.8552560067226165
1.8,1.8329471634481715
1.75,1.8445636487371553
1.0,0.8422163955028376
1.7833333333333334,1.8369331613935005
2.933333333333333,2.839835469410123
0.7166666666666667,0.827869799854093
1.9166666666666667,1.8275872004614901
1.7666666666666666,1.8387492113936235
1.8166666666666667,1.825341173884138
1.9,1.8271860896105414
3.75,3.8231658966810302
1.95,1.8409880324262613
3.8,3.8360819489657154
0.7,0.8374650079320947
0.9833333333333333,0.8253496432598948
3.9,3.8250612387622756
3.816666666666667,3.825370836556122
0.7,0.8376382243543429
2.783333333333333,2.8370860808652516
3.683333333333333,3.82783379494592
3.8,3.847186898997815
2.85,2.835862063548041
2.75,2.830335186608321
0.9166666666666666,0.8316688568584104
0.9166666666666666,0.8275390676820727
3.8833333333333333,3.8336418413352367
3.683333333333333,3.8349804739915587
0.9333333333333333,0.8383051601221382
0.95,0.8354091950958026
1.7666666666666666,1.8333114387604792
3.75,3.858520214931713
0.75,0.843963147907779
2.9,2.832460861051705
2.8833333333333333,2.825680695635758
3.6666666666666665,3.846868342368875
3.716666666666667,3.8482887766116356
3.716666666666667,3.8332259063244836
2.7333333333333334,2.8290649851281238
3.8333333333333335,3.8368648591554977
0.95,0.8347286665413306
3.783333333333333,3.8243799567339583
3.85,3.8361111331263475
1.6666666666666667,1.8245927889667095
0.8166666666666667,0.837154022616119
2.8833333333333333,2.836502970370922
3.8,3.834902705330099
3.966666666666667,3.8304045275782834
2.0,1.838092724757305
0.8166666666666667,0.8362795920101374
3.8333333333333335,3.835431447266663
2.6666666666666665,2.8351588764916245
0.9333333333333333,0.8311099126202346
2.933333333333333,2.8397916427895047
1.95,1.815959007328552
2.95,2.8555041730302686
2.85,2.8280594990853505
1.8333333333333333,1.8194927125001563
1.6833333333333333,1.8343568485320196
1.7,1.8571556801292766
2.816666666666667,2.833957847410236
3.8833333333333333,3.83084916048936
2.683333333333333,2.8409359414171744
0.8,0.8381704715719484
2.7333333333333334,2.832130769234001
1.8833333333333333,1.8298508953640735
1.7333333333333334,1.831094727322478
3.8,3.8353818332603633
0.9333333333333333,0.832186509180986
3.783333333333333,3.816083418531039
3.85,3.8360182346769034
3.933333333333333,3.8229792651390695
1.7333333333333334,1.836283240968136
2.7333333333333334,2.840358630384729
0.9666666666666667,0.814308487875748
3.85,3.8288536719083255
0.9333333333333333,0.8361552167737112
3.9,3.8131054120924
1.75,1.8371229973530248
2.683333333333333,2.840341901844164
3.6666666666666665,3.8275577464259136
3.8833333333333333,3.8310896189444703
2.816666666666667,2.8284117603789474
1.95,1.8414762988719127
0.6833333333333333,0.8444450585906664
2.0,1.8220795663589255
2.0,1.841934221314118
3.8,3.8401418603334774
1.8666666666666667,1.825465469901775
3.8,3.8402175746756204
2.7333333333333334,2.8325293482367666
2.9,2.8306142175490625
1.85,1.8445889266971418
3.85,3.828651157699453
0.9,0.8330444554053422
0.9666666666666667,0.8335784747103022
2.9833333333333334,2.829512073163919
0.6666666666666666,0.8328397681162025
1.7333333333333334,1.8403808028100561
3.9833333333333334,3.828793969836977
3.783333333333333,3.8198715682123594
2.9166666666666665,2.8406211396506125
2.716666666666667,2.8350882253412397
0.8166666666666667,0.8335514548508488
1.7666666666666666,1.8274554408443668
1.9333333333333333,1.819345128384904
3.75,3.832577908680222
0.9333333333333333,0.8336039905410759
4.0,3.8388334723704567
0.7166666666666667,0.8546775093573115
2.966666666666667,2.845129426207216
0.7166666666666667,0.8391426113938381
1.0,0.8247856916139752
2.8666666666666667,2.83323119489834
1.85,1.8319473122332304
3.683333333333333,3.8375228214523434
3.7,3.821595070082468
2.9833333333333334,2.8382714828310553
1.7,1.836710977304458
1.6666666666666667,1.8169359551853284
1.6666666666666667,1.8314940774462272
1.8,1.8258325800407436
2.85,2.843032056187119
1.9333333333333333,1.8611192100987841
0.9333333333333333,0.8431232184714849
2.8833333333333333,2.832939278662315
2.8666666666666667,2.826689815731578
3.9,3.834101523825997
2.8833333333333333,2.835072213418407
0.7166666666666667,0.8250633877002875
3.85,3.829774726575829
0.7833333333333333,0.8219501385421003
1.9833333333333334,1.8291456556065475
0.9,0.8108183809609012
1.95,1.8254393827366997
2.716666666666667,2.8353413462009254
3.9833333333333334,3.8514418692637173
3.9833333333333334,3.834208590417483
2.933333333333333,2.8475962750181463
0.8666666666666667,0.8269020839501028
1.9666666666666666,1.8350711777784363
1.8166666666666667,1.8313263510914073
3.85,3.8393876852165274
0.9833333333333333,0.8362231942927604
3.7333333333333334,3.8390938358670237
0.75,0.8225902383645969
2.8833333333333333,2.8373812062175743
3.9166666666666665,3.833982144956101
1.75,1.8253917832237465
1.9166666666666667,1.8471397709979889
3.933333333333333,3.8383350014461683
1.0,0.8489765038587608
2.0,1.8476406711378803
0.9,0.8360207598833429
3.683333333333333,3.8529600308988297
0.95,0.8298873179793849
0.7166666666666667,0.8336951501786395
2.683333333333333,2.831521488136803
1.8333333333333333,1.8341331948010515
1.95,1.8310266005392126
0.95,0.8204603346276759
0.8,0.8240380941955522
2.0,1.8351514018684378
3.75,3.834285203014453
0.8666666666666667,0.8254603587813513
2.8833333333333333,2.8429335971876624
3.95,3.815038859042937
1.6666666666666667,1.830434802711533
2.7,2.839639281493063
0.9666666666666667,0.8361916260222418
0.85,0.8404341122818473
0.9166666666666666,0.8343089993570614
2.8833333333333333,2.8306325572269366
2.966666666666667,2.82116752249776
3.816666666666667,3.8465113631483776
2.933333333333333,2.833729525617159
3.783333333333333,3.8364589887111054
1.9,1.8349187971314904
0.9,0.8477001945947371
1.7166666666666666,1.8419191928919205
0.8166666666666667,0.8343092661970498
3.6666666666666665,3.8459737961251865
2.7,2.8244625195485975
3.716666666666667,3.835443806426918
0.95,0.8240097711821839
3.783333333333333,3.830951231068156
0.7833333333333333,0.8347317518353279
2.95,2.8352398695997714
3.0,2.8367019672942786
3.75,3.8264539776911164
2.7666666666666666,2.836700071808132
3.8,3.8374042115461204
1.7333333333333334,1.8267681292857612
2.966666666666667,2.8344882256764055
3.716666666666667,3.838233049407135
0.8833333333333333,0.8174171584322134
1.6833333333333333,1.8380158934552935
1.85,1.8440829524306084
2.0,1.8172671895174801
2.8833333333333333,2.825288562118201
3.816666666666667,3.834961401414008
2.75,2.8221147619953637
0.7333333333333333,0.8238789365131648
1.7,1.8248804115325514
3.816666666666667,3.8358094213076637
3.8833333333333333,3.8370147450507295
0.8,0.8456381269154966
2.6666666666666665,2.837440120748862
2.7,2.825745101663946
0.9166666666666666,0.8275539687976874
1.9166666666666667,1.828605079898592
3.8833333333333333,3.8293081136958182
1.8166666666666667,1.8397852749196781
3.966666666666667,3.821869757198208
2.7666666666666666,2.8139190581355638
1.8,1.840981768070032
1.7,1.8374405789069066
2.8833333333333333,2.8354640827844615
0.8666666666666667,0.8307990117156216
1.9666666666666666,1.8351814689946016
0.8333333333333334,0.8278714291725007
0.8,0.8322806906574278
3.8333333333333335,3.8316842112319875
0.9166666666666666,0.8243567747760161
2.9,2.829184418043907
2.8333333333333335,2.845510604208481
0.8833333333333333,0.836705666468421
1.8333333333333333,1.8258440220337357
0.6666666666666666,0.8500099938278194
4.0,3.8321709178921783
3.95,3.8375228214523434
3.966666666666667,3.8401643914035244
1.6666666666666667,1.835927725808891
1.9,1.837134041369728
1.75,1.8643005910886834
4.0,3.8392310379967314
2.783333333333333,2.8378669677304935
3.9833333333333334,3.82457294929613
2.933333333333333,2.8334322946037322
0.8666666666666667,0.8311064708073654
2.6666666666666665,2.836172884863862
3.8333333333333335,3.8274919328450734
4.0,3.83807802674627
2.966666666666667,2.8356362761223437
3.7,3.8336630863698042
2.7333333333333334,2.8387462606973712
2.816666666666667,2.824351989580797
3.7666666666666666,3.8309600513460462
4.0,3.8501434746263627
1.7166666666666666,1.8151557599711545
1.7,1.8399671020160389
3.95,3.828750001380042
1.9666666666666666,1.819533563182156
2.783333333333333,2.820808669209181
1.9666666666666666,1.833034190661207
3.9166666666666665,3.842821111763298
1.9,1.842143012716501
0.9833333333333333,0.8441143148671858
0.9,0.8378576050091924
2.0,1.8480711149317148
1.0,0.8429515443575296
3.816666666666667,3.825876597053411
3.0,2.831875507985763
1.7166666666666666,1.8380187936691106
3.816666666666667,3.826503428055006
3.716666666666667,3.8318410970354853
2.85,2.836463977787696
1.9,1.8413760039564955
3.9833333333333334,3.8241998910129182
2.8333333333333335,2.8309843832960446
3.933333333333333,3.8267673458217
3.8333333333333335,3.828502699558862
1.9166666666666667,1.8245083072406851
0.85,0.823258019491814
2.783333333333333,2.8317025704757306
1.9166666666666667,1.8222326910600801
3.8833333333333333,3.832864513746448
0.8666666666666667,0.8222265650223055
1.9666666666666666,1.8243542964856148
1.8333333333333333,1.8406856558621172
0.7666666666666667,0.8326328862612167
2.683333333333333,2.824206272336019
3.716666666666667,3.825972893553522
1.0,0.8321795164491231
2.7333333333333334,2.8463970206180056
1.9666666666666666,1.8258800117311236
2.6666666666666665,2.8353068896534275
0.8166666666666667,0.8360526237654401
0.9,0.8349359174837383
0.7,0.824132319944747
2.7333333333333334,2.831622938335316
0.95,0.8392558663741936
2.8833333333333333,2.834698344822958
0.9166666666666666,0.8335513489295246
3.6666666666666665,3.8365991162234576
2.8333333333333335,2.825903293900837
0.9833333333333333,0.8303504519179369
2.8333333333333335,2.8314807083486437
3.75,3.830874142270021
1.9333333333333333,1.8294037692392215
1.7833333333333334,1.8434665971452764
1.8666666666666667,1.8450157748498868
2.6666666666666665,2.8301257100082347
2.7666666666666666,2.8360462743665154
3.783333333333333,3.826445512725933
1.6666666666666667,1.8323159684411212
2.8333333333333335,2.8372175342558608
1.7833333333333334,1.8435807745326704
3.716666666666667,3.827816334098863
0.8833333333333333,0.8315710456358686
3.966666666666667,3.837427375220731
0.8833333333333333,0.8305610630428646
0.95,0.8278528302757476
1.9666666666666666,1.8329367529773897
3.8833333333333333,3.8235709505926128
3.966666666666667,3.824705307012936
3.0,2.8314645913230057
3.9,3.8242209731453234
2.783333333333333,2.8354960084986836
2.816666666666667,2.82885191367488
3.95,3.8216037298771592
3.85,3.828804180016227
0.95,0.8409351896299363
3.783333333333333,3.824266190206198
3.7666666666666666,3.838060666761992
0.85,0.8307478168641275
3.0,2.8336420959214546
2.75,2.8362415452932055
2.7,2.833957847410236
2.783333333333333,2.8316239298847483
0.7833333333333333,0.8197638129024147
3.683333333333333,3.824874980704394
2.0,1.841117481113981
1.0,0.826086543700792
0.9833333333333333,0.8313679937457582
3.9,3.8342531238732795
0.75,0.8342269129375944
0.8333333333333334,0.8384482201368959
2.9166666666666665,2.837541679116339
0.7166666666666667,0.8320414680426547
3.8666666666666667,3.8332573063243376
3.75,3.840448655540626
0.75,0.8423301207561316
2.966666666666667,2.8353925846000823
0.8166666666666667,0.8295518185924449
1.7166666666666666,1.826581778160839
1.85,1.819460930719054
0.95,0.8400156207707365
3.8833333333333333,3.847603169242009
1.85,1.834107302082343
0.7666666666666667,0.8270818074828058
4.0,3.8379968571616128
0.9333333333333333,0.8273382138911818
0.7333333333333333,0.8338431100127965
0.8833333333333333,0.8397886695686221
3.9833333333333334,3.841020028725991
1.8666666666666667,1.833248481301906
2.9833333333333334,2.8371614572997856
0.6833333333333333,0.8348145100498765
1.9833333333333334,1.8427325745168772
0.75,0.8282396331921332
1.8,1.83107757246942
1.8666666666666667,1.8286136490054108
3.95,3.8319848281081637
2.966666666666667,2.8428434636953988
2.966666666666667,2.834201047574226
1.8333333333333333,1.8192190269117563
3.933333333333333,3.8390196378375463
0.7,0.8375420888075833
1.9,1.8355420145640295
0.6666666666666666,0.8422747461050919
1.9666666666666666,1.8334490321839712
2.7,2.835294164376427
3.966666666666667,3.8446850894952074
3.75,3.8385541830061873
3.9166666666666665,3.827620782820881
1.8,1.831560542959516
3.7333333333333334,3.8352141315078465
2.0,1.8251955088910834
3.85,3.839798829503477
0.7666666666666667,0.8336519685908675
3.95,3.8357116605348494
1.7166666666666666,1.8425613727947792
1.8833333333333333,1.8300666272898964
3.6666666666666665,3.83302567694992
2.8333333333333335,2.8479402619344483
0.7833333333333333,0.8289449081303896
1.8666666666666667,1.8106595343179452
3.85,3.8305007130124062
3.683333333333333,3.8384133577391153
3.95,3.8430422371530057
3.933333333333333,3.8410576462247654
3.8333333333333335,3.8305358711787623
2.6666666666666665,2.833896976991686
3.8666666666666667,3.8320243340907707
3.95,3.834402410905659
1.7,1.8472082756695933
1.9166666666666667,1.8170763830123853
3.716666666666667,3.826489701203942
1.0,0.8229983013353295
0.9,0.8319597531731016
3.933333333333333,3.8336569882911444
3.933333333333333,3.8253647792555996
1.9833333333333334,1.8318852007833017
2.7,2.8367876511607055
1.9,1.8315046180723553
1.9833333333333334,1.850920300712804
3.8,3.825184664341346
0.9,0.8199686653058634
2.8666666666666667,2.8340897458538974
1.8166666666666667,1.8350768598808218
1.7666666666666666,1.8363753014219681
3.6666666666666665,3.8304996238853644
1.8,1.8327048748851364
1.6666666666666667,1.827464758779637
3.716666666666667,3.836685307502188
1.9333333333333333,1.8335778259294324
2.816666666666667,2.831454025129766
2.9,2.8433478868860322
1.8833333333333333,1.8413502390785346
3.8,3.8384336130560595
3.7,3.830146630646061
3.85,3.850112011083833
1.6833333333333333,1.8295991365748951
0.85,0.8265119292531096
3.8333333333333335,3.8378890476064735
2.816666666666667,2.83752044412776
3.85,3.8296291679313623
0.8,0.8390437381522999
1.6666666666666667,1.8204819374064336
0.7333333333333333,0.830103810493198
0.8,0.8350081707166414
1.6833333333333333,1.8307053355586165
3.7333333333333334,3.829120005265427
0.7666666666666667,0.834174841154586
1.9333333333333333,1.8429568822114137
0.9666666666666667,0.8374924172664353
2.95,2.8333252571616345
3.8833333333333333,3.8255794257452
0.9666666666666667,0.8419885225046919
2.7,2.8368466625492768
1.95,1.825734239135951
3.95,3.840613821554251
1.75,1.8202455414025567
3.85,3.82918846617918
2.966666666666667,2.823520900413161
2.9833333333333334,2.822731281772022
0.6666666666666666,0.8392766297519835
1.8166666666666667,1.837708994317459
3.8833333333333333,3.8375206136752293
2.716666666666667,2.851404570271739
0.9,0.8356829016237206
0.8166666666666667,0.8358669234971455
0.9333333333333333,0.8307927747326731
2.0,1.8339492283235796
1.0,0.823964358025487
3.816666666666667,3.827441305495841
1.6833333333333333,1.8308175498426345
0.9,0.8258592315206861
0.6666666666666666,0.8333481575051048
1.7166666666666666,1.822689645697902
0.7166666666666667,0.8408842413457285
0.9166666666666666,0.8298417957946356
3.7666666666666666,3.8305511670892725
2.6666666666666665,2.8386917296500176
0.6833333333333333,0.8297192044977578
1.75,1.816862550182279
2.0,1.8193673418900638
1.7333333333333334,1.8403314680808736
2.683333333333333,2.8325759897252385
0.7166666666666667,0.8357159910111329
2.85,2.826883382998476
3.6666666666666665,3.826690624055479
2.8833333333333333,2.853399564024839
1.7833333333333334,1.827454913230949
3.8833333333333333,3.809175711675035
2.85,2.832130769234001
3.716666666666667,3.826936233259194
0.7833333333333333,0.8315675424756688
2.75,2.846922930058041
1.8833333333333333,1.8120107900977422
1.9333333333333333,1.8273226340530513
3.9833333333333334,3.829916343313254
0.85,0.8303397226680245
0.95,0.8255802784191165
2.7666666666666666,2.839238661984975
0.9166666666666666,0.8271315661820806
2.6666666666666665,2.8379033444539528
0.7166666666666667,0.840884560451778
1.0,0.8368243912622431
2.9166666666666665,2.836502970370922
2.816666666666667,2.8263571388802338
2.75,2.852650549789579
0.7,0.8390700125732528
0.85,0.8279372062010958
0.7333333333333333,0.833578182933368
3.9,3.8337631290955385
1.7666666666666666,1.8276268212870805
1.6833333333333333,1.8473069120528183
1.6666666666666667,1.8233753573194726
2.75,2.839105079689477
0.7833333333333333,0.8375569071042431
2.7,2.8359627655139614
4.0,3.840992573509906
3.9833333333333334,3.837244458170951
3.7666666666666666,3.8082642031307774
3.783333333333333,3.825909309015422
0.9333333333333333,0.832726811249655
1.9166666666666667,1.8302627998046004
3.0,2.8515078234176743
2.716666666666667,2.8300741063667205
0.75,0.8584285331069025
2.966666666666667,2.832996443224788
1.9,1.8409978509426637
3.8333333333333335,3.8463592770067767
0.85,0.8402746597284042
3.783333333333333,3.8329255841784238
1.8166666666666667,1.8372611756520902
3.8,3.8388890539967786
1.9833333333333334,1.8228571827327413
2.933333333333333,2.8394543460171366
0.7166666666666667,0.8328858483293149
2.8833333333333333,2.8311051897810686
2.966666666666667,2.8372695561380383
0.9166666666666666,0.838983607351554
2.8,2.83788547312904
0.85,0.8292780321860096
0.75,0.8198286907648071
2.683333333333333,2.8389226393021634
3.7666666666666666,3.8385762655264823
0.6833333333333333,0.829305276928194
2.8,2.8338997093297906
3.9,3.8415980001188728
2.683333333333333,2.839029571674716
3.75,3.8412030589628228
2.8666666666666667,2.83814935801467
2.7333333333333334,2.837139924132625
1.7166666666666666,1.8301583890789472
2.966666666666667,2.8267425862703828
1.95,1.8336539073278704
2.7333333333333334,2.843625844191631
1.6833333333333333,1.8151557599711545
3.7333333333333334,3.8369716934186466
1.7166666666666666,1.8265662512186507
1.8166666666666667,1.8354099833291806
3.95,3.835245706012431
2.8333333333333335,2.8414181117469663
3.95,3.839679608073831
1.8166666666666667,1.8264507893013668
1.7666666666666666,1.8400322890129472
3.95,3.8396404538634625
3.7333333333333334,3.809164332210149
1.7,1.8378983714282953
3.8833333333333333,3.834565014453264
0.8666666666666667,0.8377628271095305
2.0,1.8219754506217156
1.7166666666666666,1.8547014561854953
2.783333333333333,2.840443592028427
2.6666666666666665,2.835295450596153
1.8333333333333333,1.8330037945927244
2.816666666666667,2.833246693795983
2.95,2.837570387566044
0.85,0.8187712146186203
3.75,3.82825716871598
1.7,1.825200967914769
3.716666666666667,3.8548449824187854
2.6666666666666665,2.8501457469327085
0.9333333333333333,0.8393465737349791
3.966666666666667,3.841299845929176
0.8166666666666667,0.8228162445935142
3.816666666666667,3.8366122861330982
0.9666666666666667,0.8410246003265154
3.9,3.834902705330099
2.8666666666666667,2.831490495480348
2.8333333333333335,2.8367921960520452
2.8666666666666667,2.8506368130115716
3.7,3.8363926669900312
0.9833333333333333,0.8405431238023502
1.9666666666666666,1.8304697272197206
2.966666666666667,2.839626535336688
2.966666666666667,2.8292885735531694
2.933333333333333,2.8448909288226925
3.85,3.8321006367573527
2.8666666666666667,2.830892059600825
2.716666666666667,2.835295450596153
2.75,2.849943976765872
3.783333333333333,3.833405371099197
1.8,1.8300162255507266
0.75,0.8370691351252262
0.8,0.8254149281549051
1.8333333333333333,1.8253057136949062
2.8333333333333335,2.8343653221589955
0.9,0.8238993120733307
3.95,3.834303651025036
0.7,0.8302092864356706
2.6666666666666665,2.8286905958081348
1.95,1.8419572107244269
1.9666666666666666,1.8350368381775075
3.716666666666667,3.8274253444769717
3.9,3.839335697345313
2.8833333333333333,2.8399589695483884
1.8,1.8427642774216755
1.85,1.8264222394207241
1.8666666666666667,1.837596286140838
0.8833333333333333,0.8276979564222213
1.8666666666666667,1.8272921058978784
1.75,1.8295113533018224
2.933333333333333,2.848354616933311
2.6666666666666665,2.8208361743698744
1.9666666666666666,1.838669115847168
2.6666666666666665,2.828804820947738
2.9,2.842418870987418
3.816666666666667,3.833033214711122
0.9333333333333333,0.8429515443575296
1.7,1.8328213455674671
0.75,0.8183392131825967
1.7166666666666666,1.8346168628495467
0.7,0.8335932590564912
0.6833333333333333,0.8305395853089742
3.7,3.8302005443700113
0.75,0.839556848323792
1.9166666666666667,1.8115987640695999
3.7,3.831671167041067
2.9166666666666665,2.828684160010121
3.7,3.8316779651738306
2.0,1.8324265033162366
0.7833333333333333,0.8218744115168305
2.9166666666666665,2.8201169691590646
0.8166666666666667,0.8477602904175207
2.6666666666666665,2.8324726874846315
0.85,0.8433137325715943
1.7833333333333334,1.8358780698896604
2.7,2.8325758483908423
0.85,0.8142049932842044
0.7333333333333333,0.8149990554395492
0.7666666666666667,0.8394428321380648
1.6833333333333333,1.8336571312718317
3.7333333333333334,3.8366545830699774
2.783333333333333,2.8315365498866005
0.9666666666666667,0.841337896176053
1.7,1.824193192546868
1.6666666666666667,1.835758007764591
2.816666666666667,2.829373630965967
2.75,2.8437951770053114
1.9666666666666666,1.8353291937530472
3.75,3.84308331246013
3.8,3.8311153339510815
2.7333333333333334,2.83354346858699
1.95,1.8178952687999432
2.683333333333333,2.8332440779945562
0.75,0.8323797467170293
3.85,3.824161384112776
2.9833333333333334,2.835889590763161
2.716666666666667,2.8533841096989767
3.783333333333333,3.8435194794630076
2.933333333333333,2.8362778818944694
0.8333333333333334,0.8360791801492682
4.0,3.832956232560848
1.7,1.8312759168752724
3.933333333333333,3.828664664154279
2.7666666666666666,2.8439225451975956
1.9333333333333333,1.8365854527893988
3.716666666666667,3.8236031769730086
3.7333333333333334,3.829763755082179
1.6666666666666667,1.841637469269078
3.8833333333333333,3.821293941979333
3.966666666666667,3.8299630465464403
2.8333333333333335,2.838680938930137
3.8666666666666667,3.8313941563119402
2.9833333333333334,2.836974178004712
1.95,1.8377181332610786
0.6833333333333333,0.8327470250370104
1.9833333333333334,1.8274383438115902
2.85,2.837219207965834
3.75,3.853625038522606
0.8333333333333334,0.8424982899684444
3.8833333333333333,3.8340538854045194
2.783333333333333,2.838468845648072
1.9166666666666667,1.8445662542889514
3.8,3.827277842643062
3.95,3.8428463792918603
1.8166666666666667,1.8400870720859452
0.95,0.8426730855389581
2.7,2.845855741181916
3.6666666666666665,3.836200567386322
1.6666666666666667,1.8215402339382165
0.8333333333333334,0.828896158704897
3.9166666666666665,3.831996028395084
1.9833333333333334,1.8311590398381898
0.8166666666666667,0.8430605198243925
3.9833333333333334,3.8282183354228594
3.933333333333333,3.837140178193921
2.783333333333333,2.8331778166447172
2.7333333333333334,2.8298161957245322
0.95,0.8488374983327057
1.0,0.8380820471160838
1.75,1.836798806703809
1.7,1.8313173524465045
1.9333333333333333,1.833321475405242
0.7333333333333333,0.8231222351152476
0.8666666666666667,0.8409604870577831
0.9,0.8352968286281823
1.9,1.819345128384904
2.7,2.8480752417192616
0.6666666666666666,0.8282829934219873
3.966666666666667,3.832619097644472
3.8666666666666667,3.848309209273216
0.85,0.8270490301298843
1.6666666666666667,1.8254460611146834
1.8666666666666667,1.8356706006590562
2.7333333333333334,2.841419119860332
2.8,2.8401638363718287
2.7333333333333334,2.8341909905323552
2.933333333333333,2.834335762212947
2.0,1.8383398327751603
2.7333333333333334,2.8453985847351726
3.7666666666666666,3.823405763624036
4.0,3.840343509362644
1.8166666666666667,1.8325696593048408
0.7666666666666667,0.838465705353115
1.8,1.8443185950397216
3.9166666666666665,3.833649983235068
0.75,0.8392152266936909
0.85,0.8400986874736678
2.0,1.8304779199623542
3.95,3.8309375605638407
2.8666666666666667,2.8266915709207727
0.7333333333333333,0.8292482051499667
2.716666666666667,2.8329612668317954
3.816666666666667,3.832930709816668
0.95,0.8391220827485175
2.8833333333333333,2.828063610730283
2.966666666666667,2.835523517210071
2.95,2.839771989862509
1.7833333333333334,1.8324787459770306
3.9166666666666665,3.8394704276426603
2.966666666666667,2.8287292250180207
1.9833333333333334,1.8322870124074466
3.95,3.82783379494592
1.75,1.820290367949342
1.85,1.830551039435274
0.85,0.8310165421308947
2.7333333333333334,2.8377831739334876
3.9833333333333334,3.83394630460007
2.716666666666667,2.838748005357296
3.7666666666666666,3.829989623460682
3.6666666666666665,3.8451183798264856
1.8666666666666667,1.8263284926514505
3.75,3.8313715127252594
1.7,1.8257484995074957
1.7333333333333334,1.84559025927662
0.9833333333333333,0.8414268848677499
1.7166666666666666,1.8351336327508343
3.683333333333333,3.834800259090939
0.7,0.8329638206597834
1.85,1.8304697272197206
2.7666666666666666,2.8335981522907794
1.6666666666666667,1.827857113947009
2.6666666666666665,2.8475745321053
0.7166666666666667,0.8304760236739912
3.9,3.8433985051303496
2.7666666666666666,2.8446943965100138
3.966666666666667,3.8231758204034234
3.933333333333333,3.8381898468726856
3.9833333333333334,3.834831270822261
3.9,3.830226185590373
3.8333333333333335,3.8318293896549953
2.9166666666666665,2.829397978063646
1.6833333333333333,1.838267830120742
2.95,2.833345071063819
2.0,1.836933801447691
0.9166666666666666,0.8302348632812958
3.7333333333333334,3.834908906911133
0.9166666666666666,0.8368265308061964
1.8166666666666667,1.826439801339587
1.8333333333333333,1.8431338700499225
1.8666666666666667,1.8323235613336413
0.8333333333333334,0.8245719556117759
1.9333333333333333,1.8343529895932145
3.9166666666666665,3.835443806426918
3.816666666666667,3.825811394356673
3.9,3.829650703877895
0.7166666666666667,0.8301177586519464
3.9,3.8350082381827746
3.9,3.82842483958111
2.7,2.8360096814451476
3.8333333333333335,3.8297421563921366
3.966666666666667,3.83732837165474
1.7,1.8266328870273432
0.8166666666666667,0.833762496160421
2.9166666666666665,2.818580803272905
2.783333333333333,2.8392995175218867
0.8666666666666667,0.844095059941147
0.7,0.8222878745768799
2.816666666666667,2.8294867636875756
3.9,3.837295106650572
2.7666666666666666,2.842966119416029
2.8666666666666667,2.8422980102388498
3.966666666666667,3.828767525983069
0.7,0.8291951627131047
1.95,1.8280660867137806
3.9833333333333334,3.8122496725631363
0.8,0.8253013122141418
1.0,0.846145421675984
0.9333333333333333,0.8309767531168326
3.683333333333333,3.821114646362517
1.7333333333333334,1.8279053072040177
0.7333333333333333,0.8348779738995316
1.0,0.829057631201821
2.85,2.840887955074604
3.9,3.8385082599148537
0.9166666666666666,0.8339880600332331
3.9833333333333334,3.823760935949599
1.8666666666666667,1.8200778435286642
0.7666666666666667,0.842144925949243
3.816666666666667,3.8253823288243956
2.8,2.833094432055049
0.7833333333333333,0.8276401474217809
2.8,2.8370875625121976
3.7333333333333334,3.815889231539502
2.716666666666667,2.8339832243817398
2.9833333333333334,2.834708358303087
1.8333333333333333,1.8255840410297393
1.8166666666666667,1.8489737282473664
3.7333333333333334,3.8366776261178326
0.9333333333333333,0.8319515775981436
3.7,3.8340297194771424
1.9666666666666666,1.837779998509069
1.8666666666666667,1.830465078668789
0.9666666666666667,0.8417523905483264
0.7,0.8216584115955275
3.9166666666666665,3.830628215095644
1.8833333333333333,1.8351291835133077
2.8333333333333335,2.831905455995758
0.7666666666666667,0.8372728746597699
1.9833333333333334,1.843862113712145
3.933333333333333,3.8292351105095124
3.75,3.8286976058784377
0.8333333333333334,0.8311718649128386
0.8833333333333333,0.8460312533422351
0.8166666666666667,0.832219077624138
2.7,2.828306006558198
3.85,3.8376391585135137
3.6666666666666665,3.8213831625873604
2.8833333333333333,2.8417232705662263
0.9666666666666667,0.8411652040738286
1.8666666666666667,1.840851953607569
2.6666666666666665,2.8381697422889065
1.7666666666666666,1.8234139553283384
2.9166666666666665,2.829533300787748
3.8666666666666667,3.8390763655154534
1.7,1.8309489635638518
3.8666666666666667,3.829151205094043
3.8666666666666667,3.8458289846303386
3.95,3.844432179546477
2.8,2.828121417596433
3.8,3.8266635935263285
2.9166666666666665,2.834729685003191
0.8333333333333334,0.8308260252709533
0.7833333333333333,0.8206628137285739
3.7,3.827673823422498
3.8833333333333333,3.8329902084242713
3.0,2.827928302020851
0.7666666666666667,0.8265849841118716
0.8,0.8370931941070903
0.8833333333333333,0.8226634147170079
0.9,0.8408389065344352
1.9166666666666667,1.8292522116068246
1.7166666666666666,1.826992805027952
0.8166666666666667,0.8316818034867652
3.8833333333333333,3.8420972345903186
0.75,0.8436362403705605
3.783333333333333,3.8419570143980586
2.9,2.844072628283174
3.8833333333333333,3.827011308411516
1.9333333333333333,1.826406803493219
2.7333333333333334,2.8256446653471867
2.8666666666666667,2.8394543460171366
3.75,3.826518996965004
0.7833333333333333,0.8253610570734737
3.95,3.825200249133155
0.8166666666666667,0.8378467550999964
3.9,3.839398939995184
2.9833333333333334,2.827736214887786
0.9166666666666666,0.8375254591895258
0.9,0.8446993770044675
0.8666666666666667,0.8398644749905371
1.7333333333333334,1.8266923913082467
2.95,2.8320543350728213
1.8166666666666667,1.8383675154923267
0.9333333333333333,0.8393063304428722
3.8666666666666667,3.8240891030346287
1.75,1.8252033743915355
3.7333333333333334,3.834377693617739
1.8333333333333333,1.8170264014769082
2.683333333333333,2.836983178804634
3.7333333333333334,3.824317538295121
2.0,1.8259397778934399
1.9666666666666666,1.8313748607911893
1.7,1.824305616481036
0.75,0.8296321140820204
3.9833333333333334,3.8303865887507573
0.8166666666666667,0.8329842699949661
0.7833333333333333,0.8280751333135796
1.8833333333333333,1.8329404375301461
0.8,0.8356783353823403
2.7,2.8250867458090507
2.966666666666667,2.8357679113460392
3.85,3.8316233610952373
2.85,2.8376966309257194
3.6666666666666665,3.8296511582072794
2.9833333333333334,2.832749167220149
0.85,0.8369673263666663
3.933333333333333,3.833962090802387
0.6666666666666666,0.8460893746648601
1.6833333333333333,1.8351094652246538
0.8666666666666667,0.8254683194907482
3.7333333333333334,3.844471110789028
3.8833333333333333,3.840729482801602
2.683333333333333,2.838961376522233
3.716666666666667,3.8249907172848365
3.7333333333333334,3.824828876949022
0.9166666666666666,0.8475514826485027
1.7333333333333334,1.8292198647656914
0.7666666666666667,0.8276574571616575
0.7333333333333333,0.821348138654105
3.8333333333333335,3.844334063500315
3.966666666666667,3.832225158505431
0.7333333333333333,0.8303913093807408
0.7166666666666667,0.8325313112865653
3.816666666666667,3.818398420307362
3.8666666666666667,3.827623649540233
0.8,0.8311810510185208
2.7333333333333334,2.834809213008263
2.95,2.832629442864251
2.95,2.8343934816211402
3.9,3.833828561905415
0.8166666666666667,0.833301019591103
2.783333333333333,2.864768905425503
0.7333333333333333,0.8427532497913891
0.8333333333333334,0.8366968299888097
3.9,3.844608436977231
2.783333333333333,2.8335656587012865
3.9,3.8299527180887667
2.9,2.841391007294792
3.9,3.8413511948152763
1.8833333333333333,1.840437831288499
0.8166666666666667,0.8298417957946356
0.95,0.8309057182641076
1.6833333333333333,1.8410470489743458
2.7,2.841926446675294
2.8,2.8288635606614383
0.8333333333333334,0.8295332093923058
3.933333333333333,3.8306980881031554
1.7166666666666666,1.8409444416123188
1.75,1.8343866834759683
0.9166666666666666,0.8413126124508509
0.6666666666666666,0.8312100961211698
0.7333333333333333,0.8345861683917462
3.8833333333333333,3.8327697229195223
2.683333333333333,2.8377745033038986
3.933333333333333,3.8158908872093553
3.7,3.833853976917639
2.933333333333333,2.8298219659944346
0.9666666666666667,0.8293031492633682
0.8,0.8333270526760096
3.8833333333333333,3.820459704279138
2.9833333333333334,2.8001267852180804
2.7666666666666666,2.8366863178752943
2.683333333333333,2.836611688468242
1.9333333333333333,1.8311715770310064
3.783333333333333,3.845692391907432
0.7333333333333333,0.8406171876763479
4.0,3.826558678106963
0.95,0.8429110831189114
0.7833333333333333,0.8270339629087371
1.9833333333333334,1.8471745629211973
1.9833333333333334,1.8238386501941664
3.8666666666666667,3.828983493611353
1.9,1.8338008344766272
1.85,1.8318414408899366
3.8,3.8374112651950636
3.9166666666666665,3.834075830921195
0.9,0.8407881302147798
2.8666666666666667,2.836092554757232
3.933333333333333,3.8367293253911097
1.9166666666666667,1.8311913701386087
3.783333333333333,3.8361884512216364
0.7833333333333333,0.8421107069246796
0.7833333333333333,0.8341963047750554
0.7333333333333333,0.8369646878258672
1.8666666666666667,1.8315451230745898
3.8,3.823267619587113
3.7,3.828396183367192
1.9666666666666666,1.8229026057773265
1.7333333333333334,1.8346969499388595
3.75,3.8287131015965765
3.9166666666666665,3.8270184740344355
1.7833333333333334,1.8312558977543407
2.9,2.834498213026626
1.9333333333333333,1.824276689888662
0.7333333333333333,0.8337266183964208
2.716666666666667,2.8267074009993522
0.7,0.8406505619455554
3.7333333333333334,3.8383964696890382
1.9333333333333333,1.8352424929775597
3.683333333333333,3.835035694631868
2.85,2.8394692467806015
0.9166666666666666,0.8247056961041221
3.6666666666666665,3.832225158505431
0.8666666666666667,0.8409094607774676
2.8666666666666667,2.8347230508042447
2.683333333333333,2.830922511795106
1.7333333333333334,1.8338932330489501
3.8833333333333333,3.83544366254872
3.0,2.838701183675619
3.783333333333333,3.828983493611353
2.966666666666667,2.8463932846289497
3.8833333333333333,3.829782252878071
2.8,2.829020981875816
0.6833333333333333,0.8343873167003497
1.9166666666666667,1.8427942944900173
2.716666666666667,2.835272425170339
1.95,1.82996776914324
1.9833333333333334,1.839488726138612
1.7666666666666666,1.831200941259336
3.8333333333333335,3.8250612387622756
0.7,0.8313813865976971
0.9166666666666666,0.8330456988769712
1.6666666666666667,1.8271053329584188
3.8,3.828908196201169
2.0,1.8268709579671962
1.7666666666666666,1.830292149364762
3.8666666666666667,3.8357892468750094
1.9833333333333334,1.81564071246889
1.8166666666666667,1.8122946992990834
2.7333333333333334,2.8239699236209383
2.966666666666667,2.8448858579359353
1.7333333333333334,1.824000203511121
3.0,2.840914733889647
3.6666666666666665,3.8359428630146533
0.9666666666666667,0.8347026678088539
3.9166666666666665,3.8314899611351425
1.85,1.853530142515609
3.9166666666666665,3.8601721369946658
3.8666666666666667,3.837727947133136
2.8666666666666667,2.8497585005272867
0.9666666666666667,0.8326203371143425
2.816666666666667,2.8401487757047814
0.7666666666666667,0.8421072494466675
1.0,0.824921507115041
3.6666666666666665,3.8383537842734263
3.7666666666666666,3.8275722184384917
0.7,0.8301243090572459
2.6666666666666665,2.835095808634603
1.85,1.8264689036441637
0.9166666666666666,0.8427207639759069
2.966666666666667,2.8485759593832887
2.85,2.8391996263338615
2.8,2.8359743837288347
1.8666666666666667,1.8244158244355715
0.8333333333333334,0.8384076829138762
3.9166666666666665,3.829242119104212
2.966666666666667,2.8336808372617037
2.8666666666666667,2.84608473844379
1.8333333333333333,1.8386773983348816
0.8,0.8329439702588275
2.6666666666666665,2.8181162567100353
1.0,0.8373971332318869
2.9166666666666665,2.830019621654482
2.8833333333333333,2.8367597205709667
1.9333333333333333,1.8370092269846274
2.7333333333333334,2.8434928797594954
3.716666666666667,3.826014729666739
0.9333333333333333,0.8304802037258784
1.9833333333333334,1.8245661586043584
3.783333333333333,3.8255184778487457
1.7333333333333334,1.8353897986494574
0.6666666666666666,0.838994943957409
1.0,0.8330148905284354
2.9166666666666665,2.840852675088486
2.85,2.8301257100082347
3.9,3.828759774929971
2.933333333333333,2.8222229644431875
2.8333333333333335,2.8394543460171366
3.7666666666666666,3.832153671253248
4.0,3.840759263277343
3.8666666666666667,3.837242411034066
1.9333333333333333,1.8228249885645116
1.0,0.8197252430281403
0.8,0.8354532869201468
1.85,1.8316616836986415
3.9,3.8401274062016175
2.8666666666666667,2.8326920405484177
0.9333333333333333,0.83534312060178
3.966666666666667,3.83650156576
2.75,2.8334877705096697
1.9166666666666667,1.8114224977919107
1.9833333333333334,1.8473195813759637
1.9333333333333333,1.8243146274702684
0.95,0.8214390585220653
3.8833333333333333,3.8369300431317366
2.0,1.8322357213045948
3.716666666666667,3.835292350481509
0.6666666666666666,0.8350769569362303
1.9333333333333333,1.8399100089641154
3.9166666666666665,3.8214064579312224
0.8666666666666667,0.8312112584796982
0.9166666666666666,0.8464702301191561
1.7333333333333334,1.8294860315794454
3.683333333333333,3.8360688181394353
0.9666666666666667,0.8361879369231712
2.95,2.832106892565833
2.9833333333333334,2.8351658096160377
1.0,0.8354576402872991
2.7,2.8446382706090065
2.716666666666667,2.8278913870724596
2.9166666666666665,2.8343470665384856
1.9166666666666667,1.8276809972673156
3.7333333333333334,3.8349414807724047
2.75,2.829328863524321
3.9,3.8356186099208265
3.716666666666667,3.8313759500863704
2.7333333333333334,2.826784642826689
2.816666666666667,2.8182925986242453
1.7,1.8351238588118781
2.85,2.8419491385977813
2.933333333333333,2.8387803902784783
0.8,0.8351443756394977
3.8833333333333333,3.829776451143343
0.7,0.8400166614219782
2.95,2.8419427752446142
2.85,2.862405024478544
2.816666666666667,2.83669555332902
2.7333333333333334,2.837949402493328
0.9333333333333333,0.8407881302147798
1.9,1.8357955412045226
3.7,3.838282349256476
1.9666666666666666,1.8387418143009377
3.7,3.8383107048451
0.7,0.8326500570283935
1.8333333333333333,1.8240194196737063
0.6833333333333333,0.8434207058572918
2.816666666666667,2.843936890461424
1.7666666666666666,1.83817119135653
2.9833333333333334,2.819602318833887
2.966666666666667,2.8349959797903006
1.7,1.830992779556557
0.7833333333333333,0.8368758093360026
2.9,2.837418582986418
1.9166666666666667,1.8332266112812443
1.7666666666666666,1.8211241045343942
3.9166666666666665,3.850121240712945
0.95,0.8295364657878425
2.7,2.8457389674507927
0.9166666666666666,0.8369721925918431
2.7666666666666666,2.8377375679974097
1.6833333333333333,1.8319683851574018
0.6833333333333333,0.8563522537643228
2.7,2.8400200694229136
3.783333333333333,3.8390858043194047
2.9166666666666665,2.835690937170032
1.8333333333333333,1.8305277570993226
1.7333333333333334,1.8328410837340772
2.95,2.842618450808452
2.683333333333333,2.8282132588113797
0.8666666666666667,0.8415664567144006
1.9166666666666667,1.8472346998864075
2.816666666666667,2.8519150263709645
3.9,3.8343219695752295
0.7,0.8452359700213176
0.95,0.8301996632478357
3.85,3.8326013518350317
1.9166666666666667,1.839749451584852
1.7833333333333334,1.837550144128925
1.9166666666666667,1.8353291937530472
3.683333333333333,3.8260646654619306
3.783333333333333,3.831827985833818
1.95,1.8611192100987841
2.75,2.841661861117717
1.9833333333333334,1.8332159353143398
3.9166666666666665,3.836711005686195
1.8666666666666667,1.831518403957888
1.8,1.8269758161940906
3.8666666666666667,3.8332947917473796
3.7,3.826088726640018
2.8,2.823477241524857
1.8,1.835027507247524
0.95,0.8500099938278194
3.9166666666666665,3.8234429998335333
0.7,0.8366662008599579
3.75,3.8284555962533067
3.0,2.8411712340649564
2.9,2.8394900810369585
3.8333333333333335,3.827905758321338
2.7333333333333334,2.835994730502002
3.8,3.8206779564868416
0.6833333333333333,0.8396581213410809
0.8666666666666667,0.829834392449831
1.7666666666666666,1.830464017276074
0.8333333333333334,0.8218076107121821
1.7,1.8257370487597726
3.7333333333333334,3.818421592556465
1.8833333333333333,1.8410097052437235
4.0,3.8247744368303636
2.0,1.8209737199704157
0.9,0.8485837325395118
3.95,3.830008437066082
3.783333333333333,3.841512702972418
2.9,2.838796903155388
1.6833333333333333,1.817933471458682
0.9166666666666666,0.8308610906246667
2.85,2.843868343612718
3.9166666666666665,3.8398822599809916
3.8833333333333333,3.82921544819706
0.8,0.8343520683409583
3.95,3.834937142086833
0.9,0.8387894848401952
0.7666666666666667,0.8309910782893135
1.9166666666666667,1.8106448590157758
2.716666666666667,2.8482480059114517
1.8333333333333333,1.8274617842095298
2.8833333333333333,2.863708702944021
3.7,3.8434019788311384
1.7333333333333334,1.82230024094416
0.6666666666666666,0.8361243049088484
1.8166666666666667,1.8222995338059462
2.933333333333333,2.835994730502002
1.6666666666666667,1.821645416414022
0.9833333333333333,0.8242603014473932
0.8166666666666667,0.8361418882732042
3.7333333333333334,3.847186898997815
0.8833333333333333,0.8362288147131339
0.8666666666666667,0.8370424191507498
1.8666666666666667,1.8354543371753183
1.9166666666666667,1.8365357952870542
2.8833333333333333,2.852456039592562
2.716666666666667,2.831692951623786
0.9166666666666666,0.8280341531936695
3.95,3.832494754457778
1.7,1.829960931087551
4.0,3.831397991668849
0.85,0.8431500754977255
2.6666666666666665,2.8192738149219627
1.7333333333333334,1.8254137996634916
0.9333333333333333,0.8392692960780618
3.7333333333333334,3.8292422773359105
1.75,1.8305771049087207
3.7666666666666666,3.8281381298094863
3.816666666666667,3.8364772860938627
0.9333333333333333,0.837792907697237
2.75,2.837956966375267
0.8333333333333334,0.8410911510433866
2.7333333333333334,2.8343257818943237
1.8833333333333333,1.8395260323063538
1.95,1.8218310973730438
2.75,2.8403356955179038
3.716666666666667,3.8427109116496303
3.8,3.8139312315421923
1.0,0.8312303211838331
0.8666666666666667,0.8266481418016639
1.0,0.8277067934287525
1.8833333333333333,1.817235484217132
2.933333333333333,2.8390083845116414
0.7666666666666667,0.8258453228391625
0.8833333333333333,0.8370938794747493
2.95,2.846366461741318
3.966666666666667,3.832565927465333
3.7333333333333334,3.8304855975678875
2.716666666666667,2.829569335431484
2.7333333333333334,2.8376281938351324
1.7,1.8317477920366827
2.85,2.8338434370047487
3.783333333333333,3.8357766058598144
3.8666666666666667,3.8231366475104953
0.8833333333333333,0.8185477417599799
3.816666666666667,3.8497624072096532
2.783333333333333,2.835207231011593
2.966666666666667,2.8273847476138174
1.6666666666666667,1.8302286529896932
0.7833333333333333,0.8415347128590976
2.6666666666666665,2.8299856824889384
1.7666666666666666,1.8361633635074932
1.8666666666666667,1.8313750608882708
3.85,3.8321925211521473
2.0,1.8442234760751575
0.7166666666666667,0.8480206168072724
3.85,3.8364662316474374
3.783333333333333,3.8394901838606588
2.7666666666666666,2.832386602177293
2.6666666666666665,2.8348624264050186
1.9166666666666667,1.8280786593892087
2.6666666666666665,2.8322387007085386
0.9666666666666667,0.8324647910423366
0.8666666666666667,0.8370468474193631
3.7333333333333334,3.8446826733630544
3.85,3.8393300959315604
2.7666666666666666,2.840758394056463
0.8,0.8485776474360226
1.7,1.8264785323476196
2.95,2.83657782876111
3.816666666666667,3.835960708305145
2.8833333333333333,2.832281250504439
3.716666666666667,3.840759179203117
3.95,3.826880948412691
2.85,2.841466828954867
2.8,2.8429112011965376
1.8166666666666667,1.8181934396526096
2.8666666666666667,2.8464839498015975
2.683333333333333,2.8437155640990737
2.8833333333333333,2.835042403408951
3.716666666666667,3.8392104721771334
0.7833333333333333,0.8254360055502904
3.8666666666666667,3.839800277527664
3.966666666666667,3.841032869060341
2.9,2.8408251951255745
2.95,2.8463169113505735
3.85,3.8158850134683706
0.8666666666666667,0.8397359705077472
0.8,0.8377628271095305
3.716666666666667,3.8368672563891444
2.7666666666666666,2.8343196338566448
1.7666666666666666,1.830623071902244
0.7666666666666667,0.8394273908252131
0.7333333333333333,0.8352585954755891
0.6666666666666666,0.8301370807547596
2.6666666666666665,2.8350355277926873
1.0,0.8327337687547087
1.8,1.8417689947332323
3.9,3.827102229704975
2.7333333333333334,2.825160687170509
2.95,2.8371243806746707
1.8,1.8332061063179999
2.9833333333333334,2.8417854933131963
3.7,3.8318390609947044
1.8,1.8332071653828057
0.7666666666666667,0.8264280403809465
3.8666666666666667,3.8332663706554957
3.7,3.847999078089225
0.7,0.8347369049202048
1.8833333333333333,1.8332577552619385
0.75,0.8380016033827351
2.85,2.835782947539586
3.75,3.826235397903908
2.783333333333333,2.8442085276767033
3.95,3.851432878081679
1.9833333333333334,1.8356561827126134
2.816666666666667,2.82775761061894
0.8166666666666667,0.8213356987139193
1.9333333333333333,1.836191096236421
0.8166666666666667,0.833643234496119
3.9,3.8323023005789567
0.6833333333333333,0.8478228526842385
3.816666666666667,3.835548257920798
1.7,1.8294066030697653
0.95,0.8354342032226048
0.7833333333333333,0.832409952820994
1.9833333333333334,1.8238386501941664
0.8666666666666667,0.8396137704918594
0.95,0.8344904381564286
1.6666666666666667,1.8261922905257717
0.7166666666666667,0.8325140732508933
0.8333333333333334,0.8272411900577781
3.783333333333333,3.8455365676142907
0.6833333333333333,0.8412795299727326
3.95,3.832503639416111
3.7,3.8331047942250613
2.683333333333333,2.841481907915265
1.6833333333333333,1.8306058499514046
3.7,3.836736760961494
2.933333333333333,2.834017077183439
2.716666666666667,2.824924328780094
0.9333333333333333,0.8312288186906163
3.0,2.8390674075924567
1.95,1.8363294944649733
2.8833333333333333,2.829404828165063
0.7666666666666667,0.8471918455050588
1.9,1.8302304785824635
2.683333333333333,2.8446943965100138
3.816666666666667,3.8229198701662703
3.9833333333333334,3.8377691323717857
3.85,3.8304666976194746
2.7,2.824765386335193
3.716666666666667,3.8315074218822884
1.6833333333333333,1.8271307100520966
3.95,3.846146774970436
2.933333333333333,2.828283486000467
2.933333333333333,2.8327405723615353
3.7,3.8284690893481668
3.683333333333333,3.8330488061853654
1.7666666666666666,1.8331970920801006
1.8833333333333333,1.8448626346288686
1.8333333333333333,1.8337322846052444
3.966666666666667,3.840693188960094
1.8833333333333333,1.8344703742456354
1.8333333333333333,1.8423042792914455
2.7333333333333334,2.8359532897951514
3.85,3.8236590459909907
2.9833333333333334,2.829056759705282
0.9,0.8274032103079862
2.95,2.8389030022907065
1.9666666666666666,1.8245595608669307
1.9333333333333333,1.8409313617943597
1.7166666666666666,1.837182252715526
2.716666666666667,2.83652674636923
2.0,1.834657535136408
1.9,1.8381084141065624
3.8666666666666667,3.830726316089291
2.0,1.8310022045040706
3.9,3.834989517054331
3.9833333333333334,3.830951231068156
3.8,3.8360067884117224
1.6666666666666667,1.8320560234425165
3.85,3.8417038181440057
1.95,1.843738149955183
3.683333333333333,3.82795864419206
0.9166666666666666,0.8457636804222919
2.816666666666667,2.8364159577772785
2.95,2.838923687784931
1.85,1.844598360116833
0.8166666666666667,0.8347124500275993
3.75,3.826489701203942
3.8833333333333333,3.8516964605712047
3.716666666666667,3.8367302984315397
1.75,1.8430260200867266
3.95,3.8320706360440964
0.6833333333333333,0.845026112195676
2.8333333333333335,2.8274893070702705
0.6666666666666666,0.8361124297938091
3.85,3.828029690576455
0.95,0.8296073251731341
0.75,0.8270975431687851
3.85,3.8437245975320207
3.8333333333333335,3.8256821985246665
2.933333333333333,2.816522492607594
3.7333333333333334,3.829652682676671
1.9833333333333334,1.8265099101524913
1.6833333333333333,1.8405872066923197
1.7833333333333334,1.8431231177060854
2.95,2.8287014775346906
1.8833333333333333,1.8238127333766803
2.95,2.8333154589146843
1.9,1.8410547029872169
3.783333333333333,3.844504288227416
3.9,3.8223164267174816
0.7166666666666667,0.8411789691999647
2.95,2.8323973673903886
3.85,3.8203719041577875
2.816666666666667,2.8299361495929363
3.9,3.8344922705415327
0.8,0.8477602904175207
1.7333333333333334,1.8345130868147366
3.783333333333333,3.8275722184384917
2.85,2.8278315870247117
0.9333333333333333,0.8282399036304003
3.95,3.8316350746014485
2.6666666666666665,2.8265983277865665
2.9166666666666665,2.837185844163047
2.9166666666666665,2.8388551580730472
0.8666666666666667,0.8334388956943516
1.8,1.8277936413128275
1.7666666666666666,1.8125791245110818
2.7,2.8217726536482064
2.783333333333333,2.831424029139851
0.7,0.8454644400695521
0.9166666666666666,0.8277051655269472
3.816666666666667,3.8152935788671662
0.7666666666666667,0.821162773050946
0.9666666666666667,0.8335819112472765
1.6666666666666667,1.837550144128925
0.7,0.8307411681015263
1.6666666666666667,1.8259397778934399
1.9333333333333333,1.8379871862436759
0.9666666666666667,0.8335837776989794
2.9166666666666665,2.8350416249038735
3.9166666666666665,3.825823490818865
2.783333333333333,2.838317331010856
3.8,3.8327248613090394
2.6666666666666665,2.8436916046147678
2.7666666666666666,2.821130987193344
0.8833333333333333,0.8291471244479066
2.933333333333333,2.8079940879190532
2.7333333333333334,2.830853596456774
0.9333333333333333,0.8194373608671954
2.6666666666666665,2.8390952187962215
0.6666666666666666,0.845973186162193
2.85,2.83857720455454
2.966666666666667,2.8335690670338263
1.8833333333333333,1.8260857449887518
0.9666666666666667,0.833905495096558
1.8833333333333333,1.8416646475604088
2.8333333333333335,2.8450368880608585
0.7333333333333333,0.8193692348839241
0.9833333333333333,0.8267678216336196
2.9,2.8314420439578005
3.9,3.82955210309896
2.9833333333333334,2.8306735791891704
2.8666666666666667,2.840526049594892
2.7666666666666666,2.8187795345691904
3.95,3.8244977227716377
3.6666666666666665,3.8291682930983586
1.9333333333333333,1.8492129422422376
0.9333333333333333,0.8419499251969482
1.7833333333333334,1.8355872427425117
2.8333333333333335,2.834260797035274
3.0,2.8402026348369516
1.8833333333333333,1.829012574600581
3.9166666666666665,3.8359223228691093
2.683333333333333,2.8467502479519466
2.75,2.8427872211750262
0.8666666666666667,0.8287738753991186
2.716666666666667,2.8316844181096803
2.683333333333333,2.8266225821905384
3.783333333333333,3.829931593565723
1.8666666666666667,1.8245464509904128
1.8833333333333333,1.8355644288050559
4.0,3.8331881410266764
3.816666666666667,3.832502860059056
0.7166666666666667,0.8342909402542554
3.8833333333333333,3.832216394144051
0.6833333333333333,0.823571807664201
2.7,2.827719879449903
2.8666666666666667,2.8243080410801076
1.7666666666666666,1.8376258894689648
0.8333333333333334,0.8438422222519694
1.6666666666666667,1.8414489900804176
0.6833333333333333,0.8274058386218089
3.9,3.838511897420267
0.85,0.8376694610728187
2.966666666666667,2.8264669518424164
2.75,2.8324876819338
3.8333333333333335,3.8292990447503636
2.8833333333333333,2.8454782971139174
0.6666666666666666,0.838798448726623
2.816666666666667,2.838764849743546
2.85,2.835925726024909
0.7666666666666667,0.8293685149683541
2.7333333333333334,2.831755901584876
2.8,2.8376281938351324
1.9666666666666666,1.8242308245112309
3.6666666666666665,3.821250124525461
3.95,3.823028619457853
3.8333333333333335,3.8308063536924437
1.95,1.8253431449784492
0.9333333333333333,0.8323201299190938
3.783333333333333,3.8380307774212357
0.8166666666666667,0.8292938781344652
3.9166666666666665,3.8351641364326046
0.7,0.8368546253082733
1.7,1.8333111415733812
1.8833333333333333,1.8322128611800803
1.8666666666666667,1.8434334647544404
0.95,0.8177631082367727
2.8833333333333333,2.8426601466688663
3.966666666666667,3.8253647792555996
2.7333333333333334,2.8490718532583412
1.8666666666666667,1.8223689906044038
1.6833333333333333,1.8391164937966424
0.8166666666666667,0.8283171750813344
4.0,3.850693488891082
2.8666666666666667,2.8320984884613405
1.8333333333333333,1.8346868653861415
1.7333333333333334,1.8342709840220814
1.85,1.8389191648366054
1.9833333333333334,1.8179952430033612
0.6833333333333333,0.8388080034587482
3.75,3.8338266170115127
0.75,0.8440593752120736
0.75,0.8321034871378461
2.7333333333333334,2.835242686830093
0.85,0.8296051322967658
1.8833333333333333,1.8268373578777726
1.75,1.834557598208031
2.9833333333333334,2.8393018592929637
1.6833333333333333,1.8200172650273387
0.7833333333333333,0.8337975749154596
0.8666666666666667,0.8393465737349791
3.966666666666667,3.840567965044047
2.9166666666666665,2.8311932421012656
1.75,1.8273677722601818
2.6666666666666665,2.8371267027256364
0.9833333333333333,0.837866300540065
2.9833333333333334,2.8341818948702295
3.85,3.835360492339203
0.7,0.8254189071199985
3.8666666666666667,3.8227537094552635
3.9,3.8267356596041693
0.8666666666666667,0.8388691353693218
3.816666666666667,3.8572935475639896
1.9666666666666666,1.838769898300443
0.7833333333333333,0.8291851855116584
0.75,0.8357061702451536
1.7,1.8347227917362046
2.716666666666667,2.8363384558885962
3.8666666666666667,3.8238440989739524
1.8666666666666667,1.828571231008754
0.8666666666666667,0.8286726579897011
0.7,0.8193340808381966
2.9166666666666665,2.834541148169218
3.85,3.8509283985909013
3.7666666666666666,3.830088823597927
3.966666666666667,3.834141854143738
1.7,1.844376738629342
3.966666666666667,3.8259019534873353
0.8666666666666667,0.8383988836694164
1.95,1.8279622233457138
0.8833333333333333,0.8345519201762458
2.933333333333333,2.847970207836738
0.8166666666666667,0.8317830188729629
0.9166666666666666,0.8467784235085601
2.8833333333333333,2.8428567639037294
2.783333333333333,2.8309853753268275
2.9,2.836353185517587
2.85,2.8242959629090616
0.8,0.8364987405144959
2.9833333333333334,2.829592931602326
0.8833333333333333,0.8177534934522758
0.9666666666666667,0.8367685517654954
2.8333333333333335,2.8402543121731503
3.9833333333333334,3.837153854271664
0.9,0.8446852239774892
3.7,3.831133094346954
1.75,1.8366163246593032
2.683333333333333,2.829184418043907
2.716666666666667,2.839835469410123
1.95,1.8389640824778573
2.9,2.8524134847690794
3.6666666666666665,3.8349799958154613
3.966666666666667,3.8415038096244944
3.7,3.830411856264684
1.8166666666666667,1.84559025927662
2.9833333333333334,2.8342783673286145
2.7,2.8340597113701795
2.933333333333333,2.8289533887373906
3.683333333333333,3.8130677955945504
2.8,2.840134426428702
3.8666666666666667,3.8291272563012932
0.8,0.839588411199951
2.966666666666667,2.8296210840507614
0.6833333333333333,0.8224450040675468
1.8333333333333333,1.8405421713623662
3.816666666666667,3.8477855671432106
3.966666666666667,3.832410758276795
3.8833333333333333,3.8414411477295243
3.933333333333333,3.830672016015347
1.95,1.8234079888768167
3.8833333333333333,3.837826385943041
1.9166666666666667,1.8128650623110674
3.7,3.82866334737357
0.7833333333333333,0.8381496727267804
4.0,3.8133574450170524
0.7333333333333333,0.8221600703432935
0.9666666666666667,0.8363274603362651
2.6666666666666665,2.8315572320630142
3.75,3.8452969988383057
2.783333333333333,2.8885895280779716
2.8666666666666667,2.8345379509251916
1.6833333333333333,1.823233389860714
0.8833333333333333,0.829508714442206
2.0,1.8367439154097966
1.6666666666666667,1.8448289941696914
3.8666666666666667,3.8345035792966207
1.95,1.8451193828450607
2.75,2.833213231384499
2.75,2.848256334726437
2.8,2.83518910401464
0.9,0.8280454845114358
1.8,1.8285255466701438
0.9833333333333333,0.8401072620117973
0.8833333333333333,0.8258453228391625
3.9166666666666665,3.8295925493732144
2.8333333333333335,2.8365607239288577
3.8666666666666667,3.8309734099074664
2.0,1.8235808415501316
2.75,2.8539819168149747
2.933333333333333,2.8156746642408814
2.8833333333333333,2.833982646873901
0.8,0.8297900697243604
1.6833333333333333,1.840665698914305
2.966666666666667,2.8399802966157948
1.8666666666666667,1.8343626769893246
0.8666666666666667,0.8196706920267587
3.0,2.8399760249415613
3.0,2.8127143579569145
0.7666666666666667,0.8442476344038566
2.7666666666666666,2.8387645083036115
2.7,2.838393731479765
3.0,2.8333106129737136
1.8,1.8237362082002568
0.8333333333333334,0.8165397699343606
0.8,0.8380835782666797
0.8,0.8233400953721893
1.7833333333333334,1.832088940701432
1.9333333333333333,1.8310156320112623
1.95,1.8310538891650756
2.8833333333333333,2.840825107828519
0.8666666666666667,0.8255246748856737
1.9666666666666666,1.8253602908565185
1.6666666666666667,1.8167816494917497
0.6833333333333333,0.8347705559026225
3.9,3.8383692277413126
0.9666666666666667,0.8390621073382958
1.7333333333333334,1.825205717266276
3.0,2.8338308775532544
1.8666666666666667,1.8347995060653712
2.816666666666667,2.8429923474456826
0.7166666666666667,0.835906557821646
2.75,2.8311243789471514
2.8333333333333335,2.845059604206399
2.85,2.831277330866613
2.933333333333333,2.8490718532583412
1.75,1.838092724757305
3.8833333333333333,3.842087034000216
1.9833333333333334,1.83325141028096
1.0,0.8300058121422369
3.816666666666667,3.840121377672932
0.8333333333333334,0.8335838739843213
1.7,1.8319157519324498
1.7166666666666666,1.828292176121816
1.7833333333333334,1.834193711097365
1.9833333333333334,1.8281384431807082
3.75,3.8132670541137053
2.6666666666666665,2.8352932231277066
1.75,1.8329946577996348
3.933333333333333,3.8218941977345704
1.7,1.835436171559398
2.6666666666666665,2.829718616454748
3.9833333333333334,3.8337659697657838
1.6833333333333333,1.8353839067702353
0.7,0.8388867911440788
1.7166666666666666,1.8340432547797787
1.7666666666666666,1.837336663849091
0.8333333333333334,0.8417931128138513
0.9,0.8304729040485418
2.683333333333333,2.8374310275558785
2.6666666666666665,2.8448606761437265
0.8166666666666667,0.8332746123267999
2.7,2.8386277229673826
2.75,2.839765582315846
0.9166666666666666,0.8243260059982777
3.783333333333333,3.8196350902562823
3.7333333333333334,3.843033733739672
3.8333333333333335,3.841603756623893
0.85,0.8399943317109737
3.9166666666666665,3.831592473074061
1.9,1.844836719860159
0.8166666666666667,0.8259496045593407
0.8333333333333334,0.8392076569863528
1.7333333333333334,1.8317791846173668
3.966666666666667,3.8275390547034003
2.0,1.8372333646331322
4.0,3.827828270757174
2.9833333333333334,2.8327405723615353
1.7,1.8379894142526927
1.9166666666666667,1.837058527455374
0.7333333333333333,0.8405431238023502
1.9166666666666667,1.8276268212870805
2.966666666666667,2.8383791191321395
3.933333333333333,3.8334139824311113
3.716666666666667,3.838564257818555
1.9333333333333333,1.8223159823266344
1.6833333333333333,1.8369504210435619
1.95,1.8403659548804874
1.75,1.8306371991290993
3.9166666666666665,3.8428078434299073
2.85,2.834226851066455
3.9,3.8373510709402554
0.7166666666666667,0.8286274237935395
2.9,2.834513323359994
0.7,0.838617143537132
0.95,0.8349872889136816
3.6666666666666665,3.8515430611701245
1.9,1.832088940701432
3.783333333333333,3.8362894059704087
3.7,3.833692247617264
2.7333333333333334,2.8446731691750915
0.9833333333333333,0.8335376321516557
3.7,3.830011727120241
2.716666666666667,2.832480107338124
0.6666666666666666,0.8321757436605657
2.85,2.8256082287944566
0.9666666666666667,0.8398333246942553
0.6833333333333333,0.8228166407380649
1.6666666666666667,1.8426049737676897
1.6666666666666667,1.8227549705618895
2.683333333333333,2.8357520650606944
3.683333333333333,3.8467965499168013
0.7333333333333333,0.8298767012316349
2.8666666666666667,2.839357484714748
1.9166666666666667,1.818538803153677
1.75,1.8288690880428091
1.6666666666666667,1.8217867453684988
0.7666666666666667,0.8353488960027459
0.9333333333333333,0.839452033723626
2.85,2.8324751274628412
3.95,3.8165757578371045
1.85,1.8249392103465645
1.8,1.832955557000059
0.9333333333333333,0.8246300121422492
3.933333333333333,3.832920192338059
4.0,3.8247434541226744
1.8833333333333333,1.8303816166040008
2.783333333333333,2.8318939733985724
3.9166666666666665,3.8309375605638407
1.8833333333333333,1.8310541391685364
3.683333333333333,3.8275572179224455
1.0,0.8355274724052422
1.8,1.8292528407673858
2.8666666666666667,2.8348188472322176
0.7,0.833259471021413
2.0,1.8344620033801267
1.9,1.836840791637071
1.6666666666666667,1.8313704655405936
0.7333333333333333,0.8404740026952582
1.8833333333333333,1.8248989293590256
1.6666666666666667,1.8383675154923267
2.9833333333333334,2.8454371508442455
0.9333333333333333,0.8299274598733484
0.8166666666666667,0.8247260428978522
2.95,2.8320147199359393
3.966666666666667,3.8450362148687005
0.9333333333333333,0.8274446085702414
1.9166666666666667,1.8092028831525662
1.7666666666666666,1.8327914036775272
0.8666666666666667,0.8453300167450968
1.6833333333333333,1.8238127333766803
2.8833333333333333,2.8283137597938706
0.8333333333333334,0.8280752934743014
3.716666666666667,3.809439188325703
1.7666666666666666,1.825341173884138
2.9833333333333334,2.83504951342073
2.7,2.8295135812581123
3.75,3.824705307012936
1.9333333333333333,1.8319934140157332
0.7333333333333333,0.8247467960070803
3.7333333333333334,3.8203814140360155
2.9,2.8092013929501736
3.783333333333333,3.829859446183338
2.933333333333333,2.8382401061504647
2.8833333333333333,2.8353925846000823
2.6666666666666665,2.8217765917522097
0.7333333333333333,0.8277145589986132
2.9833333333333334,2.8493906605167236
3.9166666666666665,3.8380522681905442
1.6833333333333333,1.841406787541328
1.95,1.826406803493219
1.7666666666666666,1.839112979875049
0.9,0.8323721656097469
1.95,1.8393147443666624
0.9666666666666667,0.8220313301971233
1.8833333333333333,1.8180224099285942
2.8333333333333335,2.8383356382113956
0.9,0.8313950592275755
0.8833333333333333,0.8312523344565748
3.9166666666666665,3.829388041598985
2.85,2.8405260903443756
1.7833333333333334,1.8478709706221523
2.716666666666667,2.8418008149437486
2.95,2.833193198575291
0.7166666666666667,0.8346353562196355
2.8333333333333335,2.8336871966781985
3.816666666666667,3.824442430611393
3.9833333333333334,3.8335827704239223
0.8666666666666667,0.8401409427285168
0.9,0.829438096104761
0.8333333333333334,0.8334889650833464
3.8666666666666667,3.8388334723704567
1.9,1.8441230328145224
3.816666666666667,3.8243518540814967
1.75,1.8452018762273983
2.966666666666667,2.8501384736682684
2.816666666666667,2.846374615809359
3.7333333333333334,3.833703402300863
3.9833333333333334,3.8359655661552785
1.75,1.8250273822690173
1.9,1.8245971465934678
1.9833333333333334,1.8258023195373059
4.0,3.8360385826789045
1.9,1.8258048224594676
1.7666666666666666,1.8419518845563736
2.8666666666666667,2.8361842463717046
3.9833333333333334,3.8144246944051803
0.85,0.8311357002070758
3.7666666666666666,3.836610949905067
1.85,1.8360232165741046
0.9333333333333333,0.8408842413457285
0.9666666666666667,0.8375989787112219
0.8333333333333334,0.8443822788868696
2.8333333333333335,2.834243456297662
2.9166666666666665,2.826551980108799
0.9833333333333333,0.8408658604830888
3.0,2.8426886693835725
0.9833333333333333,0.8385688146841459
3.8333333333333335,3.839839331240891
2.7,2.831185188246426
3.8833333333333333,3.833044051658679
1.9333333333333333,1.8340297402520889
1.9,1.8239876517743943
3.7333333333333334,3.838347065740446
3.966666666666667,3.836183828194146
1.8666666666666667,1.8283063350108906
0.6666666666666666,0.8315968704544013
2.95,2.831969805687423
3.9,3.848917854507562
0.9333333333333333,0.8333243241966687
2.85,2.8375697846315098
1.85,1.8361141878877039
3.8666666666666667,3.8351682449729094
0.9666666666666667,0.832190316497899
1.6833333333333333,1.836539823239704
2.0,1.8320645067633814
2.683333333333333,2.832633665492119
0.9666666666666667,0.8183322866564867
1.9166666666666667,1.8473889079587993
1.8166666666666667,1.824837970731472
1.6833333333333333,1.8204146747353926
3.0,2.838807336400455
2.816666666666667,2.8415440924914295
0.7833333333333333,0.8377677422931126
3.6666666666666665,3.838566776709664
0.9166666666666666,0.840637689222633
1.7166666666666666,1.82657142423037
1.7333333333333334,1.8377927057838708
1.8333333333333333,1.8302562142198167
2.85,2.823828724500154
2.75,2.8302982042974842
2.8,2.83369325873016
2.0,1.8296962861865205
1.8,1.8324357267996745
3.0,2.822637109138173
2.6666666666666665,2.8389179902265744
3.783333333333333,3.8221580197789335
3.7666666666666666,3.8148393737293507
1.7333333333333334,1.8354262820494247
0.9333333333333333,0.8408658604830888
3.9,3.834729568713335
0.7666666666666667,0.8181237817037084
3.0,2.8324272682214993
3.9833333333333334,3.835353882230572
1.9166666666666667,1.8364657873783883
1.85,1.8300773637204357
0.7333333333333333,0.8264596669193874
2.933333333333333,2.835374014220708
1.9833333333333334,1.8318852007833017
4.0,3.828174115770841
0.9,0.833363252189343
1.9666666666666666,1.8280043036028772
1.9666666666666666,1.8352644468631114
2.7333333333333334,2.82986772352729
0.9166666666666666,0.8285934389206422
0.8,0.8365370706742042
2.8333333333333335,2.8464330431236458
2.8666666666666667,2.8140065284952005
1.7666666666666666,1.8424953968782507
3.716666666666667,3.8313715127252594
2.8833333333333333,2.8408641338547995
2.9166666666666665,2.826037350679079
2.9,2.830235291699988
2.7,2.8315365498866005
3.0,2.839470866575274
1.7833333333333334,1.8332814216314017
1.9333333333333333,1.8325631085009544
1.7,1.8403460005626362
0.6666666666666666,0.8318796764209685
3.9,3.8239639490627684
2.8333333333333335,2.839861668618874
3.716666666666667,3.829090465778931
0.7,0.8231696895566869
3.683333333333333,3.8351743054410123
4.0,3.842866704374586
3.966666666666667,3.8406663702584205
0.9666666666666667,0.8314167161801272
3.816666666666667,3.8384331770065176
3.7,3.841863915535674
3.95,3.8288813066096092
3.6666666666666665,3.8412030589628228
0.7166666666666667,0.8327439825260321
1.85,1.8354214362109442
2.816666666666667,2.834625984308498
1.9166666666666667,1.8375066262112785
0.8833333333333333,0.8259806523708962
1.9166666666666667,1.8393420817116695
2.9,2.8403368543035596
0.9166666666666666,0.8416354805788476
0.9666666666666667,0.8290537121885587
1.6833333333333333,1.8328291713984166
2.0,1.8366605489698629
2.7,2.8438799129698378
2.75,2.8371403921408103
3.9833333333333334,3.8337926615643045
3.7333333333333334,3.84332770587663
0.8333333333333334,0.8464786940349941
0.7666666666666667,0.8362414176146319
0.7833333333333333,0.8421814665508122
0.9833333333333333,0.8279000196651706
1.6666666666666667,1.8332539682415883
0.8,0.8344807673283082
1.9833333333333334,1.8314978888185403
2.683333333333333,2.8267369264459887
3.8333333333333335,3.832797148531291
3.8,3.836998004877085
2.8,2.827127334258981
0.85,0.8305647028193078
2.966666666666667,2.8359356700272556
2.9,2.840916063459519
1.8,1.8283204550091108
1.9333333333333333,1.825838311372281
2.9833333333333334,2.830791952036536
0.8833333333333333,0.8408842413457285
1.95,1.8210161279715822
0.9833333333333333,0.832451202457301
0.7666666666666667,0.8316440541993457
4.0,3.836491560094089
1.6666666666666667,1.8341331948010515
2.966666666666667,2.8433929331861294
2.6666666666666665,2.8326509651829177
1.6833333333333333,1.8310537691376358
0.7,0.8340759671120876
3.8666666666666667,3.845827306476279
3.7666666666666666,3.826252917538601
3.966666666666667,3.837455553533782
1.7833333333333334,1.8266251777745581
2.9,2.8458756129480554
1.85,1.8300691059394165
2.9166666666666665,2.8289338956605508
2.7333333333333334,2.8289791259528254
2.9,2.8341932078781507
1.6833333333333333,1.83469642405652
0.8166666666666667,0.8218341268691663
2.933333333333333,2.83498658062758
1.8333333333333333,1.8307837770213162
2.716666666666667,2.8395723316149146
2.7666666666666666,2.8353614890461905
2.9833333333333334,2.826129875466232
3.8833333333333333,3.832541979834287
0.9666666666666667,0.8362906007447027
0.7166666666666667,0.828856187916418
1.8,1.8451193828450607
1.8666666666666667,1.8397530141022833
3.9833333333333334,3.834522074329742
3.85,3.8344064919850416
2.6666666666666665,2.8309786245815682
0.7833333333333333,0.8327922697802805
1.0,0.8350374211560313
0.7666666666666667,0.8253604449202614
3.966666666666667,3.828665762330617
2.9,2.839504464053334
1.6833333333333333,1.8280044401786362
2.85,2.8306283682816735
1.9333333333333333,1.8302827085861995
2.8666666666666667,2.8470563190513447
2.8,2.8407333974274547
0.8833333333333333,0.8354427882793352
3.966666666666667,3.8216037298771592
2.9166666666666665,2.835022197499377
0.6833333333333333,0.842144925949243
1.7666666666666666,1.8333331285007668
0.7833333333333333,0.838509903513762
2.75,2.831005747323701
1.6666666666666667,1.8417491129682033
2.85,2.8312314741664744
2.9833333333333334,2.8258638352320564
3.8333333333333335,3.8280303312544772
3.783333333333333,3.820974594503478
2.75,2.8332955273116887
0.75,0.8278283403567878
2.8833333333333333,2.8266915709207727
1.6833333333333333,1.8439540189941734
0.8833333333333333,0.8397225439425613
0.8666666666666667,0.8285649652529262
0.75,0.832453042931011
4.0,3.840693188960094
2.933333333333333,2.8454261008834885
0.7166666666666667,0.8400512878919593
3.9,3.8305007130124062
0.9666666666666667,0.8492390222974349
0.7166666666666667,0.8291139986503537
0.75,0.8209484045566764
0.6666666666666666,0.8433353729477389
0.8666666666666667,0.8221766885392353
2.8333333333333335,2.8246041896551417
3.6666666666666665,3.845367770712664
1.85,1.824749299243078
0.9333333333333333,0.8284522687869257
1.9666666666666666,1.8432054080095543
2.85,2.840034880593003
1.7,1.8052270241106176
3.683333333333333,3.8426895974975754
2.7666666666666666,2.8235976983418607
3.6666666666666665,3.8389732337251155
4.0,3.834989517054331
1.6833333333333333,1.817235484217132
2.7666666666666666,2.8322323607415756
1.6833333333333333,1.8375198985970178
3.933333333333333,3.8452969988383057
1.7333333333333334,1.8273033428673386
1.8166666666666667,1.8318494333498263
1.9666666666666666,1.8483298761277147
2.0,1.8307562751122262
2.8333333333333335,2.841356681840266
3.8,3.8310717180407203
3.95,3.835700701521266
1.9333333333333333,1.8422784869517463
1.8,1.8240154105763995
1.7333333333333334,1.8280138419771952
1.8166666666666667,1.8165582050841598
2.8833333333333333,2.832082049219863
2.683333333333333,2.8296162916522123
2.716666666666667,2.829999605450013
3.7666666666666666,3.8173522663252264
0.75,0.8294848973471514
2.683333333333333,2.830986010409141
1.6666666666666667,1.8341386709175729
1.9333333333333333,1.8301486950228332
0.9333333333333333,0.8276999562193191
3.8,3.8354162715208178
2.966666666666667,2.840104483011877
0.9833333333333333,0.8275563165923345
2.7333333333333334,2.835705638966208
0.8666666666666667,0.8223413329708226
2.8666666666666667,2.8328903824953575
0.9333333333333333,0.82716108303104
4.0,3.8281006576814742
3.683333333333333,3.8276244961960977
2.783333333333333,2.8099811320402126
1.7,1.8235808415501316
2.7333333333333334,2.8294469996162253
1.0,0.8256853572576434
3.716666666666667,3.837628945140578
1.8,1.829241773069524
0.9,0.8326500570283935
3.75,3.8108461677383434
0.95,0.830505907689797
2.6666666666666665,2.8359347084506665
1.9833333333333334,1.827734880523703
3.6666666666666665,3.8384749677512944
1.9333333333333333,1.842870936203719
3.8333333333333335,3.827404294299109
0.8333333333333334,0.8451829035220288
2.933333333333333,2.83025252077199
0.8333333333333334,0.822503770384202
0.7,0.8260047399116758
1.7833333333333334,1.8237478230350554
1.75,1.8263725037407839
2.0,1.813145750409234
1.9333333333333333,1.835031887014505
3.9,3.8353887384682412
1.9,1.8094562341527167
1.0,0.8378674484676112
2.9833333333333334,2.8392009913969316
3.7666666666666666,3.826927094973645
1.8,1.828049724958317
3.683333333333333,3.8403169380215614
1.8,1.839923483341591
3.85,3.830735803721582
2.7333333333333334,2.8345876176982276
1.85,1.8393369736736265
2.7333333333333334,2.84099021987496
0.9833333333333333,0.8419577857169024
2.9,2.8349612200619543
2.8833333333333333,2.8306096714075117
0.8166666666666667,0.8339907119946658
3.966666666666667,3.8372172037586982
2.95,2.8489147945870767
2.7666666666666666,2.837649131704018
2.716666666666667,2.831255819861379
0.7,0.8258705181190511
0.8,0.8241603476964505
1.0,0.8427370850760711
3.933333333333333,3.8232847601879736
2.8833333333333333,2.8303665467543393
3.716666666666667,3.8519953653766716
0.7833333333333333,0.8360062714198199
2.8333333333333335,2.834156207333751
0.85,0.8206107562709206
0.7833333333333333,0.8356829016237206
1.9666666666666666,1.8296655940085826
3.716666666666667,3.825738343864621
2.8666666666666667,2.8320125957749274
0.7333333333333333,0.8275390676820727
1.7833333333333334,1.8270936065115961
0.9833333333333333,0.850205827078043
0.85,0.834917811233627
1.8833333333333333,1.8382709753770112
2.0,1.826581778160839
3.85,3.837070980372671
1.9833333333333334,1.8339698334807155
2.9,2.843868343612718
2.7666666666666666,2.8284044514769864
3.7666666666666666,3.8184448148737773
0.7,0.83467817571976
0.75,0.8408067462581156
0.9833333333333333,0.823258019491814
1.7,1.8365588697575908
2.9166666666666665,2.8238252568187274
2.8,2.844502609585668
2.85,2.8343196338566448
3.85,3.8380246372968303
0.9,0.8272109137426692
0.8333333333333334,0.8299671549736547
2.966666666666667,2.8444477193446427
3.8666666666666667,3.8327633348756023
2.85,2.8334489628420854
2.816666666666667,2.8296378197676733
3.816666666666667,3.842221545337209
2.9,2.8339916155909117
0.8,0.8311049734447913
3.75,3.8288423913336125
1.9666666666666666,1.8401396112604216
0.7666666666666667,0.8233400953721893
3.933333333333333,3.8366419410958565
1.6666666666666667,1.8396355767392143
0.9166666666666666,0.8289462910514332
0.9333333333333333,0.8339603162995006
3.7333333333333334,3.8429888764346907
1.7333333333333334,1.8222101329861886
3.6666666666666665,3.83292747077128
3.95,3.8313676986759164
1.9333333333333333,1.8383438945402204
3.9,3.8342160340745273
1.8,1.8357033602216317
3.9,3.842098910456404
1.6666666666666667,1.82996776914324
3.75,3.8489490781284332
1.0,0.836348185803867
1.7666666666666666,1.832751218658253
3.933333333333333,3.8439820930543283
0.9,0.8258986237311866
0.7,0.823571807664201
2.816666666666667,2.8522396007706647
1.7666666666666666,1.8203348926705396
1.85,1.8267323939540216
1.9333333333333333,1.8202412291875638
1.9333333333333333,1.8361488142328632
1.95,1.8186894877437345
2.95,2.8362289208180598
3.683333333333333,3.831051222619467
0.8166666666666667,0.8233763485367546
0.7333333333333333,0.8446846732409129
0.8666666666666667,0.8277532443743317
2.7666666666666666,2.8465865766056315
1.7833333333333334,1.847624459095328
1.7166666666666666,1.8289262355651752
2.966666666666667,2.8458490822607097
0.8833333333333333,0.8390165691504409
2.8333333333333335,2.836064311567288
4.0,3.838363579344508
3.783333333333333,3.850693488891082
2.966666666666667,2.844492192659092
0.9666666666666667,0.8325956001604419
2.7,2.834698344822958
1.9,1.8339698334807155
0.9,0.8345500947298438
0.9833333333333333,0.8124461202560223
0.75,0.8354893811103362
3.7666666666666666,3.843463107904895
0.75,0.8363239496954487
0.6666666666666666,0.8316147956158065
1.0,0.8329008458782435
1.9,1.8476779718561727
3.8,3.836081742068678
1.6666666666666667,1.823661529836522
0.9833333333333333,0.8352971258894227
1.9666666666666666,1.8318852007833017
0.9833333333333333,0.8240735123761627
1.9666666666666666,1.839164236999369
0.8166666666666667,0.8409267956069594
3.816666666666667,3.829920363520263
3.966666666666667,3.835292350481509
0.7833333333333333,0.8332972735113958
4.0,3.830187016625796
3.966666666666667,3.8307717456081565
3.95,3.8306385765602546
3.95,3.8317272541795635
0.8333333333333334,0.8476075058115824
1.8,1.831518403957888
1.95,1.8482348088795388
0.95,0.8324859060468022
2.9166666666666665,2.825590210359075
2.6666666666666665,2.828306006558198
3.9166666666666665,3.8264856651439283
1.7166666666666666,1.8400496254423404
0.8166666666666667,0.8341696669288412
2.933333333333333,2.830768248629452
2.75,2.830645287763578
2.933333333333333,2.827509066151654
3.9166666666666665,3.828594931514796
1.0,0.813581403612504
3.7333333333333334,3.83497064768304
0.7333333333333333,0.8370060504199741
2.9,2.8160341755032725
0.9666666666666667,0.8319733535153019
2.716666666666667,2.8374142493560743
0.6666666666666666,0.8267827941137553
0.8,0.8374657238059836
0.8833333333333333,0.8251618947783506
3.933333333333333,3.8231005127885793
2.6666666666666665,2.8238976248549643
0.7333333333333333,0.8372147979389755
2.8333333333333335,2.8302667516025064
0.8833333333333333,0.8321122196867933
0.6833333333333333,0.8337979891699919
3.9833333333333334,3.834279693775636
2.716666666666667,2.836350328710323
2.683333333333333,2.839235052016793
2.7,2.8410104943084247
0.7666666666666667,0.8338076691733832
0.9666666666666667,0.827410551372457
3.7666666666666666,3.8374726903464644
0.9333333333333333,0.8351942630228648
1.8666666666666667,1.828826485206745
2.7333333333333334,2.834335762212947
3.683333333333333,3.8379829211286274
1.7166666666666666,1.840504418201936
3.783333333333333,3.823884112072938
2.7666666666666666,2.844349671599323
1.9,1.8392453337451284
3.933333333333333,3.831844834215197
1.0,0.8246747083003543
0.8166666666666667,0.822890085714904
2.816666666666667,2.8345628037331165
3.95,3.8272175708241503
0.8,0.8373251553153835
2.8333333333333335,2.8183835557655836
2.683333333333333,2.8280004331179174
1.9666666666666666,1.8245090859925428
2.9166666666666665,2.8343477617662898
0.7333333333333333,0.8307921148970009
0.95,0.834878012237648
0.8833333333333333,0.8407264376674286
2.7666666666666666,2.8191972557254177
0.7833333333333333,0.8374650079320947
0.8166666666666667,0.8340407078547172
0.6666666666666666,0.8429022769199733
0.9166666666666666,0.8290599940293751
3.7333333333333334,3.8228229209110065
1.8,1.8446134731025403
0.95,0.8390165691504409
2.9,2.8338089167208755
2.75,2.8396286696777633
1.9,1.8451570317161439
2.9,2.8365197223777074
2.816666666666667,2.833115545309441
1.7333333333333334,1.8409619058742752
1.9666666666666666,1.8293453854335036
2.85,2.8099811320402126
2.816666666666667,2.8307916835549
0.8,0.8362231942927604
3.8666666666666667,3.8176122198627866
2.716666666666667,2.8400590743064615
3.966666666666667,3.834989517054331
1.7333333333333334,1.8181561089883922
2.8,2.839690005379928
3.683333333333333,3.8315104206085095
2.95,2.8340678837213984
2.8833333333333333,2.8290605516182348
2.85,2.840626132643391
0.8166666666666667,0.8154267404634078
0.6666666666666666,0.840072170444845
1.7666666666666666,1.824203589626114
3.7666666666666666,3.821631078476768
0.9833333333333333,0.8248216687460842
1.8833333333333333,1.8350369395876607
0.9666666666666667,0.8216266365764814
3.6666666666666665,3.8294422347628103
1.6666666666666667,1.8238655908448462
3.9,3.8384596583025927
1.75,1.8301307637949313
1.95,1.8336558200399875
3.6666666666666665,3.8373055912286134
3.8,3.8394484063230268
2.966666666666667,2.8295295379809517
1.9666666666666666,1.8373428509704761
1.95,1.8356826756385456
2.8833333333333333,2.8399205161277497
1.9833333333333334,1.8455796544962246
3.933333333333333,3.8386070175033264
1.9666666666666666,1.8319635716894112
0.85,0.8386728120232099
1.9166666666666667,1.8345192154997354
0.6833333333333333,0.8377457908349009
3.7,3.840747259141784
2.0,1.843333165076593
3.8666666666666667,3.8365072759151233
1.0,0.8254070224819953
1.8666666666666667,1.8211835878789924
2.0,1.837076995215662
1.95,1.8388060704458595
2.75,2.8369049641305013
0.7666666666666667,0.8402822889573671
2.7666666666666666,2.8381260664955046
2.85,2.8314511934690376
3.75,3.8245029161015447
2.8,2.832403227687448
1.9333333333333333,1.831415107309237
0.95,0.8429947973550459
1.6666666666666667,1.8366630251192717
1.8666666666666667,1.8483309806290023
0.7333333333333333,0.8185919869802122
0.7833333333333333,0.837154022616119
0.8166666666666667,0.8344540912296666
1.8333333333333333,1.8250319361828815
1.0,0.8293768710957004
4.0,3.8368763481005304
0.9666666666666667,0.8516908722318274
3.85,3.83659932500734
2.8333333333333335,2.8338838326810016
2.6666666666666665,2.864306976706177
3.8666666666666667,3.845426931688148
0.8,0.8247250796367231
2.683333333333333,2.828761676414524
2.783333333333333,2.84608473844379
3.6666666666666665,3.819928579501684
0.9333333333333333,0.828687097589453
2.0,1.8252773123702268
2.783333333333333,2.832744462646262
1.9833333333333334,1.8357321885632023
3.9833333333333334,3.832416042111518
1.8,1.832678115554003
1.9833333333333334,1.82657142423037
3.8,3.8389020345064044
2.933333333333333,2.8345300195022065
2.7666666666666666,2.8210039694514593
2.7,2.848677068357736
2.8,2.8410692524942407
0.9666666666666667,0.8253604449202614
1.8666666666666667,1.8277535329985355
4.0,3.829540243346738
3.933333333333333,3.815988139392301
2.9,2.8425370179153773
0.9,0.8398474595739258
3.933333333333333,3.8299211728155114
1.7833333333333334,1.837134041369728
1.8333333333333333,1.815768397915893
2.783333333333333,2.8367774932476726
3.716666666666667,3.8134113134954224
1.6666666666666667,1.8329503499758295
3.7,3.8220183091197266
2.966666666666667,2.8251864591965874
2.7,2.833403797369204
1.9333333333333333,1.8271437999360074
1.7166666666666666,1.840466766457152
0.8166666666666667,0.8339598377022039
1.85,1.824847488892737
0.6666666666666666,0.8282513307399845
0.6666666666666666,0.8271974365836259
3.966666666666667,3.8374637648749514
0.8666666666666667,0.8317871575222066
0.7,0.8335754501269922
0.9833333333333333,0.8321820352161187
2.9166666666666665,2.8247366201187214
0.8,0.8248305161218606
2.7,2.8314305094124244
1.75,1.83509061405761
2.683333333333333,2.8316572486553344
1.8666666666666667,1.836708144967912
2.683333333333333,2.8474847234144813
2.75,2.813430200535003
3.9833333333333334,3.8317982964973702
1.8666666666666667,1.843185518981255
2.7666666666666666,2.8264669518424164
2.75,2.84320648567631
2.816666666666667,2.8444477193446427
0.8833333333333333,0.8349711517701511
0.8,0.830467493584906
0.8,0.8312214734214427
3.7,3.83342905089274
0.9666666666666667,0.8308338258525864
3.9,3.816913807850766
2.816666666666667,2.8515148086221807
1.85,1.8200968274918154
0.9166666666666666,0.8402964228029463
2.8,2.8328687694862924
2.816666666666667,2.837218806608866
1.95,1.8382025538312963
0.9166666666666666,0.8437881233517246
0.9666666666666667,0.8370156156622615
0.9833333333333333,0.8348034304496281
0.7,0.8473447473483644
3.8333333333333335,3.833699006354463
0.6666666666666666,0.8327505803394044
2.816666666666667,2.8315556667598116
0.7333333333333333,0.8314631873588509
3.75,3.8434019788311384
1.95,1.8375004956683119
4.0,3.835883768452109
3.7,3.8360067884117224
3.783333333333333,3.8337667973714598
3.9166666666666665,3.831662629224903
0.6666666666666666,0.8275286288043443
3.7666666666666666,3.8325010439017304
1.0,0.8403217743113506
2.9833333333333334,2.8361011244648204
2.7333333333333334,2.8432404919197274
0.85,0.8308529662901294
1.7,1.8318840639751692
0.8333333333333334,0.8432637529670659
0.95,0.8464720683136313
3.9,3.8407052390083805
0.75,0.8344671225751017
3.9833333333333334,3.830726316089291
3.966666666666667,3.8266937257799714
2.8833333333333333,2.8462516074374817
2.8333333333333335,2.8315127114439975
0.8166666666666667,0.841517247820869
3.7,3.842676934090954
2.683333333333333,2.8383877177395713
0.7833333333333333,0.8353920495419493
1.8166666666666667,1.822555609544684
3.95,3.823876655566008
2.8,2.8373631250534235
2.7666666666666666,2.8290634545304894
0.8,0.8332457974411858
2.716666666666667,2.8301053839142276
1.8,1.8382939344620701
0.95,0.8248093790888931
0.8666666666666667,0.8339184493149788
3.966666666666667,3.834537719850208
1.9,1.8377907981905626
2.9166666666666665,2.823546339149589
2.75,2.8191972557254177
2.95,2.8358721136618112
2.85,2.8425709681296776
0.7166666666666667,0.8440782870032534
1.7,1.8351546466272148
1.8166666666666667,1.8352426288018768
2.7666666666666666,2.83324933440593
2.75,2.8356988812311115
0.7,0.823964358025487
0.8166666666666667,0.8289019316023147
2.7666666666666666,2.8402286990442724
3.783333333333333,3.8176983074622224
2.9,2.833525248183175
1.7166666666666666,1.8379759642770985
2.7,2.8526377884599463
2.7333333333333334,2.8335421705763726
3.7,3.8321932204085174
2.8666666666666667,2.836514427276308
0.75,0.8404153174256728
3.8,3.817123600595889
1.7333333333333334,1.8400466935200905
3.8,3.83225769555035
1.9666666666666666,1.8245632295726215
1.7,1.8253472415609704
2.7333333333333334,2.8480752417192616
0.6666666666666666,0.8208860900441078
3.6666666666666665,3.8402175746756204
0.9333333333333333,0.8151031323053968
0.6833333333333333,0.8308260886680218
3.8666666666666667,3.8371945171318447
1.7833333333333334,1.810458480611419
0.7333333333333333,0.8179009903540468
0.7333333333333333,0.8343520683409583
2.9,2.831692951623786
3.9166666666666665,3.820437245502485
1.7,1.8397511068579147
3.7333333333333334,3.833038210614235
2.816666666666667,2.8475154918340913
3.7,3.8173061127153107
1.6833333333333333,1.8326232460276715
1.95,1.8230954625114077
1.0,0.8240000909101614
2.683333333333333,2.844998400089064
3.95,3.8471157353113887
2.8,2.8258945078500766
3.783333333333333,3.832865259173535
1.6666666666666667,1.8364933818439197
0.7333333333333333,0.8305986414040804
0.9,0.8195070336533962
1.7166666666666666,1.837005926497145
0.7833333333333333,0.8413123810324054
2.95,2.839579095928923
3.783333333333333,3.8426463465765655
2.9166666666666665,2.842087073040538
2.933333333333333,2.8353031669516344
1.7333333333333334,1.8318852007833017
0.8666666666666667,0.8356078794115567
2.8666666666666667,2.8363081776064423
3.7666666666666666,3.832225158505431
3.783333333333333,3.8429888764346907
0.7666666666666667,0.8403513064943101
1.7333333333333334,1.8347160656505874
2.683333333333333,2.829593320105675
1.75,1.8284428263062003
1.7666666666666666,1.8285740956940613
3.8833333333333333,3.8496780415346628
2.9833333333333334,2.8466265207109056
3.8833333333333333,3.8191594423796955
2.816666666666667,2.8344009305372726
0.95,0.8316151417058445
3.0,2.8404153010483855
2.933333333333333,2.826669636235254
1.9166666666666667,1.8446205097091044
1.95,1.826917935986294
0.9166666666666666,0.8396581213410809
1.7666666666666666,1.8444350098458395
3.966666666666667,3.8162545058458677
1.8833333333333333,1.8304747110489743
1.7333333333333334,1.8397629476905093
1.8,1.825306543165926
0.6666666666666666,0.8238285579874972
3.966666666666667,3.841849026348018
3.0,2.842596081834634
0.9666666666666667,0.8399722191115253
0.85,0.8408061214747843
0.9666666666666667,0.8299279119532278
2.7333333333333334,2.8375517965846218
2.0,1.8401626303949732
2.783333333333333,2.8187960466160162
1.6833333333333333,1.8441230328145224
2.0,1.8330372604311171
1.8,1.8409807679520325
0.8,0.8268854214846462
1.8666666666666667,1.8312804999043553
1.9833333333333334,1.8003478809913946
1.75,1.8261057293544116
2.9833333333333334,2.8567181248595346
1.85,1.8320973844463309
1.9666666666666666,1.8283944606276055
1.8833333333333333,1.8369534977677304
0.9166666666666666,0.8292482051499667
0.7333333333333333,0.8224334236160813
1.9333333333333333,1.8206804365763667
0.8666666666666667,0.8390642774953048
3.8,3.8385444148727172
3.75,3.83237402445142
2.8666666666666667,2.831073964559059
2.0,1.8327071504798145
4.0,3.8324061759641173
2.95,2.842966119416029
3.816666666666667,3.8306634892905698
0.95,0.838038353652793
3.7666666666666666,3.8331959514894236
0.9,0.8253738851649388
0.7,0.8375529325642468
1.8666666666666667,1.8064765919855192
2.7333333333333334,2.840064002432495
1.9,1.8421868693365013
1.75,1.836191096236421
0.8333333333333334,0.8327254991471252
0.7666666666666667,0.8261865769063163
3.933333333333333,3.839028215045238
3.7,3.826970310944164
2.933333333333333,2.844403216653284
0.85,0.8406047742361722
0.8,0.8366968299888097
3.9,3.825700270883305
3.0,2.8316201641743373
1.0,0.8370638600621306
3.9166666666666665,3.830344202469485
1.8333333333333333,1.8381631039974025
2.683333333333333,2.8501457469327085
2.7333333333333334,2.830997555486286
0.95,0.828659365498158
0.8166666666666667,0.823062046102359
1.8166666666666667,1.8201629797539765
2.95,2.8425182781520935
3.783333333333333,3.833516640920524
2.95,2.8332757800385293
2.75,2.8257110688219673
0.9833333333333333,0.8535850626063594
3.7333333333333334,3.8390776687029673
1.9833333333333334,1.8123572860308903
2.95,2.8483557000783617
0.8833333333333333,0.8398327737487417
3.9166666666666665,3.827532765569756
1.8166666666666667,1.8388659281344097
2.75,2.836935395733034
1.9,1.8244534837987434
2.966666666666667,2.8397285855759167
1.0,0.8304144836848821
1.8166666666666667,1.8224359415390712
2.933333333333333,2.830670816321515
0.9,0.8370784540535818
1.85,1.8265854861603676
3.783333333333333,3.8266462942676416
0.9833333333333333,0.8263601087579713
3.6666666666666665,3.845293032063934
0.9166666666666666,0.8337627570435618
2.7666666666666666,2.8365941632209752
3.95,3.8275457568830147
0.9166666666666666,0.8263737829929066
2.8,2.840887955074604
1.6666666666666667,1.8241870274474403
3.95,3.831413222230946
0.8333333333333334,0.8323703426098493
0.7833333333333333,0.8422936847981939
0.6666666666666666,0.8306507832611352
3.716666666666667,3.8310800145737756
3.966666666666667,3.8274635917861057
2.95,2.8339154335735723
1.6833333333333333,1.821385275481357
3.7666666666666666,3.8341473896579483
2.95,2.838970886511145
3.7,3.8317836547492616
1.7166666666666666,1.837320903069466
3.7333333333333334,3.8380844526108255
3.9166666666666665,3.8321932204085174
3.85,3.8437885487813643
2.966666666666667,2.837672785437937
0.7833333333333333,0.8377865413534326
3.816666666666667,3.8379342356073716
2.9,2.831244611998754
0.8666666666666667,0.8496801633238601
2.8666666666666667,2.8325335042411717
1.7333333333333334,1.8409099895808625
2.7,2.833883743590323
1.9833333333333334,1.8331922845961608
2.7333333333333334,2.8295692008651177
2.8833333333333333,2.8212235269819503
0.7166666666666667,0.8357684861243173
2.8666666666666667,2.83226663533946
2.6666666666666665,2.8339607175673813
1.6833333333333333,1.8295471415182993
0.9833333333333333,0.823258019491814
1.9833333333333334,1.8233655407059488
1.85,1.8250907572705162
1.7666666666666666,1.8270936065115961
3.9,3.8307262457283593
0.8333333333333334,0.8415920505715542
2.9166666666666665,2.8307957894976523
3.9833333333333334,3.830392017314759
1.7833333333333334,1.83397030841418
1.9166666666666667,1.816059721676947
0.8333333333333334,0.8298417957946356
1.7,1.843000906190044
2.9,2.833206827413069
2.7,2.8378949073990727
1.7,1.8266495659458994
0.7333333333333333,0.838994943957409
1.8,1.8301322812410439
2.8333333333333335,2.824386054661171
2.683333333333333,2.837197453143362
0.85,0.8489060341064366
3.8666666666666667,3.837132781676566
3.683333333333333,3.839336757941064
0.7,0.8414097108837879
1.8166666666666667,1.8359917433817956
2.85,2.825680695635758
0.75,0.8273188087104703
3.8666666666666667,3.8240659279972378
2.966666666666667,2.8390624083161913
3.716666666666667,3.8315882077130965
3.783333333333333,3.8322894197955044
1.7,1.8345082811223845
3.6666666666666665,3.8372209825999533
0.75,0.8369028510359386
2.9,2.8345300195022065
2.783333333333333,2.8423221861883503
3.716666666666667,3.845380528010645
3.0,2.8262067966346094
0.7,0.822464627997042
2.933333333333333,2.8360881842082177
1.8666666666666667,1.8344908944416836
0.9833333333333333,0.829779170950561
0.95,0.8241917650729162
2.933333333333333,2.8547863198132943
0.9833333333333333,0.8300454489450402
0.95,0.8303086851436927
0.6833333333333333,0.8317791133234522
1.9833333333333334,1.8367354621493226
3.683333333333333,3.8264069695124237
0.8,0.8346160182372973
2.95,2.834835093979129
1.8166666666666667,1.8225637906325465
0.7,0.8336657615700651
2.8,2.8364914720104446
3.966666666666667,3.8386645544321514
2.966666666666667,2.8362055644506707
0.9,0.8248629998077321
3.85,3.828973434361892
3.7,3.843071277393352
1.6833333333333333,1.8313211464769907
0.8,0.8451652418903051
2.783333333333333,2.8400468307530775
0.7666666666666667,0.82647773874491
2.783333333333333,2.846724373463262
0.95,0.8358436355579625
2.8333333333333335,2.8287292250180207
1.9,1.8322732567392537
2.683333333333333,2.8347295128538494
3.8333333333333335,3.839957852042064
0.85,0.8350966744561648
0.6666666666666666,0.8347714068246261
2.933333333333333,2.831005747323701
2.95,2.8256082287944566
0.95,0.8444048629040624
0.7166666666666667,0.8304962331806108
0.8,0.8302714192862323
0.8166666666666667,0.8398237816013413
2.966666666666667,2.8315736001604184
2.716666666666667,2.8388715352281126
3.683333333333333,3.8364303599379888
3.0,2.833068473288996
3.8666666666666667,3.834989517054331
2.85,2.8401516623045455
2.8,2.8240422470751976
2.8333333333333335,2.846249547453102
2.783333333333333,2.834364782677256
0.7666666666666667,0.8206689094791026
3.933333333333333,3.831808952735148
1.9333333333333333,1.8226365822291515
2.8333333333333335,2.8255557005947143
0.8333333333333334,0.8230477920373386
3.716666666666667,3.8319523269126665
3.783333333333333,3.8337925203939083
2.8666666666666667,2.833601123052314
2.95,2.8278276328908474
4.0,3.826661889271426
1.9833333333333334,1.8419091549361926
0.7333333333333333,0.8231717949866565
1.6666666666666667,1.8217549121492522
0.7333333333333333,0.8286461956141453
1.6666666666666667,1.8222326910600801
2.75,2.840420127060369
3.8833333333333333,3.837434261832683
0.6666666666666666,0.8310864404020889
3.75,3.831770953432903
3.95,3.8319339014156406
2.783333333333333,2.8379450753410165
1.9,1.8137932979718974
2.9,2.831630058102898
1.75,1.8312105503054403
0.7666666666666667,0.8389401249348218
2.8833333333333333,2.829419206753453
2.7666666666666666,2.8432224660027234
0.8166666666666667,0.8330034549390077
3.8666666666666667,3.8167169909837413
3.716666666666667,3.837041460824856
2.8666666666666667,2.820747044655725
1.8833333333333333,1.8443745063538413
0.8,0.8413595892036758
0.6833333333333333,0.8193692348839241
0.7,0.835642741342546
2.85,2.835290381956477
3.716666666666667,3.8307874954591083
0.7833333333333333,0.8318684096304227
1.7333333333333334,1.8231611707201478
0.8833333333333333,0.8473441563742665
1.8666666666666667,1.8421633663468728
2.75,2.831009261832534
1.7833333333333334,1.8330160396279536
2.9166666666666665,2.829503599142778
0.7666666666666667,0.8384679616115766
2.8666666666666667,2.8381697422889065
2.7,2.8314279245097476
3.85,3.8370650504333215
2.783333333333333,2.8348057827831785
1.9333333333333333,1.8318965003734358
3.7666666666666666,3.8258384243589916
2.716666666666667,2.8295952811642335
2.9,2.814113725323703
2.0,1.8334187944287548
1.75,1.8446205097091044
2.716666666666667,2.835714890142995
1.7166666666666666,1.8301797721607544
3.6666666666666665,3.8373390377452954
3.683333333333333,3.8301086715822366
3.7666666666666666,3.826166566856246
1.6833333333333333,1.8408934520793745
3.783333333333333,3.8389163124415258
3.783333333333333,3.828056894589378
0.6833333333333333,0.8342480059812247
2.816666666666667,2.8324624436637826
0.9833333333333333,0.8355734904417602
2.7,2.8261322214459876
2.683333333333333,2.825126806446767
2.8666666666666667,2.8300426520905217
2.966666666666667,2.8259237064692333
0.8666666666666667,0.8256480175923023
2.8,2.8299142829219055
0.9,0.8307614017617382
0.75,0.8332558706158294
3.7333333333333334,3.828868020433752
1.85,1.8165315851215669
0.6833333333333333,0.8377123696549897
0.8166666666666667,0.8402994504255514
0.7,0.8389795170332607
2.816666666666667,2.8339607175673813
1.9,1.8282236431242638
3.7666666666666666,3.83614260712234
1.8833333333333333,1.8352831580724094
2.7666666666666666,2.8301817063006367
2.8,2.8351451229197466
0.8666666666666667,0.8247511735456053
3.9,3.822433675797853
0.6833333333333333,0.8322429469830677
0.9166666666666666,0.8334594806490934
0.9833333333333333,0.8335590446178222
3.8666666666666667,3.832852362602946
1.7666666666666666,1.8397842665119635
2.75,2.8395942278505983
3.816666666666667,3.8417459616417413
2.933333333333333,2.84304198868889
2.6666666666666665,2.843035915482623
1.8833333333333333,1.829260068316622
3.7,3.83711346251053
3.85,3.835804525690843
3.8833333333333333,3.8406178355459843
1.8333333333333333,1.828005860252347
0.9166666666666666,0.8192089204482143
1.8333333333333333,1.8318335886380022
3.8,3.8399059511641425
2.933333333333333,2.8327128670631003
3.9166666666666665,3.841441979782652
1.75,1.8356095251797342
1.9333333333333333,1.8474161648101801
1.7166666666666666,1.8162034093506236
1.9666666666666666,1.8374422468736866
2.8666666666666667,2.825818443753681
1.95,1.8325659435580377
2.85,2.8295058272938456
1.7833333333333334,1.8341576488195466
0.9333333333333333,0.8453702751787469
1.8333333333333333,1.848014634189817
2.9166666666666665,2.8303829359781347
2.9,2.846278226548443
1.6833333333333333,1.8046676050936683
0.7333333333333333,0.8500636741965861
1.7,1.8186212349825195
0.8166666666666667,0.8377628271095305
2.6666666666666665,2.828973060291185
1.9666666666666666,1.827641424834051
2.933333333333333,2.8327387821000336
2.816666666666667,2.8300426520905217
0.6833333333333333,0.8363316585378863
0.6666666666666666,0.8358168585409917
1.7,1.8259691060100443
0.7333333333333333,0.8457378440991435
3.75,3.8271460587958153
1.8666666666666667,1.8351699668857622
0.75,0.8472047718049868
0.9166666666666666,0.8273878454198969
2.9833333333333334,2.8341987701330646
2.966666666666667,2.8447380735056345
3.7333333333333334,3.8450888717715452
2.966666666666667,2.839723445420534
3.8833333333333333,3.8301967470040434
0.7833333333333333,0.8322006212960431
3.9833333333333334,3.838782696145713
2.816666666666667,2.835699633697112
2.7,2.8418004463002573
3.9833333333333334,3.832909691763154
2.783333333333333,2.8281352806814426
3.7333333333333334,3.8269529983993635
1.8666666666666667,1.8382961434769798
3.783333333333333,3.8264856651439283
1.9666666666666666,1.8389840280166994
2.816666666666667,2.832924237336962
1.85,1.8437224424526903
3.8,3.831366514728471
1.8,1.8304668053462854
2.75,2.831147338877593
3.9833333333333334,3.836808856542102
3.95,3.845084982913875
1.9333333333333333,1.8377281601380024
0.6833333333333333,0.8189397545250121
0.85,0.8240337186604901
2.8,2.839639281493063
2.683333333333333,2.840345670406238
3.7,3.836041971511118
0.9666666666666667,0.842215104233809
3.75,3.8353818332603633
1.9333333333333333,1.8211386660082065
1.75,1.8371432112355037
1.9166666666666667,1.8296739451583424
0.9333333333333333,0.8356226616732171
3.816666666666667,3.8290834833372327
0.8333333333333334,0.826105916938802
3.683333333333333,3.8336651472667036
0.9333333333333333,0.8257510278231311
2.0,1.815663209641005
3.816666666666667,3.8245425273889166
0.8,0.8393408613487594
2.7666666666666666,2.828739489134338
2.75,2.827302093767936
0.9166666666666666,0.8238456175645671
0.6833333333333333,0.8388045417155119
2.9166666666666665,2.8256391771481044
0.7,0.8353293960161154
2.9166666666666665,2.838901712063277
3.933333333333333,3.8416069291689485
1.8833333333333333,1.8291344844304895
2.95,2.8403149399144625
1.95,1.820225679559751
0.85,0.8390149583078133
2.9166666666666665,2.830684760971496
1.8,1.822577805512095
2.816666666666667,2.8374142493560743
3.9,3.837283434942425
1.8166666666666667,1.8315174222886312
2.9166666666666665,2.829422635444889
1.8333333333333333,1.8208669642723485
0.9666666666666667,0.8474447312083404
1.7833333333333334,1.8426240360783765
2.683333333333333,2.8361060786792835
0.7666666666666667,0.82066030495194
2.9166666666666665,2.8323329137163267
3.0,2.8292905954617242
3.966666666666667,3.825168708068054
1.7166666666666666,1.8350939848832208
2.75,2.8363868342637915
3.9833333333333334,3.839302499289853
3.933333333333333,3.8323403114221155
2.8833333333333333,2.826208965400143
3.966666666666667,3.8406898770046025
1.8833333333333333,1.8260481565186557
3.6666666666666665,3.825687696141892
1.85,1.8404236535765208
0.7833333333333333,0.8415873680810482
1.0,0.8133115587072929
0.9666666666666667,0.8196906862963194
0.7,0.8223244374600559
2.6666666666666665,2.8315175222411875
0.6833333333333333,0.8416916686356664
1.8,1.821660258489826
0.75,0.8411015573320977
1.6833333333333333,1.8186900529212613
0.9333333333333333,0.8423518791843345
3.9833333333333334,3.8372788871621237
0.6833333333333333,0.8219501385421003
3.8833333333333333,3.833974610356716
4.0,3.8392610908774834
2.75,2.8353068896534275
2.933333333333333,2.829219874844368
2.716666666666667,2.817532432145112
1.8333333333333333,1.8316712421949797
1.9333333333333333,1.8248743043278117
2.85,2.8331491543804943
2.8,2.849365292841176
3.933333333333333,3.8326480937490395
2.783333333333333,2.830491698137838
1.7,1.8390520663367333
2.716666666666667,2.828540360428058
2.8833333333333333,2.8432231162728505
2.9,2.8287292250180207
1.75,1.8293520425507261
1.7166666666666666,1.8251825432703146
3.8833333333333333,3.8365822021706144
0.8,0.8306526423112168
0.75,0.8412911742225421
3.95,3.847089808045522
3.6666666666666665,3.8303998774268706
3.716666666666667,3.8327238587402817
0.9166666666666666,0.8275390676820727
3.8333333333333335,3.8354248660878314
3.716666666666667,3.8463572253170857
1.95,1.8244021597096305
1.8,1.8281403139958023
1.9833333333333334,1.8208915810509791
2.0,1.8354695606790605
1.8166666666666667,1.8424847361156316
0.8666666666666667,0.828659365498158
3.9166666666666665,3.8445665918815486
1.6666666666666667,1.8239876517743943
1.6833333333333333,1.826728861015423
1.95,1.815920668270415
3.933333333333333,3.841808442822503
3.783333333333333,3.8408735982368523
1.7666666666666666,1.8427325745168772
0.8333333333333334,0.8288337228433755
2.783333333333333,2.8252578967713116
0.9333333333333333,0.8251963138166966
0.9833333333333333,0.8347771552675277
0.6833333333333333,0.8219955701309436
2.7666666666666666,2.8320663499751912
3.8333333333333335,3.838240305137697
2.8333333333333335,2.8352436773491285
0.7333333333333333,0.8371030979476572
1.7666666666666666,1.8323369855388032
3.683333333333333,3.844283479377068
1.9833333333333334,1.8376154411564283
2.95,2.8427890167729015
3.783333333333333,3.8193198208696133
0.85,0.8311059269354181
3.0,2.8346445166426184
0.6666666666666666,0.838946784227547
0.85,0.8331450555960868
0.85,0.8361396366407174
1.7166666666666666,1.8516793544833314
3.683333333333333,3.8403495472074667
0.9166666666666666,0.8310187365074532
2.8833333333333333,2.8464252087805026
1.7666666666666666,1.8405407061182693
2.95,2.8402149462632917
2.7,2.8297401507202435
3.8333333333333335,3.840909785960239
0.9833333333333333,0.8315190955253456
0.9333333333333333,0.8271063887797532
0.7,0.843577680603981
2.95,2.8518990677789513
3.9833333333333334,3.832044311626423
0.7166666666666667,0.8300433906208717
3.683333333333333,3.8388097292047347
1.6666666666666667,1.8318140026033893
2.0,1.84474172694165
1.9333333333333333,1.8307841293235552
1.9833333333333334,1.8402552367760308
2.8666666666666667,2.833845965016
0.8,0.8377628271095305
2.6666666666666665,2.833500620553143
0.6833333333333333,0.8315397227468314
2.9166666666666665,2.839860967142924
3.9166666666666665,3.826064308977521
2.7666666666666666,2.8289535510426056
1.9166666666666667,1.8317358855154864
3.7,3.8390733168391824
1.7,1.8307714602159157
0.7833333333333333,0.8231999395648413
2.8333333333333335,2.829843829563669
3.9833333333333334,3.8266745317301365
2.8333333333333335,2.8375495584988797
2.7666666666666666,2.83804212444926
3.716666666666667,3.83711148974969
2.75,2.8403294552014553
0.8166666666666667,0.8425887447944878
1.8666666666666667,1.8318531209722406
1.8166666666666667,1.8406374156525103
1.9333333333333333,1.8210615152197887
1.8166666666666667,1.8232722412114697
3.8666666666666667,3.8387703721135016
2.8666666666666667,2.8438176526386014
3.7666666666666666,3.8324359041683262
3.6666666666666665,3.8336378003085447
3.816666666666667,3.825909166893961
1.7,1.8424847361156316
2.85,2.8439113702731817
0.7833333333333333,0.829729035351222
0.85,0.8342680351012483
3.85,3.8332245089900203
1.9666666666666666,1.846252460026211
2.75,2.8375326416479436
2.0,1.8298145007131643
0.8333333333333334,0.8364516705858455
0.7333333333333333,0.8425103631081773
1.8666666666666667,1.8356530269666627
1.95,1.8246862622289475
1.7666666666666666,1.839381782548981
0.9166666666666666,0.8431632490125851
3.683333333333333,3.8487181000708093
2.966666666666667,2.8299553419140167
2.8666666666666667,2.8349978215414753
1.8833333333333333,1.831666710054119
4.0,3.831446853792545
1.85,1.8413904665104075
3.95,3.8345283479991337
3.6666666666666665,3.8348571460588805
0.9666666666666667,0.8325470248087786
3.8666666666666667,3.8316095561078716
3.0,2.8450947176660923
2.9,2.869820841048367
0.8,0.8363158981485057
3.7,3.831536579238519
1.8333333333333333,1.8400745745121
0.9333333333333333,0.8344874922883148
3.966666666666667,3.843669336457857
2.7666666666666666,2.8325166181816774
3.8333333333333335,3.8273676755517596
1.9666666666666666,1.8332472172364453
2.6666666666666665,2.8480380952023143
1.85,1.8345517263292692
0.8166666666666667,0.8190878665081539
2.816666666666667,2.8319964834253595
3.75,3.8349755539917902
0.7333333333333333,0.8237829190912801
3.8666666666666667,3.8369728799226004
1.7,1.8213359445741804
2.8333333333333335,2.822637109138173
3.75,3.8337264758765532
3.716666666666667,3.8302778093599916
0.9333333333333333,0.8420247619637693
1.7666666666666666,1.8292880006858852
1.8666666666666667,1.8401145161352508
3.85,3.827372792448922
1.9166666666666667,1.8322577676325817
1.8666666666666667,1.8383103251717374
3.75,3.851041217990661
0.9333333333333333,0.8345500947298438
3.9166666666666665,3.8258653947219927
3.7333333333333334,3.832771284116084
2.95,2.844887531451286
3.8,3.8239609096311087
2.0,1.820250499916482
3.8833333333333333,3.824753946721632
0.9333333333333333,0.8421411780820796
0.9833333333333333,0.8312260319087553
2.8833333333333333,2.8478613113217346
2.783333333333333,2.858012686689628
0.75,0.853771124295294
3.966666666666667,3.845426931688148
2.966666666666667,2.83598930942492
3.933333333333333,3.842813150548489
3.7666666666666666,3.840909785960239
3.8,3.8420822102950005
1.7666666666666666,1.8396314410974457
3.7,3.842676934090954
3.7,3.829989623460682
2.7333333333333334,2.8426676620145894
3.783333333333333,3.8372142339514586
0.7,0.8313682097137624
1.7333333333333334,1.8430895989141698
2.9,2.8484565072864423
0.9166666666666666,0.823917348230827
1.9833333333333334,1.8283550086455833
2.933333333333333,2.8450056145084712
0.9166666666666666,0.8408842413457285
3.783333333333333,3.8455129343504337
1.7,1.831076816749989
0.9166666666666666,0.8310671747671905
3.8833333333333333,3.8318470538411424
3.783333333333333,3.8359482057559107
1.8833333333333333,1.8118434635149574
3.966666666666667,3.8325010439017304
3.85,3.834293075279175
3.783333333333333,3.8269615310335485
3.0,2.8286753054349476
3.683333333333333,3.8292973631545606
0.9833333333333333,0.838623490342486
1.8166666666666667,1.859361039678241
3.8666666666666667,3.835041748494
1.7666666666666666,1.8443820244932483
3.8666666666666667,3.832017492301419
3.6666666666666665,3.8361136710704913
0.8166666666666667,0.8394801629444284
3.8,3.823419703372817
1.9833333333333334,1.8228003558622614
3.8833333333333333,3.8207186382617153
1.8666666666666667,1.8265783980027877
0.8166666666666667,0.8285941564504626
2.85,2.8447253706855804
0.75,0.8432351500067223
0.6666666666666666,0.8118733649931869
2.816666666666667,2.831291726817398
1.0,0.8282292950969417
3.9166666666666665,3.840059114862376
0.8166666666666667,0.8406934663835308
2.783333333333333,2.835690937170032
0.9833333333333333,0.8280341531936695
1.8166666666666667,1.829581208741446
2.75,2.837668643615623
1.8166666666666667,1.8505649860225992
1.85,1.8377392434359496
1.6666666666666667,1.8201109377821374
1.8166666666666667,1.8376258894689648
1.6833333333333333,1.8397317381051637
3.85,3.8192466223392403
2.8333333333333335,2.8419069956515006
3.816666666666667,3.8363186965773712
0.7333333333333333,0.8350205431372588
2.816666666666667,2.8347756649227285
3.8666666666666667,3.835544818986871
0.9666666666666667,0.8349885360391442
0.8166666666666667,0.8328759938600382
1.75,1.8364655158504226
2.7666666666666666,2.8261610109692525
1.75,1.8092672360740805
1.9833333333333334,1.8350782049590437
2.75,2.836612273168421
1.8666666666666667,1.8198420935052892
3.85,3.8341396314266682
0.6666666666666666,0.8371725560760794
1.9333333333333333,1.8293417659732907
1.75,1.8151557599711545
3.95,3.8565211976442417
2.683333333333333,2.855894620638966
2.85,2.8341661469899524
1.9,1.8366893960172437
1.9833333333333334,1.836458574534561
1.0,0.8349282856493059
3.7333333333333334,3.8383590196030504
0.8666666666666667,0.8406892465460502
3.9,3.818887258101471
3.9,3.832304861302421
4.0,3.8281862383614493
1.9,1.8384292642422277
0.6833333333333333,0.8433887873784248
2.85,2.831194328730376
3.8333333333333335,3.8305511670892725
2.933333333333333,2.8386214341827936
3.9166666666666665,3.8342030075731213
1.8166666666666667,1.8294173599249632
3.966666666666667,3.8248422151552344
3.716666666666667,3.8376183215440163
0.6833333333333333,0.8106520991842002
3.85,3.8459737961251865
1.8333333333333333,1.8414542091975692
2.9833333333333334,2.8392718358638174
1.75,1.8202470359309237
2.933333333333333,2.8344465261049057
3.8833333333333333,3.8333601129966235
1.8166666666666667,1.8328959191599905
0.8166666666666667,0.8258986237311866
1.8166666666666667,1.8309779330404095
3.7,3.8308477726858614
3.7666666666666666,3.825037569091706
0.6833333333333333,0.8300038930114249
0.9,0.8327652554411327
0.8,0.8357684861243173
2.7333333333333334,2.8420936199003215
0.7833333333333333,0.8471806984429386
1.7833333333333334,1.8311156301185718
2.816666666666667,2.8410692524942407
0.7333333333333333,0.8288196314881521
2.7666666666666666,2.8350280770838996
1.7166666666666666,1.8432813315198737
3.6666666666666665,3.831996028395084
3.7,3.8168236294937383
2.8833333333333333,2.8553516841203415
1.6666666666666667,1.8346606585781036
1.7833333333333334,1.8380720835928077
2.8833333333333333,2.838765322302988
2.783333333333333,2.8346067457872386
0.8833333333333333,0.82908816841212
3.7,3.841266821477884
0.8666666666666667,0.8360207598833429
3.783333333333333,3.839260764822343
0.75,0.8304802037258784
3.933333333333333,3.8398932610532466
2.7333333333333334,2.8366287296038566
0.7,0.8343483534210931
0.9833333333333333,0.8320201554251008
3.6666666666666665,3.819051510844844
1.7833333333333334,1.838114274254858
0.9,0.833627612666663
2.0,1.8429014776975683
1.6666666666666667,1.8343956702938196
0.8333333333333334,0.8295110284261114
3.966666666666667,3.8491883311629715
2.8,2.8316902149783814
2.75,2.832991431157842
1.85,1.8339560353923778
3.0,2.832344466855521
1.9666666666666666,1.834557598208031
1.8166666666666667,1.8272342310968244
3.8666666666666667,3.8323805584426527
3.9,3.81907788314375
2.7666666666666666,2.8347754812827306
0.75,0.8342429797267055
2.933333333333333,2.836409718767354
0.7666666666666667,0.8281852359380258
1.8833333333333333,1.8402444254881076
3.7666666666666666,3.8334890379133673
3.9,3.8430602084367216
3.7666666666666666,3.840729482801602
1.9,1.8138935466566481
1.9833333333333334,1.8367618917109452
0.95,0.8281402634519422
0.8166666666666667,0.8352231367572311
0.9,0.8356273457869343
2.8,2.8503097785295055
0.8833333333333333,0.8365353423369379
1.9833333333333334,1.8269563269286468
0.7666666666666667,0.8306691950117175
2.966666666666667,2.8397072410251845
2.816666666666667,2.8328127013432707
2.716666666666667,2.8375459646084766
2.0,1.8392135886051684
2.95,2.837383049536512
0.9,0.8379651781226463
0.7166666666666667,0.8475207964403672
1.7833333333333334,1.827704058233972
0.6666666666666666,0.8403242985090551
2.95,2.8360676435631165
1.9166666666666667,1.846087937453258
3.75,3.836031877934239
2.95,2.834502082657666
2.7,2.843295089648331
0.6666666666666666,0.8443434000673119
0.95,0.8679928653709404
2.8833333333333333,2.8357096323241353
0.8166666666666667,0.8401774178402377
0.7333333333333333,0.827850231082912
0.75,0.845090175188568
0.95,0.8320456177039662
0.7833333333333333,0.8303322530122064
3.0,2.8459390491429906
3.966666666666667,3.826936026960704
1.85,1.8353897986494574
1.6833333333333333,1.8159904583605706
1.6666666666666667,1.830374965247551
0.9166666666666666,0.8407801179825598
1.95,1.8155288455153658
3.9833333333333334,3.8373311283694123
0.9,0.8384925349612802
1.7333333333333334,1.831939508370695
2.8666666666666667,2.8350592677688167
2.7,2.832703295382692
1.6666666666666667,1.8463830852440382
1.95,1.834586358459215
0.7166666666666667,0.8296073251731341
0.95,0.8281006010863411
1.95,1.8063213498963717
3.8666666666666667,3.841195518723471
3.966666666666667,3.833355215539043
3.7333333333333334,3.8331799617433893
1.0,0.8511712429904138
3.783333333333333,3.82912657035503
3.9,3.8207496953310156
2.716666666666667,2.8340678837213984
2.816666666666667,2.8394231994851014
1.7,1.8266914187937704
1.7833333333333334,1.8223320026082093
0.8333333333333334,0.8513585764770023
3.783333333333333,3.825811394356673
1.6833333333333333,1.8404406980314016
2.6666666666666665,2.8534559210050103
1.6833333333333333,1.8386773983348816
2.0,1.826042040616043
2.7666666666666666,2.8305747573034914
0.95,0.8308338258525864
2.783333333333333,2.8376980951407322
3.816666666666667,3.8337304599293778
2.966666666666667,2.8257613996358124
2.85,2.8255859110749824
1.9666666666666666,1.836283240968136
3.8333333333333335,3.8284209143620904
3.7333333333333334,3.8213120248381913
2.933333333333333,2.827237641850487
0.9833333333333333,0.8370525797711352
3.9833333333333334,3.8312873770958165
2.783333333333333,2.848507336551394
0.6666666666666666,0.8318490809425805
3.8333333333333335,3.82949086367074
2.9833333333333334,2.836850527260507
1.9166666666666667,1.827315591686467
2.683333333333333,2.8300016938115213
2.933333333333333,2.8266595911016412
2.966666666666667,2.8364043674578268
3.0,2.8399082817967085
1.0,0.8436876680018988
3.9166666666666665,3.841266821477884
2.683333333333333,2.8450959501015505
1.9666666666666666,1.8204123939372392
1.95,1.8301399434149712
0.75,0.8311059269354181
2.6666666666666665,2.839695425460393
0.8833333333333333,0.8152283041175405
0.7333333333333333,0.8426129252891311
0.6833333333333333,0.8332892599409941
3.8,3.8196833554294325
2.7333333333333334,2.845589637630056
2.6666666666666665,2.832089533229089
0.7166666666666667,0.827410551372457
2.9,2.836799352400545
2.7,2.8287502575514445
1.8833333333333333,1.8389900879622343
3.85,3.836995091934098
3.6666666666666665,3.830704515335293
0.9,0.8449067019022565
1.6666666666666667,1.8422173166696176
1.9166666666666667,1.8520300786077806
0.7333333333333333,0.8378248781381111
3.9,3.8356990075268134
0.9,0.8319163178578068
3.7333333333333334,3.8323174421399546
1.9833333333333334,1.833551822752954
4.0,3.8264222594438677
0.7833333333333333,0.8260985940867471
3.783333333333333,3.8310842407310775
2.716666666666667,2.8276866438055697
1.8666666666666667,1.8351546466272148
0.7833333333333333,0.8339463818007197
2.95,2.830217042441012
0.7833333333333333,0.8391389704209468
3.8833333333333333,3.8355156114208744
3.933333333333333,3.8431775343091243
0.7833333333333333,0.8386674470134128
3.7333333333333334,3.825584718251717
1.6666666666666667,1.8285218837310289
3.716666666666667,3.837161531867664
0.9333333333333333,0.8335660826616929
2.8,2.834809191899247
2.933333333333333,2.8321288203137875
1.8166666666666667,1.8343654881986189
1.7333333333333334,1.8263433509911704
1.6833333333333333,1.8291128902014926
0.9,0.8338419349358824
2.933333333333333,2.837219207965834
0.9833333333333333,0.8319923155192717
3.8333333333333335,3.8357187603389913
2.7333333333333334,2.8355681740326033
3.8833333333333333,3.850112748522209
2.8666666666666667,2.8334951347509487
1.7666666666666666,1.8434518763835217
1.6833333333333333,1.835503974607778
2.933333333333333,2.83409065347027
3.933333333333333,3.83302567694992
3.75,3.8359482057559107
3.8833333333333333,3.83299427759502
1.9166666666666667,1.8266168237654512
0.9333333333333333,0.8297457371147949
2.7,2.828684160010121
2.7666666666666666,2.824146871919032
2.9,2.829969279868761
1.7166666666666666,1.8280657376445242
2.8666666666666667,2.8277556480633184
0.75,0.8371928529364804
1.6666666666666667,1.822974842355593
3.0,2.8367858455555965
3.933333333333333,3.82207428630276
0.85,0.8170894866010725
3.7666666666666666,3.8301581199842736
2.783333333333333,2.8456963079644435
1.9,1.8229198722643876
3.933333333333333,3.830096986054124
2.7333333333333334,2.8392414044390732
3.966666666666667,3.8325474663482164
1.8333333333333333,1.8324768813350234
2.0,1.8309631766131653
2.75,2.833605816289195
0.9833333333333333,0.829076623419608
3.7333333333333334,3.8330611804637162
2.9166666666666665,2.8395843197271966
0.8666666666666667,0.8253610570734737
1.9166666666666667,1.842871057654535
3.933333333333333,3.834212405943229
0.9666666666666667,0.8365437724692062
1.6833333333333333,1.8321201418683457
0.8166666666666667,0.8269707534677093
0.7833333333333333,0.8344466038111544
2.7333333333333334,2.812395394331619
2.7333333333333334,2.8283666617013434
2.683333333333333,2.8387803902784783
0.8666666666666667,0.8329122575555832
0.6833333333333333,0.8402219848076478
0.8,0.8274255633115107
2.9166666666666665,2.840841280380549
2.8333333333333335,2.8271596894984428
3.7,3.8363445872995623
3.816666666666667,3.8320790688365207
2.7333333333333334,2.8387993677572996
1.7333333333333334,1.8392076852830053
2.95,2.8260531534482225
0.8666666666666667,0.8176472028971671
1.8,1.8322513527374573
3.933333333333333,3.8349043264655838
1.7666666666666666,1.8444311724308289
0.7666666666666667,0.830077260478172
1.7833333333333334,1.832005797329546
3.8666666666666667,3.8344448632087493
1.95,1.8256340838431055
2.7,2.841543125429748
3.966666666666667,3.834570352735692
3.8833333333333333,3.8394111202689474
1.6833333333333333,1.832062551893274
2.0,1.8326006511895592
0.9833333333333333,0.8339900747311497
2.9,2.842147808273128
3.8666666666666667,3.834219298255149
2.9166666666666665,2.8382621499827163
0.6833333333333333,0.8311099126202346
0.8833333333333333,0.831639392177093
0.7833333333333333,0.841787866781373
2.683333333333333,2.8326906142029706
3.75,3.82842483958111
1.9166666666666667,1.8387661479777384
1.7333333333333334,1.8365588697575908
1.9333333333333333,1.844153156365751
3.9833333333333334,3.8379539108295666
2.9833333333333334,2.8523569041551635
0.85,0.8321692629619837
2.933333333333333,2.827754972853071
2.933333333333333,2.8232577122353395
2.7333333333333334,2.834758013043928
3.9833333333333334,3.8351695983440313
0.7833333333333333,0.82703406477912
3.783333333333333,3.834072817848904
0.9166666666666666,0.8493973875940115
2.8333333333333335,2.8276021488488747
2.7666666666666666,2.8325400764687014
0.8666666666666667,0.8366928542339371
0.7666666666666667,0.8418168873816295
3.7666666666666666,3.8162437688678783
2.7333333333333334,2.838067445784741
0.9833333333333333,0.8313693409986179
3.716666666666667,3.8434572018815363
2.8,2.8353031669516344
1.9,1.8318531209722406
1.95,1.8489504991802996
0.7166666666666667,0.8359217518739408
1.8,1.8419554426482563
0.7666666666666667,0.8403911754242728
4.0,3.8108461677383434
0.8166666666666667,0.8304962331806108
1.7166666666666666,1.825834545503687
2.95,2.8215615067577686
2.0,1.8276243695766974
0.9833333333333333,0.8362489700375577
1.8833333333333333,1.8217997069580556
3.966666666666667,3.836470752753263
2.7666666666666666,2.8306949009138673
2.783333333333333,2.842332022849034
2.95,2.8259743072421
0.7666666666666667,0.8381704715719484
1.0,0.8279783976039371
3.7333333333333334,3.844503964847273
3.8,3.840693188960094
3.8,3.826160998967178
0.7,0.8267015451448636
3.0,2.8329458001192678
3.783333333333333,3.8360697094662464
1.8166666666666667,1.8373592769054656
2.75,2.8453600052475116
1.7166666666666666,1.849803224574625
0.9333333333333333,0.8191918882468486
1.8,1.8356913696961437
1.6666666666666667,1.8295672576147817
0.8666666666666667,0.8334712729619601
3.783333333333333,3.827129870067287
1.7333333333333334,1.825291039966757
1.6833333333333333,1.8402459885081166
3.95,3.8212024578867387
0.6666666666666666,0.8241459052381174
3.8833333333333333,3.8323506827679563
0.8833333333333333,0.8383241320814462
2.8833333333333333,2.8181162567100353
2.6666666666666665,2.820370085782358
1.7,1.833910151017469
0.8833333333333333,0.8472451458081557
1.8833333333333333,1.8372510562872466
0.9666666666666667,0.8327027726103563
3.7,3.8235356774027967
3.933333333333333,3.848185880732972
2.783333333333333,2.83668387485535
0.8333333333333334,0.8380340920648787
0.8666666666666667,0.8344801000910315
0.8666666666666667,0.8367685517654954
0.6833333333333333,0.829335518235198
2.9166666666666665,2.8477594744365744
2.816666666666667,2.8318205347468095
3.8666666666666667,3.8364054450470406
1.8,1.8442241440244127
2.95,2.8448648621650907
2.9,2.830768248629452
2.8666666666666667,2.8238474921458185
2.9833333333333334,2.833246693795983
0.7833333333333333,0.828221486458612
3.7333333333333334,3.830490822109555
3.716666666666667,3.8357407092696136
1.8166666666666667,1.8227460207636854
3.7333333333333334,3.839106200938285
3.9833333333333334,3.8219714860272997
3.95,3.827549227521575
1.7666666666666666,1.826215763813766
0.7,0.8450299058822034
1.9,1.835976730431162
3.816666666666667,3.8394965759694197
3.9833333333333334,3.8396720071559347
2.966666666666667,2.836910169753359
0.8333333333333334,0.837691446933149
1.9,1.83153813328044
1.85,1.8178590845674603
0.7,0.8329440443125908
2.7333333333333334,2.833791528861301
3.716666666666667,3.8318934401873497
0.6666666666666666,0.8341880435276711
2.933333333333333,2.830048722287929
0.95,0.8448380631893508
0.7833333333333333,0.8179009903540468
0.8333333333333334,0.8260047399116758
2.683333333333333,2.8342036900056518
0.95,0.8424834762285144
3.9,3.8303726364069677
2.8333333333333335,2.822924744624721
2.95,2.828468596335422
3.8833333333333333,3.829671041215355
1.8,1.836248981872387
0.75,0.8343631695975847
1.6666666666666667,1.8419089312261008
1.0,0.8392470828434587
2.85,2.8438176526386014
3.8333333333333335,3.818126887125274
0.85,0.8367378123450626
1.6833333333333333,1.8419089312261008
2.966666666666667,2.8292797944138277
2.683333333333333,2.8294059152842665
3.8,3.8355557949757992
2.966666666666667,2.8319968541580214
3.8833333333333333,3.833777446775951
1.9666666666666666,1.8361631343194784
3.816666666666667,3.835060502111128
3.7666666666666666,3.829058896529534
1.8,1.8415943219988333
0.85,0.8266507970151984
0.9333333333333333,0.8411059057228703
1.75,1.8296297930929415
0.9833333333333333,0.8196906862963194
0.9666666666666667,0.8386874126294022
2.9166666666666665,2.8282177547461687
2.8333333333333335,2.8302240981393885
2.6666666666666665,2.8393470491369306
0.85,0.83785928957549
3.783333333333333,3.824576404332903
3.6666666666666665,3.8302496309529364
2.8,2.84613376879706
2.966666666666667,2.8389029519556597
3.6666666666666665,3.840638612475716
0.7333333333333333,0.8205675928415934
1.9833333333333334,1.8271307010654374
3.8333333333333335,3.8426956374798733
0.7,0.8376802253601012
3.9,3.8364570894876753
2.9,2.8413057947712703
2.683333333333333,2.838456282564607
3.816666666666667,3.8386405605297336
3.8333333333333335,3.8145934983705017
0.75,0.84006891905894
0.6666666666666666,0.841673114426054
0.8833333333333333,0.8437881233517246
1.7666666666666666,1.823101925113953
2.716666666666667,2.837011585669407
2.8833333333333333,2.838059029744729
1.85,1.844953708491949
2.683333333333333,2.843051355100424
3.0,2.8318944259214924
0.9166666666666666,0.8314051580637528
0.7833333333333333,0.8390621073382958
0.9166666666666666,0.8422772260996274
3.9833333333333334,3.8244977227716377
0.8333333333333334,0.8320365295075473
2.9,2.8243340449130527
3.716666666666667,3.82942623947855
0.85,0.8233571968664308
1.7,1.8385466497264564
1.9833333333333334,1.8282193375468005
0.85,0.8275962399977641
1.8,1.8338007462285701
3.683333333333333,3.8366066669374987
1.9333333333333333,1.833505081981269
1.8833333333333333,1.8427277171655307
2.6666666666666665,2.842655906441522
0.7,0.838841377249867
0.7333333333333333,0.8337385607399364
4.0,3.8356900580480464
1.7833333333333334,1.8242308245112309
1.8833333333333333,1.8321324817354658
2.7,2.8307454530783036
3.85,3.827480472641466
3.85,3.8309576387219306
0.9666666666666667,0.8319484104170486
2.9833333333333334,2.8303382468287963
3.716666666666667,3.8175610645414353
2.0,1.8330099912673077
2.933333333333333,2.827795597356405
0.6666666666666666,0.8223732971001537
1.0,0.8387320591740791
0.9166666666666666,0.8383239022683102
1.8333333333333333,1.820294507618161
0.85,0.8371799223055517
1.9,1.832735116556649
3.9166666666666665,3.8431977495604372
0.85,0.8331380624737319
1.85,1.8384780400605159
2.8333333333333335,2.847841684169002
2.0,1.8460773524687069
3.0,2.8467502479519466
2.8833333333333333,2.834989126800443
3.9,3.8342101240013773
3.716666666666667,3.829822093699866
3.966666666666667,3.8286976058784377
0.7333333333333333,0.8279116908933846
2.933333333333333,2.8376530729372975
0.9833333333333333,0.8318737630542243
0.7333333333333333,0.8244571972035801
1.8333333333333333,1.836656488341743
0.9,0.8276101340566082
1.75,1.8278019368028
1.8666666666666667,1.8343626769893246
3.966666666666667,3.8337264758765532
1.85,1.8328033390840341
3.8333333333333335,3.8244167159348486
3.966666666666667,3.8400845416991713
3.8,3.8312055752596366
2.9833333333333334,2.82692687284219
3.7333333333333334,3.8317738213166344
3.8,3.8383947890651644
0.7833333333333333,0.8316350648058902
1.75,1.8330711533069455
1.0,0.8361611168811253
2.95,2.8425880266454913
3.7,3.8156963901179894
3.75,3.8323104945934108
1.7,1.8270372776478703
1.9166666666666667,1.8363578234384241
3.9833333333333334,3.8262066500107057
3.816666666666667,3.826235397903908
1.7,1.8352353604220069
2.7,2.8211836016870553
0.6666666666666666,0.8352742036445311
0.8666666666666667,0.8270447054039429
0.7666666666666667,0.8367697197717553
2.8,2.8270877449958545
2.7333333333333334,2.8518514678388867
3.95,3.8308950649776286
2.8333333333333335,2.833371765778791
1.8833333333333333,1.838804232193023
1.8833333333333333,1.8436035673279707
1.8333333333333333,1.8307486492828522
1.6666666666666667,1.8290638421665768
2.85,2.82473691865083
0.7333333333333333,0.833373617376256
2.933333333333333,2.827631115553592
2.7666666666666666,2.8338761905273344
2.8333333333333335,2.833246693795983
0.7166666666666667,0.8326292192853478
3.95,3.8306708482586544
1.6833333333333333,1.8179168688993184
2.7,2.829625190690619
2.0,1.826200673452525
1.9666666666666666,1.8396656270416911
2.7,2.8322651477278082
1.0,0.8311831249130804
1.9833333333333334,1.8150152772926265
0.75,0.8282362519182632
2.85,2.8421191705093243
3.8833333333333333,3.8547718764351173
0.75,0.8352406112651773
1.8,1.8409288704873359
1.0,0.8239559046688639
0.9666666666666667,0.8254755253165116
0.8166666666666667,0.8412048140663955
3.9,3.8285097211992865
2.8666666666666667,2.846081204472097
2.716666666666667,2.832905126433587
3.966666666666667,3.827532765569756
1.8333333333333333,1.8401173746629402
2.8,2.8225348928473415
1.8833333333333333,1.8319794793588593
3.7333333333333334,3.830305015784719
3.6666666666666665,3.8290848821874737
2.683333333333333,2.8299553419140167
3.85,3.8314367144156
1.8166666666666667,1.8268063355706698
1.8166666666666667,1.8311716331740115
0.8333333333333334,0.8332196121236308
3.0,2.8418558897217303
3.6666666666666665,3.8340643464557407
2.816666666666667,2.8408423158288802
2.8833333333333333,2.8349786744866
2.95,2.8402714479559212
0.7,0.8397078253441174
2.0,1.837490754395435
1.8666666666666667,1.846915925651216
1.85,1.815920668270415
3.683333333333333,3.8214798995735886
0.85,0.8404740026952582
3.7333333333333334,3.823720577471881
1.8333333333333333,1.8317193675012973
1.9833333333333334,1.818528303670414
0.8333333333333334,0.8296373810929313
0.9666666666666667,0.8280814938454766
1.7666666666666666,1.8272180521883796
2.75,2.8435471580158422
2.85,2.8325319652764733
1.9166666666666667,1.8361631343194784
1.0,0.831768459511392
1.6833333333333333,1.8279786377630978
2.933333333333333,2.837654559019418
0.7,0.8338076691733832
2.683333333333333,2.840732051295311
0.95,0.8336725203927241
1.6666666666666667,1.8276069048313184
3.9833333333333334,3.8310569332790876
1.85,1.8407336003052004
1.8833333333333333,1.8251651840114136
2.8833333333333333,2.8215034068732208
0.9166666666666666,0.8246690252671799
2.933333333333333,2.8257283582518364
2.9,2.838322480094531
3.716666666666667,3.8458145237319457
0.7333333333333333,0.8389067646574275
0.7833333333333333,0.8367906588638683
2.8,2.8193315372514616
0.6666666666666666,0.8387080796095464
1.7333333333333334,1.8360689071809477
0.7166666666666667,0.8311718649128386
2.6666666666666665,2.822317171219944
0.8166666666666667,0.8221266329733978
1.6666666666666667,1.8324665289924476
2.7,2.828168065968248
0.8666666666666667,0.8280134103990413
1.8833333333333333,1.8316161239936315
1.7333333333333334,1.8288639365943657
3.95,3.836422991235023
3.683333333333333,3.8232682051092
0.7,0.8085806160915836
1.9833333333333334,1.8333653183113112
2.7,2.8339805236932953
0.7,0.8308724088193287
1.9333333333333333,1.8327308314121584
1.9166666666666667,1.830892522421799
2.8666666666666667,2.830887603763959
2.816666666666667,2.8235120162571716
2.95,2.841193012472346
3.7666666666666666,3.829002493311403
2.75,2.8434259122219596
1.7166666666666666,1.8175680327220576
1.9,1.8373428509704761
1.8166666666666667,1.8356033302665273
0.7833333333333333,0.8446260970181139
1.7666666666666666,1.8411286758633896
1.85,1.8250386084511399
0.8666666666666667,0.8267633947360742
1.9333333333333333,1.8261565117567766
2.8,2.834992369476207
1.6833333333333333,1.8135094770142386
1.85,1.834107302082343
0.7833333333333333,0.8339856041850743
0.7833333333333333,0.8459260347135036
3.6666666666666665,3.8290069911365583
0.8333333333333334,0.8427605965217464
1.8833333333333333,1.8267936633937052
0.6666666666666666,0.8393465737349791
3.8333333333333335,3.8315024233022505
0.8,0.8422817102152284
0.7166666666666667,0.835764593530074
1.8,1.8401626303949732
3.8333333333333335,3.8312212156406455
0.7833333333333333,0.8339856041850743
2.816666666666667,2.837315835439424
3.933333333333333,3.8276244961960977
2.7,2.828157035744765
3.8666666666666667,3.833061678986058
1.85,1.8393209302020201
2.8833333333333333,2.8396522232635975
1.8833333333333333,1.8343911368396493
1.7,1.832752171953078
1.9,1.8281176697457346
3.85,3.837618645965508
0.7,0.8312944572672945
3.8833333333333333,3.8383715402961376
3.8833333333333333,3.830281521479737
3.8,3.8273625548490395
3.8333333333333335,3.830569351392215
1.8,1.8336241776406457
3.85,3.8327647622011938
2.783333333333333,2.83504951342073
3.9833333333333334,3.8415025370718623
1.9833333333333334,1.834027596849991
0.7666666666666667,0.8649205434949365
2.966666666666667,2.83994609097205
0.95,0.8392076569863528
0.9333333333333333,0.836325976102553
1.7333333333333334,1.814626551626468
2.683333333333333,2.8344663832206156
2.6666666666666665,2.838961376522233
0.75,0.8390589009078808
2.783333333333333,2.8393748834554806
0.9666666666666667,0.8177841756074435
2.8333333333333335,2.8386065753019007
0.6666666666666666,0.8353031732455232
3.7666666666666666,3.8519828431490195
0.9,0.8329662426132002
3.783333333333333,3.84308331246013
0.9666666666666667,0.8277166016096857
0.7,0.8321454645061814
2.683333333333333,2.82805936666554
0.75,0.8218391743100176
3.9833333333333334,3.8412863511018105
3.9833333333333334,3.835369513068158
0.7666666666666667,0.8220817705642335
2.6666666666666665,2.827670656857772
0.6833333333333333,0.8281472235837489
3.8666666666666667,3.841464062832978
2.683333333333333,2.8364207087460187
0.7,0.8307478168641275
1.85,1.821570839905676
0.8666666666666667,0.8137054807297572
3.0,2.8470074421815372
1.6666666666666667,1.8265108676848751
2.783333333333333,2.83657007717791
1.85,1.829130005866832
1.9666666666666666,1.833970998713458
2.783333333333333,2.8350280770838996
1.8833333333333333,1.8284425081825424
0.8,0.8137054807297572
2.9833333333333334,2.8289173471899884
3.75,3.8279253466133967
3.816666666666667,3.8268387108279738
0.9,0.82703507770042
3.9166666666666665,3.8483511788401876
3.716666666666667,3.829004301274161
0.8666666666666667,0.835908889613996
0.6833333333333333,0.8251242123371553
3.933333333333333,3.831491065683858
2.7333333333333334,2.823849837575381
2.0,1.829336107753687
1.7666666666666666,1.8267936633937052
2.8833333333333333,2.8748503414865225
3.7,3.8332945406182093
2.9166666666666665,2.840277493159267
2.75,2.814949691111528
2.783333333333333,2.8288017032671626
3.9166666666666665,3.8517072209131085
0.6666666666666666,0.8393649260177475
2.783333333333333,2.8345688135539815
0.8833333333333333,0.8442476344038566
1.8333333333333333,1.8117082007238514
2.7666666666666666,2.8268755091080457
0.85,0.838405433678745
0.7,0.8584285331069025
1.9666666666666666,1.830963385828391
2.683333333333333,2.8353006259748743
1.85,1.830618128482166
1.75,1.8335056325161698
0.6666666666666666,0.8220860934350427
1.6833333333333333,1.8226018288643357
1.6666666666666667,1.8369510861096436
2.816666666666667,2.8318988262238936
1.6833333333333333,1.8340122732454451
3.8833333333333333,3.830192137184693
0.85,0.8198591263376543
2.0,1.8332381952519523
0.85,0.840361141847617
1.8333333333333333,1.8130415035186707
0.7666666666666667,0.8417143797634106
1.9,1.82163185274851
3.6666666666666665,3.8455365676142907
2.9833333333333334,2.8452312843507808
0.7166666666666667,0.840361141847617
0.7666666666666667,0.8142045215342282
3.9,3.831200373277797
3.933333333333333,3.820450916988704
3.8,3.8317341879779154
0.75,0.8230067844014174
1.9833333333333334,1.8265995946137397
3.85,3.829441787584039
0.8666666666666667,0.8511611447521739
1.8833333333333333,1.8318407527325127
1.7666666666666666,1.8377181332610786
1.6666666666666667,1.8273226340530513
1.6666666666666667,1.825895906614432
0.8833333333333333,0.8357237333231541
1.8166666666666667,1.8186311121721692
2.0,1.842236242939451
0.95,0.8316264243268234
1.7666666666666666,1.8383604924689152
1.7333333333333334,1.8300749545047492
2.9166666666666665,2.838015121263895
3.8,3.8289398818921025
0.7833333333333333,0.8415945177542353
3.6666666666666665,3.845109600409434
0.9,0.8546508012465587
4.0,3.8251108945231307
3.75,3.8251504439060544
1.7166666666666666,1.830947403410749
0.8,0.8398165536414754
0.7,0.8294847485434086
3.816666666666667,3.837521973268943
0.7333333333333333,0.8607973339808397
1.7166666666666666,1.8330298136736585
3.8333333333333335,3.839026501124522
0.7833333333333333,0.8223551854064413
3.8833333333333333,3.840448655540626
1.7166666666666666,1.8386075815420173
2.85,2.83323119489834
3.9,3.828015319568585
2.0,1.835886128412966
0.9,0.8342959314574998
2.9166666666666665,2.8456823685613495
0.6666666666666666,0.8323653794188537
0.7333333333333333,0.8453049012866665
1.75,1.832386617587596
3.816666666666667,3.8378143287062922
0.8166666666666667,0.83102299349556
3.7,3.8317465105947037
2.9833333333333334,2.837241284688026
1.8166666666666667,1.8303816166040008
3.7666666666666666,3.831907150217773
1.8166666666666667,1.8222265012425405
4.0,3.831291901190003
0.6666666666666666,0.8412911742225421
0.6833333333333333,0.8411539964614392
1.6833333333333333,1.8371530118621784
2.8666666666666667,2.8432637915199366
3.9833333333333334,3.8304299813297327
1.9833333333333334,1.8172817470249258
3.716666666666667,3.832216394144051
3.75,3.8334551831606234
1.95,1.8282411532907363
0.9666666666666667,0.8276474274403581
2.8666666666666667,2.8215615067577686
0.9,0.8384228059080202
0.7833333333333333,0.8274948561743305
2.6666666666666665,2.8394202833060116
3.7,3.842229361541007
3.7333333333333334,3.8388367446077485
0.95,0.8317871575222066
2.0,1.831446274849836
2.0,1.8314097051764362
1.9833333333333334,1.8367622972945006
3.0,2.8385209603045656
1.8166666666666667,1.8278606297191144
3.8833333333333333,3.8363896570383185
0.9166666666666666,0.8447628758132063
0.9833333333333333,0.8258314767851317
0.85,0.8336897016636575
3.7,3.838996743957203
3.966666666666667,3.838911982218173
3.0,2.8410726288684702
1.85,1.8361856818946285
0.9666666666666667,0.8298590435452479
0.9666666666666667,0.8444546677180846
0.9666666666666667,0.8272515161664145
0.8833333333333333,0.8270447054039429
1.7333333333333334,1.8457550565125334
2.8833333333333333,2.8382097493671963
1.9666666666666666,1.851298229050066
1.6666666666666667,1.8405391142498713
1.8333333333333333,1.8435512117917678
1.8833333333333333,1.8259691060100443
1.7166666666666666,1.8368560868578285
3.7333333333333334,3.8367772823883177
2.7333333333333334,2.8395539843559856
3.7666666666666666,3.8514749116577036
0.8833333333333333,0.833081959796073
3.95,3.8315842224596457
2.683333333333333,2.8406690795123115
0.7333333333333333,0.8300947302191982
3.7,3.8394470356307817
3.783333333333333,3.8366851482398334
3.6666666666666665,3.824008235908136
2.933333333333333,2.8404684405710903
0.6666666666666666,0.8309474675901665
3.9833333333333334,3.828377544106424
3.8666666666666667,3.8247260831114454
0.8,0.8305610630428646
2.85,2.8300473649631375
2.8666666666666667,2.828925905073192
1.85,1.8323187875446751
1.9333333333333333,1.8283191942695598
2.966666666666667,2.828195784438081
3.8333333333333335,3.8558140179534606
2.7,2.8405063248250104
1.9333333333333333,1.820369333178873
3.85,3.831352221195809
0.8333333333333334,0.820531836298798
1.7666666666666666,1.8233839283189317
3.75,3.8307768453608464
0.7333333333333333,0.8198591263376543
1.9833333333333334,1.8317219713061688
2.0,1.835031887014505
3.7666666666666666,3.8331289403163873
3.8833333333333333,3.8386949727658233
2.0,1.8450157748498868
3.9,3.834384461265692
4.0,3.82775813666178
0.95,0.8500426022961902
1.7,1.832719514194066
1.75,1.8159612501095568
1.9166666666666667,1.8365588697575908
3.933333333333333,3.831131097360622
2.9833333333333334,2.8357637916150913
1.85,1.8620430798361474
3.9166666666666665,3.838786532713739
0.8,0.8488447503609996
1.9,1.835791798843278
3.783333333333333,3.8259126989521093
1.8166666666666667,1.8373968018614855
1.8333333333333333,1.8353894664933443
0.9666666666666667,0.8510145326187457
1.6666666666666667,1.8425365283481931
3.7,3.8291795832737847
0.7,0.834852528464506
0.9833333333333333,0.8131403340231781
0.7833333333333333,0.8421411780820796
0.9833333333333333,0.8404396155504337
1.9333333333333333,1.830292207659428
0.7833333333333333,0.8336356660215546
2.95,2.851552743722495
0.8833333333333333,0.8244314221799911
0.8333333333333334,0.8506062359980046
1.9333333333333333,1.837642193917042
1.7833333333333334,1.837060230600904
0.9833333333333333,0.8357033852851948
2.7,2.8266298094280597
3.8,3.823020562787574
2.9833333333333334,2.837709702240076
3.7333333333333334,3.8357179684610254
2.85,2.8410944081076757
0.9666666666666667,0.8267206769766431
0.9333333333333333,0.8422223883794058
1.8333333333333333,1.8414542091975692
3.8,3.8415698851983326
2.9,2.8374652619209524
0.75,0.8156566986953925
3.7666666666666666,3.8313244586629494
3.6666666666666665,3.8223671729738116
3.9833333333333334,3.826078547233867
0.7833333333333333,0.8275376694531471
3.966666666666667,3.8445062279481346
3.683333333333333,3.838880633517568
2.85,2.831255819861379
2.716666666666667,2.8327480131214298
3.716666666666667,3.82918846617918
2.75,2.804326532196886
2.933333333333333,2.842354551284034
1.9,1.8420554139679077
3.8333333333333335,3.8344898482341576
3.95,3.829702031906499
0.8,0.8216706463063055
0.75,0.8354206061131261
3.8666666666666667,3.838576038360045
2.8333333333333335,2.833833095259315
3.7333333333333334,3.8357256951763135
3.966666666666667,3.8321818569150845
2.0,1.8411301435857492
2.7,2.83233999450985
0.9,0.8124461202560223
1.75,1.8217932604144411
3.9,3.8305993446548725
2.716666666666667,2.8381726027178678
3.933333333333333,3.8364589887111054
0.95,0.8241917650729162
2.9,2.843976996128435
3.9166666666666665,3.8350879163220766
3.9166666666666665,3.8259668585436573
0.8333333333333334,0.8254435673896606
0.85,0.8306507832611352
3.9166666666666665,3.835406160182589
2.716666666666667,2.8281941917365896
1.9333333333333333,1.8443490561782334
0.9666666666666667,0.834620903990577
1.0,0.8473441563742665
0.7666666666666667,0.8317755647691072
2.9,2.8433478868860322
0.8333333333333334,0.8251664507839804
2.0,1.8274807688225543
1.9333333333333333,1.837563578600302
2.8333333333333335,2.8302519439283564
3.95,3.861921740797477
1.7166666666666666,1.8342681209866984
1.8833333333333333,1.8319680629974426
0.8166666666666667,0.8453237275905433
1.85,1.8305779221596472
1.7,1.8311637589337724
2.683333333333333,2.82877654936914
1.8333333333333333,1.844424060947979
0.8833333333333333,0.8239572101889177
1.7166666666666666,1.8293503665995863
1.8666666666666667,1.8229091481680706
2.683333333333333,2.84613376879706
1.9833333333333334,1.828530747122481
1.7,1.8187447821784704
2.9,2.8447106675872162
0.9666666666666667,0.8376695139561967
0.9833333333333333,0.835764593530074
0.8833333333333333,0.8336698631663296
2.7333333333333334,2.8465834041643454
3.75,3.8394965759694197
2.683333333333333,2.8453186116690357
3.8666666666666667,3.8379539108295666
2.9833333333333334,2.8350882253412397
4.0,3.8212294585369313
3.6666666666666665,3.838774994404017
0.6666666666666666,0.8309669470683534
3.683333333333333,3.830194541452915
2.966666666666667,2.831119536036349
1.95,1.8353220938136747
1.85,1.8308339211454159
1.6833333333333333,1.8340441504882867
0.8,0.8360790377456744
3.9166666666666665,3.831987475821238
1.8,1.8444649382124938
1.8,1.8320975183298032
0.6666666666666666,0.8319163178578068
0.8333333333333334,0.8394281772920033
1.8833333333333333,1.8345782350508444
1.9,1.8265967106710397
1.8333333333333333,1.8341449331341644
3.966666666666667,3.833490521026863
0.95,0.839588411199951
0.9333333333333333,0.8385859278823066
2.8333333333333335,2.837381207423868
2.716666666666667,2.824821413852384
2.8333333333333335,2.826844753707156
0.9833333333333333,0.8262922685744418
3.9,3.814291776540672
3.9833333333333334,3.8297187022853625
3.7,3.836537719331437
3.8333333333333335,3.829855621665738
1.75,1.8294066030697653
1.7666666666666666,1.8261047187470865
0.85,0.823812782359854
0.7833333333333333,0.8416981100342656
1.9666666666666666,1.8455356434496724
0.6666666666666666,0.8298767012316349
3.9833333333333334,3.832678311607995
3.85,3.8281769413072606
1.9,1.828914454850397
2.85,2.830903422796488
3.7333333333333334,3.81515437321629
1.6666666666666667,1.8089353758130777
3.8,3.8279359396971215
1.9,1.8352353604220069
2.7333333333333334,2.821650308826873
0.7333333333333333,0.8308948675416762
0.9666666666666667,0.832422579572563
0.9833333333333333,0.8337552193746854
1.8666666666666667,1.8310051133754144
1.85,1.834951743028891
3.816666666666667,3.8338313527716927
1.9333333333333333,1.838797758208211
3.75,3.820459879899767
1.9833333333333334,1.8253829735282558
1.9166666666666667,1.8220870759002386
0.9833333333333333,0.8385563209140063
3.933333333333333,3.849140458238502
1.95,1.8227194593376526
3.9166666666666665,3.8342998237067927
3.816666666666667,3.8489702724529695
2.7,2.8469163733537277
0.85,0.8344047522526291
3.933333333333333,3.840001094247
3.716666666666667,3.83871298460638
2.8833333333333333,2.831824600422121
0.8,0.8299315920710229
0.8166666666666667,0.8312980684603936
0.6833333333333333,0.8353388697176054
2.8333333333333335,2.8533060724825634
1.9166666666666667,1.8373038274419766
0.9,0.8217739171407494
1.7833333333333334,1.8268373578777726
3.8,3.845407246900621
2.816666666666667,2.8256976938639218
3.0,2.8374320072128403
3.683333333333333,3.828930962382882
2.933333333333333,2.8368924391439236
2.783333333333333,2.8442085276767033
1.6833333333333333,1.8230107736632248
3.8333333333333335,3.82849890859512
0.7166666666666667,0.8394022768490302
0.9,0.8356898543345814
3.783333333333333,3.8248044188277857
0.95,0.8334919744992717
2.0,1.8238655908448462
2.783333333333333,2.852332225719708
0.9166666666666666,0.8328418993049316
1.9333333333333333,1.8294182109278143
0.6666666666666666,0.823062046102359
2.6666666666666665,2.842249267910993
0.9,0.8369689830373246
2.683333333333333,2.8436469946649137
1.85,1.8357033602216317
2.7333333333333334,2.8324626136214506
0.8666666666666667,0.8198204366550942
2.85,2.838764849743546
0.9,0.8364970502186666
1.7,1.829607984925911
3.6666666666666665,3.8189138405438747
1.95,1.8358028528568389
3.8333333333333335,3.829282921779722
2.9166666666666665,2.8384494861943415
2.8333333333333335,2.8317599217405576
3.6666666666666665,3.824298940461816
0.9,0.8349691872708823
0.9833333333333333,0.8357033852851948
3.7,3.8351740164354373
1.9333333333333333,1.83590507614855
0.7833333333333333,0.8488447503609996
2.75,2.840381438872514
2.816666666666667,2.8201656958119528
2.783333333333333,2.825976262835833
1.6833333333333333,1.8437224424526903
2.6666666666666665,2.8247225845133364
2.8666666666666667,2.8313214659833106
3.8333333333333335,3.85286574371983
3.0,2.828430502076421
2.9166666666666665,2.822847111242268
1.7166666666666666,1.8426841270694674
3.8,3.8308292172012783
3.716666666666667,3.8373354685523156
2.9,2.8374977301702358
3.75,3.8389068518842784
0.7833333333333333,0.8298152190088035
3.8333333333333335,3.824430991902214
2.7,2.836854210667003
1.8,1.840488094809903
3.95,3.8440752862764884
2.9833333333333334,2.834125633228908
4.0,3.8407052390083805
1.8666666666666667,1.8295848002702666
2.8666666666666667,2.8412751575828037
0.9166666666666666,0.8231880265564107
2.8666666666666667,2.8265928888733134
1.9333333333333333,1.837076995215662
0.8,0.8350870059596888
1.9666666666666666,1.8375514434843296
0.7,0.8462453891608064
0.9833333333333333,0.8159819427838592
2.85,2.8386477627620326
1.9833333333333334,1.840059028412318
1.85,1.8276243695766974
3.6666666666666665,3.8257691649572068
3.85,3.836076439948397
3.8666666666666667,3.8344801116779106
0.7166666666666667,0.823443161879704
2.7333333333333334,2.834835093979129
1.7,1.8435093153174227
0.8833333333333333,0.828762741104372
0.6833333333333333,0.8321354879499516
3.9,3.828835148534499
1.95,1.831939508370695
1.7833333333333334,1.8287007878944201
4.0,3.8338899858321285
0.8166666666666667,0.8367892742120648
2.933333333333333,2.8389050676603746
2.6666666666666665,2.8365147906693955
4.0,3.8336055798663393
2.933333333333333,2.8464330431236458
0.7333333333333333,0.82862789226307
3.683333333333333,3.832547646042249
3.0,2.8270980677316975
2.8,2.8277609824493375
2.7333333333333334,2.8501640675711046
3.9,3.8431656141510517
2.6666666666666665,2.8399298472239938
2.7333333333333334,2.8256131662640773
0.9166666666666666,0.8305819634820168
3.75,3.8348356390625042
3.716666666666667,3.8423766680182907
2.6666666666666665,2.8397617361909537
1.6833333333333333,1.8539053090101638
2.9166666666666665,2.8380952775888897
1.6833333333333333,1.826973500376852
1.7166666666666666,1.829801970607558
3.7333333333333334,3.8287119213875025
1.85,1.8347155899996686
1.8833333333333333,1.832719514194066
3.933333333333333,3.8314035271428635
3.9833333333333334,3.827081350594904
1.8333333333333333,1.7989092254238113
3.7,3.8278598933128554
3.933333333333333,3.8256156542491895
3.0,2.847777218641401
1.8333333333333333,1.849219924807499
1.9333333333333333,1.8353167591464978
3.816666666666667,3.8294011127474734
3.783333333333333,3.83222735147085
3.9,3.8455956473243718
0.7,0.8284542227315668
2.783333333333333,2.8286641408301914
2.8666666666666667,2.821097261599381
0.6666666666666666,0.8362288147131339
2.75,2.847729131350881
3.8333333333333335,3.830569351392215
0.8166666666666667,0.8312126423808631
3.7666666666666666,3.8408264107869754
1.8666666666666667,1.8320437665956657
2.0,1.8397570189052452
2.0,1.8429927891005684
1.7,1.853043236116935
3.9,3.841516836131851
2.783333333333333,2.82512563543282
2.85,2.8309632229590727
0.8166666666666667,0.8255301982286423
1.9333333333333333,1.8214078292134597
1.8333333333333333,1.8405897992686937
3.816666666666667,3.832610931002766
0.8333333333333334,0.8363278547289993
1.0,0.83531866114259
0.9166666666666666,0.8413360291075012
1.8333333333333333,1.8378583581200127
2.95,2.8442547843639283
0.9166666666666666,0.8325290613056129
3.783333333333333,3.8238036974401783
3.7,3.8231669519967717
2.7,2.81811623710649
3.8666666666666667,3.8340275277169287
0.6833333333333333,0.8179009903540468
2.7333333333333334,2.843704648199565
3.9833333333333334,3.82725002672729
2.933333333333333,2.847743405634446
0.7666666666666667,0.8247549701157223
0.95,0.8516908722318274
0.9833333333333333,0.8257038094285456
2.966666666666667,2.8389423563958314
3.6666666666666665,3.8400583220053077
3.0,2.85018470520935
3.8833333333333333,3.830255935971294
0.85,0.8216266365764814
2.6666666666666665,2.8201656958119528
1.85,1.8320764668611025
2.966666666666667,2.8392719497888437
3.8833333333333333,3.8358434889480915
3.6666666666666665,3.8365995179996917
1.95,1.8261122188560035
1.85,1.8260698225919003
1.9166666666666667,1.814626551626468
2.7666666666666666,2.836353185517587
3.95,3.827921216238581
0.85,0.8313278028305645
2.966666666666667,2.8331475332756697
1.85,1.8218925075604917
0.9666666666666667,0.8356617745111617
1.6833333333333333,1.8376567162986186
1.9166666666666667,1.838798724089381
1.85,1.8325696593048408
2.933333333333333,2.828973060291185
1.8,1.8374206094572976
3.8333333333333335,3.8390733168391824
0.8666666666666667,0.8473938735825393
2.9833333333333334,2.822267351396913
3.716666666666667,3.833969234625793
0.7,0.8194219100810821
3.683333333333333,3.843659648588351
2.816666666666667,2.8448800168880983
1.9666666666666666,1.8350782049590437
1.7833333333333334,1.8341689923368198
2.933333333333333,2.824924328780094
3.783333333333333,3.8396948378599536
0.7333333333333333,0.8361080356685575
0.6666666666666666,0.8271205883203708
1.95,1.852652498260308
2.9,2.8379450753410165
0.9,0.8401806684403809
0.9333333333333333,0.8266194094926875
2.716666666666667,2.841926446675294
0.9666666666666667,0.8367906588638683
0.6833333333333333,0.8471306438315938
2.8333333333333335,2.8458505803666485
0.7333333333333333,0.8331657738557235
1.9,1.8212628119373675
2.783333333333333,2.829587834875235
2.0,1.837781000472318
1.0,0.8231549625466904
1.8,1.8496541816069962
3.8833333333333333,3.8258409485277047
3.9166666666666665,3.826088726640018
2.9833333333333334,2.8431047712131576
3.8,3.832182649743223
3.783333333333333,3.831668691311923
3.8,3.828661432380323
3.7666666666666666,3.825811394356673
0.85,0.8385065213506118
2.9166666666666665,2.8502261599003744
2.9,2.8419124450721576
2.966666666666667,2.833247333279946
0.7833333333333333,0.8291584839636237
3.7333333333333334,3.8291339574305794
3.7,3.821408994001855
3.9,3.8270308061375466
0.85,0.8316837791534067
1.75,1.8343946556861233
1.9833333333333334,1.8201971247320285
2.7333333333333334,2.820879950470326
1.6833333333333333,1.8321641851363046
0.8,0.8305912000208363
2.683333333333333,2.8448193099101733
0.7833333333333333,0.8345053355931256
3.8666666666666667,3.8209055403656884
1.7166666666666666,1.8262273384962733
3.9166666666666665,3.8376773968219164
3.7333333333333334,3.8292693449411406
3.966666666666667,3.8353518530572512
0.7333333333333333,0.8353031732455232
2.7333333333333334,2.8349172553990574
0.9666666666666667,0.8356917817620638
1.7833333333333334,1.836969641189191
0.9,0.8388691353693218
3.9,3.832974765090865
0.8166666666666667,0.8454682346592749
2.7,2.8355655034259555
0.8,0.8367011644561468
1.8166666666666667,1.8449300469619812
2.816666666666667,2.84830092374913
1.9833333333333334,1.8297732382994654
3.95,3.849086965395258
3.8666666666666667,3.8387231958524732
2.783333333333333,2.822070700048765
3.933333333333333,3.8156751013480035
2.8333333333333335,2.837794039583914
3.0,2.8267551503723114
0.7333333333333333,0.8336897016636575
1.9333333333333333,1.834874056996818
1.8666666666666667,1.8150943755460063
2.8833333333333333,2.8224425595020346
3.85,3.8274389171121657
2.9166666666666665,2.846551994468293
1.7833333333333334,1.8364679621505675
3.95,3.848137960486089
2.85,2.8311932421012656
2.7,2.8358655933981027
3.95,3.8353824531075316
2.716666666666667,2.8280624744366127
0.8333333333333334,0.8198802691174856
2.9833333333333334,2.8473856414620324
0.8833333333333333,0.8267863102368415
0.9833333333333333,0.8358586277637506
1.7666666666666666,1.8144885032270053
1.9166666666666667,1.8314393559902615
0.7833333333333333,0.8202253901437371
0.9833333333333333,0.8298503590434474
2.8833333333333333,2.8325953378648343
2.9166666666666665,2.8344286655508943
3.816666666666667,3.8330139151827107
2.0,1.8452552072612218
2.6666666666666665,2.835011892523078
3.75,3.829151205094043
2.7666666666666666,2.836463977787696
0.7333333333333333,0.8522135935885993
1.75,1.8127488842195931
2.966666666666667,2.8436469946649137
1.7666666666666666,1.8262615065146852
0.6833333333333333,0.8365355227099193
1.7333333333333334,1.8397978163404554
0.8166666666666667,0.8386674470134128
2.9833333333333334,2.824146871919032
1.85,1.824000203511121
2.85,2.8462638078417974
1.75,1.8208456682579452
2.95,2.836611688468242
0.6833333333333333,0.8346518468930649
1.9666666666666666,1.8247489099580563
1.85,1.829260068316622
3.783333333333333,3.838147639065764
0.7,0.8378179573943979
1.9833333333333334,1.8186014553364773
2.8,2.8223419247683057
0.8166666666666667,0.8305295743499937
2.7333333333333334,2.8339160688610936
1.8833333333333333,1.8262393358891722
1.8333333333333333,1.8279872079964334
0.75,0.8300233745894231
3.95,3.8258102261035005
1.7333333333333334,1.8414327020861072
2.7,2.8406190215984024
2.85,2.8421191705093243
4.0,3.823554079322547
1.6833333333333333,1.8440311742082776
3.783333333333333,3.82047658329739
0.9,0.8265627060901877
0.9333333333333333,0.8294232963838555
0.6666666666666666,0.8264408314567498
1.9333333333333333,1.8301501911469509
3.783333333333333,3.832157341068931
3.8333333333333335,3.827779303742699
3.7,3.829991261324663
3.0,2.8339022439878594
2.6666666666666665,2.8524325477981285
2.933333333333333,2.829970001007328
1.9,1.831610553820682
0.8333333333333334,0.840838871237577
3.75,3.830996411208919
2.9833333333333334,2.8336898705494997
2.933333333333333,2.8299880618287165
3.966666666666667,3.8323060382343357
0.7333333333333333,0.847090385236803
3.0,2.828281993190947
3.8833333333333333,3.8394938428912067
2.8333333333333335,2.8313551930529632
2.9,2.832993244941582
3.783333333333333,3.8337087108981596
1.8666666666666667,1.836855623504439
1.8333333333333333,1.8340761038357316
0.9333333333333333,0.8327722987520771
3.9833333333333334,3.829985277518526
2.8333333333333335,2.831755901584876
1.6833333333333333,1.8265650332852446
1.95,1.832171353405332
2.816666666666667,2.8335568652879304
2.9833333333333334,2.83025252077199
3.9166666666666665,3.8283186574052133
1.8833333333333333,1.8295107087154705
1.6666666666666667,1.8277073218842643
1.9,1.8303333403063504
1.9,1.8430620194840173
0.8333333333333334,0.8255301982286423
3.966666666666667,3.848237203878637
1.7833333333333334,1.8415503251314818
2.9166666666666665,2.822527686532335
0.7166666666666667,0.8384679616115766
0.8166666666666667,0.8499770409837646
1.7166666666666666,1.8334243787466906
1.6833333333333333,1.8293340724993479
3.683333333333333,3.826227788521747
1.7,1.8419449756580528
3.8666666666666667,3.831288586975113
0.7,0.8392960486116846
1.9,1.8315504489693555
2.966666666666667,2.8324116142869933
2.7666666666666666,2.8335761711005576
2.8333333333333335,2.8283741297801543
1.7666666666666666,1.843453382155962
1.6666666666666667,1.8287549618805434
2.966666666666667,2.833975285914731
1.9166666666666667,1.8385262672508909
1.7833333333333334,1.8374586169416067
2.8666666666666667,2.828181624916602
0.75,0.8203989283917789
1.75,1.8345064374898619
0.7833333333333333,0.8581297761714819
1.8166666666666667,1.8373597676397906
2.8666666666666667,2.839259389196112
2.7666666666666666,2.8399075440003414
1.75,1.8304023677334333
1.9,1.8248810471949222
1.8833333333333333,1.8279144543369747
2.85,2.8231901408288604
0.9833333333333333,0.8315855101401695
3.816666666666667,3.8240891030346287
1.9166666666666667,1.808961810824469
2.933333333333333,2.8301558810831566
0.75,0.8482120098844474
3.7333333333333334,3.835158079486159
0.9166666666666666,0.8253604449202614
2.783333333333333,2.8222229644431875
0.95,0.8351813007602348
3.9,3.822353838612981
0.8333333333333334,0.8290370061329846
3.7,3.8291795832737847
0.75,0.8384925349612802
3.75,3.82841266716784
2.6666666666666665,2.8302813983309147
0.7333333333333333,0.8392274910627446
1.8666666666666667,1.8225416249086697
1.8833333333333333,1.8270548889875935
2.7333333333333334,2.8353614890461905
4.0,3.8197160449631657
0.8,0.834782584002641
3.0,2.8488737423488026
1.9833333333333334,1.831747151653504
0.75,0.8310720242086991
0.7,0.8371504609949177
0.85,0.8205365505171218
1.8166666666666667,1.8170439190686496
0.85,0.8291141132521644
1.8,1.8066986350587573
0.8166666666666667,0.8394481685032631
2.9,2.841627026979213
2.816666666666667,2.839331050323811
1.9833333333333334,1.8379268651662395
1.85,1.8352744340983145
0.7,0.8378793771692894
2.7333333333333334,2.836854210667003
3.0,2.8397275041392045
1.8666666666666667,1.8250060831068666
3.8833333333333333,3.8352141315078465
2.966666666666667,2.836333895403913
2.966666666666667,2.839536283266868
2.8333333333333335,2.8366334139284284
1.6833333333333333,1.815863422450443
2.8666666666666667,2.8270253505546172
3.683333333333333,3.84498878364313
0.9,0.8443964999820948
3.8833333333333333,3.833667881800985
3.6666666666666665,3.8244977227716377
0.9,0.8420768258115191
1.7666666666666666,1.837763396052402
0.8333333333333334,0.8354086016781075
1.7833333333333334,1.8300070601516893
3.8333333333333335,3.8396948378599536
0.7166666666666667,0.8271235652716494
1.9666666666666666,1.819100473056447
1.8666666666666667,1.8323065005614356
0.8833333333333333,0.8370717313793185
0.9333333333333333,0.840963442419546
1.85,1.8337179574535272
0.9833333333333333,0.8243928422531447
2.683333333333333,2.8270980677316975
0.7833333333333333,0.8220313301971233
1.85,1.8333468752862532
3.6666666666666665,3.8382934392790014
0.9333333333333333,0.8327490457063427
2.816666666666667,2.840519161600578
0.9833333333333333,0.8422095060486936
2.75,2.8309122937919273
1.95,1.8295487186203494
1.9166666666666667,1.836260687862573
1.6666666666666667,1.8348273542445637
3.8333333333333335,3.8412587759041243
2.6666666666666665,2.8412304867013347
1.8333333333333333,1.825535475417453
0.7666666666666667,0.8440766202345976
2.683333333333333,2.8338089167208755
0.7166666666666667,0.8402817191133896
2.716666666666667,2.838072209108912
0.6833333333333333,0.8385722549027759
3.8,3.8207591191078425
0.7,0.8198591263376543
1.7333333333333334,1.8315924046263934
0.9,0.8221600703432935
2.8333333333333335,2.8297075341397235
0.7833333333333333,0.8275128250628697
0.9333333333333333,0.840175339734079
3.783333333333333,3.824916867065264
3.816666666666667,3.830569351392215
3.9166666666666665,3.8375210748459625
2.95,2.847875599271149
2.95,2.8266924020250794
3.9,3.8366066669374987
1.9666666666666666,1.8318140064951054
0.8333333333333334,0.830640686715807
0.75,0.8330205479001022
2.0,1.8187447821784704
2.8,2.833301046551359
1.7666666666666666,1.8306302577336977
0.7,0.8474447312083404
1.9333333333333333,1.8418015456525205
2.716666666666667,2.8282177547461687
2.8333333333333335,2.842569936420127
1.9666666666666666,1.8277332843365082
3.8333333333333335,3.822974735200977
0.95,0.8263279874056757
1.9,1.8319157519324498
0.8166666666666667,0.8335516532887879
1.75,1.82657142423037
3.8,3.8273545528826047
3.816666666666667,3.8296511582072794
1.9666666666666666,1.8384531704464577
0.6666666666666666,0.8423092696790119
3.716666666666667,3.841547466991577
0.9166666666666666,0.8351690740796465
0.9833333333333333,0.8304971582245655
1.9666666666666666,1.8369331613935005
2.85,2.839341106590157
3.9833333333333334,3.8514419146860543
2.75,2.826689815731578
0.6833333333333333,0.8305173752736889
2.9,2.83194344956953
2.966666666666667,2.8302519439283564
0.6833333333333333,0.823443161879704
2.933333333333333,2.840915730521001
3.7666666666666666,3.8259451929560897
1.9,1.8367439154097966
3.8833333333333333,3.823662148914037
2.7,2.8387860509374816
3.7333333333333334,3.8340940572783495
0.9833333333333333,0.836008716141841
0.8333333333333334,0.8348800194812847
3.8833333333333333,3.8383400202195257
1.9833333333333334,1.824299339503833
2.783333333333333,2.8386214341827936
0.8,0.8330545668919995
1.7,1.840504418201936
3.85,3.8181374824819603
0.95,0.8387894848401952
1.7666666666666666,1.840024645061458
1.9166666666666667,1.831740237477743
3.716666666666667,3.828067509042543
2.0,1.8299885938560656
0.9166666666666666,0.8251582863468905
0.85,0.8615379933721392
1.8833333333333333,1.8369442569001362
3.8,3.829776451143343
2.95,2.830663706373707
0.9333333333333333,0.8280616505291724
0.8666666666666667,0.8371610994340195
2.8666666666666667,2.8346070690908225
0.9833333333333333,0.8409829646780728
2.0,1.8264236351011294
1.8666666666666667,1.8400466935200905
1.8166666666666667,1.8201505029452847
2.783333333333333,2.8298820896809973
2.95,2.8371403921408103
2.8333333333333335,2.8323231326111658
2.783333333333333,2.8273593470423
2.85,2.822963652922443
0.8333333333333334,0.834917811233627
0.8,0.8440481832481486
1.9333333333333333,1.8197181681378884
3.6666666666666665,3.826953890966517
1.7666666666666666,1.8246580279544051
2.7,2.8338865227405012
0.6666666666666666,0.8280721767116793
1.8833333333333333,1.833712797189179
0.95,0.8303679929458787
0.8166666666666667,0.845644968698419
2.783333333333333,2.830291630009833
1.9833333333333334,1.8274961000929255
3.6666666666666665,3.8360067884117224
2.683333333333333,2.8290452514666726
3.783333333333333,3.8460827613903104
1.8833333333333333,1.8502567674060677
3.75,3.8327025733947497
1.0,0.8317377083539725
1.9666666666666666,1.8379220475144735
0.6666666666666666,0.8343873167003497
0.95,0.8288002353773298
0.9833333333333333,0.8335495665515311
3.966666666666667,3.8262066500107057
1.9166666666666667,1.8092343115218932
1.9166666666666667,1.8376486082127712
2.8666666666666667,2.8354408822448622
3.8833333333333333,3.8339217320831374
2.7666666666666666,2.836803060166106
1.6666666666666667,1.8281421923462418
3.8666666666666667,3.8338480750792594
2.0,1.8377927057838708
3.8666666666666667,3.831079432187081
1.6666666666666667,1.831827608103974
3.95,3.8238198487329202
3.75,3.834109885594929
4.0,3.854135283112052
0.9666666666666667,0.8252996183572955
3.8666666666666667,3.8256855293448417
1.8666666666666667,1.8313748607911893
3.8333333333333335,3.8339065940567334
3.7666666666666666,3.8421477686782457
1.85,1.8259284296391447
0.8833333333333333,0.8449587735292294
2.8,2.834391314727421
2.6666666666666665,2.839765174651346
1.6666666666666667,1.836248981872387
1.9166666666666667,1.8299722494038801
2.8333333333333335,2.839812403604319
3.816666666666667,3.8323512550630143
3.8666666666666667,3.8356454033078142
2.95,2.8359356700272556
1.9,1.830395962145905
1.9333333333333333,1.8413501983243776
3.75,3.827020672848673
2.9,2.8311003855636256
0.8666666666666667,0.8354117887293794
2.8833333333333333,2.8364577186293207
2.7333333333333334,2.8288436523120306
2.8833333333333333,2.828141450948237
3.8333333333333335,3.830189602580841
2.85,2.825680695635758
3.7,3.840639862251454
0.8666666666666667,0.8364423042000803
3.8833333333333333,3.8383220428940996
3.966666666666667,3.843802557671486
0.9666666666666667,0.828075080472685
2.7666666666666666,2.830197961387195
2.0,1.8490958710627807
0.9333333333333333,0.8393188790149279
4.0,3.840543873108137
1.9333333333333333,1.839645416303548
3.8333333333333335,3.8269935590956097
0.9333333333333333,0.824686735585265
2.716666666666667,2.83701541634938
0.85,0.8364423042000803
2.9,2.8306654472895563
3.9,3.850112011083833
0.8833333333333333,0.8267410440822607
3.8833333333333333,3.8331289403163873
3.783333333333333,3.8261349095652184
3.7666666666666666,3.8264222594438677
3.9166666666666665,3.831906553092827
1.0,0.8311193550257654
0.75,0.8428656337892336
2.933333333333333,2.8470032709136976
2.9833333333333334,2.847805818776645
1.6833333333333333,1.8293520425507261
2.9,2.822847111242268
3.85,3.8446747849912803
3.966666666666667,3.8242908249807126
3.8333333333333335,3.835124757408206
1.7,1.832904744451274
2.8,2.8335839647531618
3.8,3.8521366282175804
2.7,2.834987127364692
3.7,3.8207489302508333
2.966666666666667,2.8533078031683616
2.6666666666666665,2.823151719781604
1.7666666666666666,1.8389154975352324
0.9666666666666667,0.8325276409140635
3.6666666666666665,3.836537719331437
0.7333333333333333,0.839699941925581
0.7333333333333333,0.8400390070828216
1.7666666666666666,1.8240194196737063
2.716666666666667,2.8387945892604267
0.9833333333333333,0.8335523487326262
2.95,2.8240046241040933
2.8666666666666667,2.8357940068057603
1.8166666666666667,1.8474211634158337
2.95,2.8388715352281126
1.9833333333333334,1.837459288377024
3.85,3.8295329181546562
1.9666666666666666,1.8306707591715066
3.9,3.8243363723588017
0.7833333333333333,0.8302454912614465
0.75,0.8392774128435674
3.933333333333333,3.8338006168287255
0.7666666666666667,0.8332361591299993
2.7333333333333334,2.8309390679073494
2.9833333333333334,2.8375381113346805
3.8,3.82694085058026
0.8333333333333334,0.8340911766946809
1.8833333333333333,1.83509061405761
1.7666666666666666,1.830924469698324
3.8333333333333335,3.831299288620469
1.75,1.8406374156525103
1.8,1.82830262008141
2.85,2.8153965985790257
3.716666666666667,3.834578511320211
1.7666666666666666,1.8440829524306084
2.8833333333333333,2.8318734695518657
1.85,1.8406938206545838
3.8666666666666667,3.836133761518317
2.9166666666666665,2.8242241451114434
1.8833333333333333,1.83335323761558
0.8166666666666667,0.8335249868657126
1.9,1.835758007764591
3.933333333333333,3.8390737286410963
2.933333333333333,2.8380448083711958
2.716666666666667,2.822147944105772
0.8833333333333333,0.8246197563471148
1.7,1.8262323097820472
2.8666666666666667,2.831810714410459
1.6833333333333333,1.8222897897034716
2.783333333333333,2.8351965641878123
2.933333333333333,2.8358025127396385
3.716666666666667,3.8209447590353123
2.9833333333333334,2.841481907915265
3.7666666666666666,3.837742245878328
3.783333333333333,3.831663660857067
2.9166666666666665,2.8387145198705643
3.8333333333333335,3.825050588712366
0.8833333333333333,0.8256439512863235
1.7333333333333334,1.8228003558622614
1.8333333333333333,1.8321132125705306
3.75,3.825189322020019
0.7166666666666667,0.8404342793805849
3.8333333333333335,3.8196637746524367
2.966666666666667,2.839723445420534
3.7,3.8355644216921827
1.85,1.838320228269628
2.6666666666666665,2.8361672055542453
2.8333333333333335,2.8411889572369886
0.6666666666666666,0.8316567245538544
2.7333333333333334,2.840200503697296
3.75,3.82113625734008
2.9833333333333334,2.832130071658101
3.783333333333333,3.8256932110027906
2.8666666666666667,2.83521828389364
1.9166666666666667,1.8155576422729993
0.85,0.8329937400445118
2.9166666666666665,2.833399956516792
3.9,3.830641106237745
2.8333333333333335,2.829665268512706
0.8666666666666667,0.8347371989837867
2.7,2.8256024557614423
1.7,1.832259023212993
2.8833333333333333,2.835619482752835
1.7333333333333334,1.8404733358413745
1.9666666666666666,1.8365291593962738
2.783333333333333,2.828476507591589
2.8833333333333333,2.8345595793269327
1.8333333333333333,1.8276653655692956
1.9166666666666667,1.8441708808050916
1.7666666666666666,1.8369534977677304
2.9833333333333334,2.8331109648290247
1.8333333333333333,1.8291912183206043
3.783333333333333,3.840659236624307
1.0,0.8361096942687044
3.75,3.821198955560587
3.6666666666666665,3.848237203878637
2.75,2.8305801255464984
2.933333333333333,2.818328283135518
3.816666666666667,3.826078547233867
1.9,1.8393420817116695
0.8,0.8491304025775541
4.0,3.841067909167107
1.7666666666666666,1.8408934520793745
1.6833333333333333,1.829290282267455
0.7333333333333333,0.8222878745768799
3.6666666666666665,3.8239645916734792
2.7333333333333334,2.8357688856290797
2.933333333333333,2.8403493109762303
3.966666666666667,3.813246429143792
1.8833333333333333,1.8166511610949534
1.8833333333333333,1.844571041158816
0.7166666666666667,0.8251582863468905
2.966666666666667,2.832480886016753
1.8833333333333333,1.8396848479784855
0.95,0.8382630505071199
3.7,3.836613599179492
2.816666666666667,2.839029571674716
0.6666666666666666,0.837043850377039
2.6666666666666665,2.829455766322703
3.8833333333333333,3.835353882230572
3.8666666666666667,3.829266891302786
2.7666666666666666,2.8417787720038667
3.9166666666666665,3.8310943929133208
0.7333333333333333,0.8297776781620549
2.75,2.832490116200754
2.7333333333333334,2.834917595236917
3.8666666666666667,3.838460492958964
2.7333333333333334,2.8482080809872365
2.85,2.8208361743698744
1.9333333333333333,1.8273194293766217
2.7,2.829095937496595
1.7666666666666666,1.852337438451281
2.85,2.842655906441522
3.783333333333333,3.829612507675196
3.966666666666667,3.8305503067993345
1.9666666666666666,1.8120880213992152
2.783333333333333,2.8401674055822292
3.8833333333333333,3.8233046493330813
2.683333333333333,2.8468816513244173
1.7833333333333334,1.8389029708338782
0.95,0.8212942524305565
2.7,2.8380306659442702
0.7833333333333333,0.8402817191133896
3.933333333333333,3.817936885588123
1.8,1.828289546989481
1.0,0.8347198010034869
1.7666666666666666,1.8283798991816191
1.8,1.8355576274533538
2.8666666666666667,2.834822118403481
1.85,1.8462808293314368
0.7666666666666667,0.8455684673518725
2.933333333333333,2.842449488846938
1.8,1.8375066262112785
0.8833333333333333,0.8453210060904651
2.8333333333333335,2.830754362422429
3.9,3.809346430714864
1.6833333333333333,1.8292286455363709
0.9666666666666667,0.8386905668139613
2.0,1.8418854852855386
1.9,1.8389940328847691
3.7,3.8230462344726623
2.783333333333333,2.8400994176952463
2.8833333333333333,2.837844784399566
3.0,2.833325256591904
0.8333333333333334,0.8313682097137624
1.8333333333333333,1.8201505029452847
0.8166666666666667,0.8313218068772633
3.783333333333333,3.832771284116084
2.8833333333333333,2.815018921215058
2.9833333333333334,2.83188382509592
2.966666666666667,2.8102500821536918
2.6666666666666665,2.83797570970608
2.9833333333333334,2.827362806914
1.9166666666666667,1.8323214401847974
1.9,1.8445889266971418
2.6666666666666665,2.827705511175316
0.7833333333333333,0.8491743543324918
3.9833333333333334,3.842110609412091
1.9833333333333334,1.8176005881159065
2.816666666666667,2.8370989655226735
1.9,1.8288839002032609
2.7666666666666666,2.8292138240728377
2.7,2.8242150850587304
2.8833333333333333,2.850575668855863
1.9,1.833653766976393
2.7333333333333334,2.839140729895164
0.6666666666666666,0.8259806523708962
2.6666666666666665,2.82913485630532
1.9833333333333334,1.845433304923487
0.7166666666666667,0.8316906177841823
2.8333333333333335,2.8322472649001917
3.8333333333333335,3.8362894059704087
2.966666666666667,2.8237151579773467
0.7166666666666667,0.8350274295925978
1.7,1.8383398327751603
2.6666666666666665,2.840719213770602
1.8,1.837844402547616
1.9833333333333334,1.824203589626114
1.9666666666666666,1.8428676064256928
1.9166666666666667,1.8211137625978273
2.9833333333333334,2.8364563901561386
3.966666666666667,3.826100216498168
3.7666666666666666,3.828664664154279
3.95,3.8407085368031546
2.85,2.831942919010446
0.7666666666666667,0.8374284958884906
3.933333333333333,3.8339980957194215
2.6666666666666665,2.8316227038657673
3.716666666666667,3.822165343848442
3.75,3.828804180016227
0.8166666666666667,0.8291369716556823
3.683333333333333,3.850112011083833
1.7333333333333334,1.8278019368028
2.816666666666667,2.8001267852180804
0.8,0.8262473877748309
3.8333333333333335,3.830008437066082
2.816666666666667,2.8330906674364384
1.6666666666666667,1.8264557210610528
1.9833333333333334,1.8345473134075618
1.6666666666666667,1.8253590181793684
3.9833333333333334,3.8342943471673436
1.8333333333333333,1.8291777116209973
2.7,2.836545193584738
1.9666666666666666,1.8322732567392537
0.8333333333333334,0.8308260886680218
0.7333333333333333,0.8220792025237644
0.95,0.8367011644561468
2.9166666666666665,2.839216537688927
2.8666666666666667,2.841447005225255
3.6666666666666665,3.828306752879769
1.0,0.8370729170880631
2.966666666666667,2.8310108136839194
0.6666666666666666,0.8272047103771583
2.95,2.84449161488184
1.7666666666666666,1.8411634231485325
0.95,0.8344661336083748
3.816666666666667,3.835292350481509
0.6666666666666666,0.8348919890531421
1.8833333333333333,1.8388082020396501
0.9,0.8409519696197139
3.9,3.825726826085615
2.7666666666666666,2.8368581259579657
1.6833333333333333,1.8404877582360217
1.8,1.844446676687566
1.6833333333333333,1.844836719860159
0.7833333333333333,0.8266275933199568
0.9333333333333333,0.8411608987805903
3.933333333333333,3.8519828431490195
0.9833333333333333,0.8401072620117973
1.9666666666666666,1.8401566725080858
1.7,1.8117708791150624
3.9166666666666665,3.825184664341346
0.6833333333333333,0.8400512878919593
0.8166666666666667,0.8344498893279648
2.8,2.833771250189746
0.6833333333333333,0.8341963047750554
0.95,0.8358108471869461
3.85,3.838827852692088
3.683333333333333,3.8322229732582422
0.8833333333333333,0.8289707057970982
1.9,1.8211196890505947
3.6666666666666665,3.8361136710704913
0.95,0.8325803085879907
1.9333333333333333,1.8348493267955692
0.8833333333333333,0.8321960217284544
2.9166666666666665,2.8309843832960446
1.8666666666666667,1.8248783267117097
2.8333333333333335,2.8261610109692525
2.933333333333333,2.8394692467806015
1.85,1.8294960276062031
0.9666666666666667,0.8270769619048817
1.6666666666666667,1.834529102128209
1.9,1.8285432729041622
2.6666666666666665,2.8288698107975807
2.7333333333333334,2.834667049989889
1.8333333333333333,1.8304747110489743
0.8,0.8311824305798727
2.8833333333333333,2.8392718358638174
3.8833333333333333,3.830233952909406
3.9166666666666665,3.826487550435853
0.9833333333333333,0.8336264968432278
3.8666666666666667,3.832162969898883
2.7666666666666666,2.8338761905273344
1.7,1.8348057621564684
3.7333333333333334,3.83509535060342
3.6666666666666665,3.8397170545516155
1.6833333333333333,1.8335467796450395
3.75,3.815614194497215
3.85,3.83260133838397
0.8166666666666667,0.8286156101106756
3.75,3.831503050056266
2.8333333333333335,2.8346537099706937
3.9833333333333334,3.8496045657746474
1.9333333333333333,1.8338167222060162
3.75,3.8285151265842665
0.9166666666666666,0.843830454620587
3.8,3.8366877405417257
2.7666666666666666,2.835908334612053
3.95,3.8438697543743383
3.8,3.837423779786401
2.6666666666666665,2.835592855720457
2.95,2.844004891717706
2.7333333333333334,2.8285577251190306
3.85,3.8256694120035513
2.8833333333333333,2.8401856254403492
2.8833333333333333,2.835782947539586
0.9833333333333333,0.8365370706742042
1.7,1.8354543371753183
1.7666666666666666,1.8398574323132981
1.9333333333333333,1.832637040000508
1.75,1.8374743029943321
1.8666666666666667,1.8263398496493397
2.7666666666666666,2.8343196338566448
0.8166666666666667,0.8381502128743052
2.7333333333333334,2.8474897791006866
3.0,2.8338553558941966
3.95,3.8274064016697134
0.8,0.8330322434500106
1.9,1.8313428295406553
0.85,0.8408774691240852
1.7,1.8204513030277318
0.85,0.8307972704525715
2.9,2.8313405461907246
3.9833333333333334,3.831564565582951
2.9833333333333334,2.831252093665345
3.6666666666666665,3.8289610156149125
0.9,0.8329460057490741
3.7666666666666666,3.8519953653766716
3.0,2.8279899036610088
3.9833333333333334,3.823422550758349
2.716666666666667,2.8414235979716693
0.7166666666666667,0.8361001757964688
3.716666666666667,3.8227847707287044
2.966666666666667,2.8397639568827713
1.7666666666666666,1.8477953284606474
1.8333333333333333,1.8298909354007833
1.75,1.8318140026033893
2.8666666666666667,2.834156207333751
1.8,1.8433808668691012
0.9333333333333333,0.8375726383687688
0.9666666666666667,0.8438422222519694
3.9833333333333334,3.833359855770661
2.8666666666666667,2.8280003425328744
0.9,0.8321531281811224
0.6666666666666666,0.8267364585277577
4.0,3.835021759768101
0.9666666666666667,0.8368888275080282
0.9666666666666667,0.8327332112356481
1.7833333333333334,1.8403564771193865
0.8666666666666667,0.8176529929954566
3.683333333333333,3.8276055822348662
2.9833333333333334,2.8333664541380235
3.85,3.829090465778931
3.9833333333333334,3.832152167239696
2.8,2.8215034068732208
1.85,1.8335202221969285
1.85,1.8452357177150294
2.933333333333333,2.838775728022506
2.9833333333333334,2.842219735009465
1.7,1.8399373796359992
0.7166666666666667,0.8330103632296829
2.683333333333333,2.834724023841071
1.8666666666666667,1.8346856088787222
0.9,0.8226509002155292
2.85,2.826502208608228
2.95,2.838109362082685
0.95,0.8411771328820338
1.9,1.8357447369265818
2.0,1.823712939890683
2.933333333333333,2.829718616454748
3.7333333333333334,3.831187684373819
1.7333333333333334,1.8301601619561554
0.95,0.8364052016655941
2.8833333333333333,2.8336528849120537
2.966666666666667,2.841947114424339
3.933333333333333,3.8261943324939516
3.933333333333333,3.8467334392239194
0.9666666666666667,0.8404396155504337
3.933333333333333,3.8345371062952758
3.683333333333333,3.8436635329696496
2.8,2.826067954686587
3.8,3.8273031965762203
3.7,3.817656912229708
3.716666666666667,3.838460492958964
0.9666666666666667,0.8450009949636254
1.9166666666666667,1.8397924039626623
0.9666666666666667,0.8261118202709662
2.7666666666666666,2.842346658113061
1.95,1.8335087293923729
1.6666666666666667,1.833518971918696
2.7,2.8486663799119776
2.8666666666666667,2.83090698694529
1.6833333333333333,1.823467738292874
2.9833333333333334,2.847044119616233
1.7666666666666666,1.8406967349640306
0.6833333333333333,0.8335523487326262
3.7666666666666666,3.8248362530001834
1.95,1.8395786503072509
2.9833333333333334,2.829967040201136
2.9166666666666665,2.833916682399466
3.75,3.84080213011311
3.9166666666666665,3.8348186878692663
1.8666666666666667,1.8292522116068246
0.9,0.8334262530772669
2.6666666666666665,2.830199230626461
1.7833333333333334,1.8207545772387346
2.8,2.85172998393745
1.85,1.821428020664383
0.6666666666666666,0.8270975431687851
1.7166666666666666,1.823661529836522
2.9833333333333334,2.8462516074374817
1.9833333333333334,1.8273008791798844
0.8,0.8339642883629924
3.8,3.8395761142394296
2.783333333333333,2.8457171379222657
2.8,2.833418248985796
4.0,3.8336651472667036
0.9166666666666666,0.8424149260546673
0.8333333333333334,0.8380506992573207
1.8833333333333333,1.8349015359114902
2.7333333333333334,2.8250111237027493
0.8833333333333333,0.8312463552752071
0.7166666666666667,0.8377130951933133
3.7,3.8381881143653036
1.6666666666666667,1.8334884913229437
1.8833333333333333,1.8333004296586832
2.0,1.8258332500128522
0.8833333333333333,0.8266275933199568
1.7666666666666666,1.8281811247037958
4.0,3.836234098631311
2.683333333333333,2.832071607352178
1.6666666666666667,1.8356561827126134
1.6833333333333333,1.8527167917726732
2.8666666666666667,2.8318914373587827
0.7833333333333333,0.8399016161671511
0.9833333333333333,0.8287098060967345
2.85,2.8189440892581406
1.9166666666666667,1.8211839000764132
2.8,2.8142160721097667
0.7333333333333333,0.8336519685908675
1.0,0.8288196314881521
3.8333333333333335,3.84194972554156
2.9833333333333334,2.8363384558885962
3.85,3.833359855770661
2.6666666666666665,2.8357275568337585
3.0,2.8331853388266524
2.816666666666667,2.8302402437241034
2.7,2.8451408230564605
1.8,1.8426020664819223
0.7833333333333333,0.8330244947713433
1.6833333333333333,1.8248097599190276
3.9833333333333334,3.8377369246530253
2.8666666666666667,2.8326263197683716
0.7,0.837344387644327
3.8666666666666667,3.8483177352930635
1.6833333333333333,1.8305460551988222
3.716666666666667,3.8402527600253746
2.9833333333333334,2.83765776128142
2.0,1.8347194110269482
3.783333333333333,3.8430832048390617
2.6666666666666665,2.8365796156177487
1.85,1.8418144129496872
3.783333333333333,3.8370309716484483
2.7333333333333334,2.8364914720104446
1.0,0.8425973327657075
3.716666666666667,3.8337087108981596
2.0,1.830865049300414
2.8666666666666667,2.833466257082568
1.7333333333333334,1.8406668482163357
3.716666666666667,3.835334939009619
2.85,2.829827858514416
2.8833333333333333,2.84817756531171
2.9,2.829970001007328
1.7166666666666666,1.8477693047293464
2.783333333333333,2.829124459258569
0.9333333333333333,0.8525450467997334
1.85,1.8379764179894522
0.75,0.8315675424756688
2.8666666666666667,2.8326536279736967
0.8833333333333333,0.8242821927976461
3.8833333333333333,3.833248376226047
1.7833333333333334,1.8294353954943379
2.816666666666667,2.8325914242814987
2.85,2.83355806383286
0.7333333333333333,0.8303867013260738
2.7,2.8339237809815243
0.9166666666666666,0.8478476238090187
2.95,2.8364043674578268
2.85,2.8447155464439904
2.9,2.8352229743984454
0.75,0.8420864302438007
0.9,0.8464031639865663
3.8666666666666667,3.8313614933581586
0.7,0.8291282795347201
0.7833333333333333,0.8405007180925681
0.9,0.8432890306664997
3.816666666666667,3.834436476918432
3.783333333333333,3.8339336029944575
1.8833333333333333,1.8431705242873062
0.95,0.8342347956710934
3.8,3.8322483049728198
1.7333333333333334,1.8382495662995444
0.9833333333333333,0.8329334048687721
1.8833333333333333,1.837990210379863
2.6666666666666665,2.8265026239783655
0.7833333333333333,0.8446993770044675
2.8333333333333335,2.8102487208537803
0.8166666666666667,0.8354096569295142
0.7,0.8218322267829905
0.6666666666666666,0.8273093806227517
3.7,3.8366218987879965
1.75,1.8340098672723917
2.683333333333333,2.8276498387517224
2.816666666666667,2.8312314741664744
0.8666666666666667,0.835908889613996
2.0,1.8381041928000166
1.9833333333333334,1.8317063339834263
2.783333333333333,2.8422145713248432
2.9166666666666665,2.8359723561738748
2.816666666666667,2.8364319112275047
1.9333333333333333,1.839022804263743
1.95,1.8287103325730372
2.8333333333333335,2.8394428794249
1.7333333333333334,1.8259397778934399
2.8666666666666667,2.833399956516792
0.75,0.8342995173034518
4.0,3.817551355766293
1.9,1.8383498627757067
2.783333333333333,2.8571982595927756
3.8,3.8398199348874287
1.6666666666666667,1.8101611809817604
0.6833333333333333,0.8261203053048901
2.8333333333333335,2.8389347401604352
2.95,2.8292007888324644
3.8666666666666667,3.8337083921450787
1.75,1.8399249138544096
2.816666666666667,2.842543269764802
1.8166666666666667,1.8361082214118107
1.7166666666666666,1.8349362326034317
1.75,1.8293981830258639
3.9833333333333334,3.8253647792555996
0.9833333333333333,0.8359217518739408
2.8666666666666667,2.815712117081184
0.7333333333333333,0.8376161119419315
3.9,3.8400845416991713
2.8333333333333335,2.8426390951535905
2.9166666666666665,2.818616270800175
3.7,3.8261350633727966
1.85,1.8384680777400757
0.95,0.8418277535611187
3.933333333333333,3.84421902017295
3.75,3.82701892819592
2.85,2.8322374593943533
2.933333333333333,2.8390053572293477
0.9333333333333333,0.8409781548285354
0.8833333333333333,0.8402436560743116
3.85,3.823052345617705
1.7333333333333334,1.8332709344694695
2.7333333333333334,2.8331778166447172
2.6666666666666665,2.8298256145074645
0.95,0.8361638201811572
0.9666666666666667,0.8314236924816939
1.9333333333333333,1.8350377225188297
0.9333333333333333,0.8233552358288269
0.7166666666666667,0.82703507770042
0.75,0.8297649382953387
2.966666666666667,2.82916203194844
3.8666666666666667,3.8412863511018105
3.7333333333333334,3.8354513558370256
3.8,3.8367073462477377
2.85,2.8462516074374817
2.0,1.832456315638262
3.7333333333333334,3.8316304353179156
2.716666666666667,2.8405063248250104
2.933333333333333,2.8354344899821147
1.8666666666666667,1.8389850340026108
2.7,2.839687227526556
3.9,3.8313759500863704
2.7,2.8338089167208755
3.7,3.8145811711174313
0.7333333333333333,0.8260541934145398
0.6833333333333333,0.8386994471482374
2.85,2.8290680730145192
0.7666666666666667,0.840573709041125
2.8,2.8328652520369353
1.75,1.8252733095615536
0.7,0.838851284025315
1.6666666666666667,1.8211291920014858
0.7833333333333333,0.832339107643156
1.6833333333333333,1.8340432547797787
1.9666666666666666,1.8242214299601078
1.0,0.8464720683136313
3.8666666666666667,3.830686499312535
0.7,0.8147712798932975
2.683333333333333,2.8323773951686437
3.7,3.8415961541786667
1.75,1.824364933146142
4.0,3.8344126670117653
3.8,3.829652682676671
2.0,1.826007636837832
0.7,0.8329662426132002
2.7666666666666666,2.830966674386045
0.6666666666666666,0.8229188942789551
3.7333333333333334,3.8362521173060906
1.75,1.8395888767278061
1.8166666666666667,1.8381539778653937
3.683333333333333,3.8321932204085174
0.9333333333333333,0.8243397162550973
3.7,3.848271133348905
2.8833333333333333,2.8412301555534145
1.8333333333333333,1.8401922155602852
2.85,2.836935395733034
2.85,2.8346492446317186
0.7666666666666667,0.8357061702451536
0.95,0.8360062714198199
2.9833333333333334,2.836346657498692
1.7,1.8309544568532536
0.9,0.8317007062619978
1.8333333333333333,1.8272524379490305
2.8666666666666667,2.8522396007706647
3.816666666666667,3.8380277500575968
3.8333333333333335,3.8413121585119177
1.0,0.8374628823437301
3.966666666666667,3.8455956473243718
3.7666666666666666,3.8336378003085447
3.95,3.8368227762322378
3.716666666666667,3.8271066409551953
3.85,3.8234673830118324
3.683333333333333,3.818248274375714
1.7333333333333334,1.8298268023435023
1.75,1.824064191735907
3.7333333333333334,3.8124878740895283
0.6833333333333333,0.8525450467997334
0.9666666666666667,0.8517937788840132
2.7,2.8197862533745433
3.816666666666667,3.8446747849912803
0.95,0.8325913151020652
3.6666666666666665,3.833678562572739
3.8333333333333335,3.8264069695124237
2.9833333333333334,2.8428313814060546
3.7333333333333334,3.8268914143761
0.7666666666666667,0.8235351854140744
0.8333333333333334,0.8335755009651694
0.8166666666666667,0.8387320591740791
3.8,3.841520966190653
2.966666666666667,2.8364159577772785
2.8333333333333335,2.845970158493438
1.9166666666666667,1.8161338965080995
3.8333333333333335,3.843369176038057
3.683333333333333,3.8363367306680924
0.7833333333333333,0.8442914825541085
1.7333333333333334,1.8363111058227235
3.95,3.8316074960085245
0.6833333333333333,0.8378248781381111
3.716666666666667,3.841863915535674
3.783333333333333,3.8315149902946057
3.7,3.8299574900589786
0.8833333333333333,0.8345469133913858
0.6833333333333333,0.8263891502618327
3.9833333333333334,3.832044311626423
3.716666666666667,3.831330599778066
4.0,3.8484705355987545
3.9833333333333334,3.843295893493179
3.8833333333333333,3.8382417534251143
0.8,0.8444607431436826
1.7333333333333334,1.8482348088795388
0.8333333333333334,0.8300214592752604
3.933333333333333,3.843027170555771
0.7166666666666667,0.8351443756394977
2.7333333333333334,2.8441453808735018
1.7833333333333334,1.840483109039084
1.95,1.8247270111724276
1.7,1.829303632947282
1.95,1.8151769422456445
3.8333333333333335,3.8300806696847367
0.85,0.8267678216336196
2.6666666666666665,2.8278005856969317
2.85,2.8307038577751085
2.6666666666666665,2.8477271727886575
0.6833333333333333,0.8387894848401952
0.7166666666666667,0.8297805103546481
3.9166666666666665,3.8283977794761057
2.783333333333333,2.8310348335791637
2.0,1.8329238017603935
2.6666666666666665,2.837679530723467
2.9166666666666665,2.8282185822569703
2.8833333333333333,2.8439931701726566
2.7333333333333334,2.8372184716807625
2.0,1.8403811683200109
3.683333333333333,3.830516421915495
3.7333333333333334,3.822165343848442
3.7333333333333334,3.829388041598985
0.7166666666666667,0.8417073102968247
2.716666666666667,2.8245314509171418
3.8666666666666667,3.835533431063929
1.9,1.8320713292198696
2.8333333333333335,2.8306621705090254
2.9166666666666665,2.833555022285966
2.7,2.8426095241723113
0.7833333333333333,0.8289406498425868
0.7166666666666667,0.838635595774219
0.9333333333333333,0.8306284905985912
2.95,2.8374977301702358
1.7,1.8288189910308483
3.95,3.8446098634027193
3.7,3.832157341068931
2.9833333333333334,2.842596081834634
2.7333333333333334,2.8269779142247686
0.9833333333333333,0.8391401232716831
1.8333333333333333,1.8293963003586837
0.8166666666666667,0.8263173841580259
2.8833333333333333,2.83266024485936
3.9166666666666665,3.8426956374798733
3.6666666666666665,3.8420801366248334
1.7,1.8282159474931527
0.9,0.8281006010863411
3.8666666666666667,3.830002814486715
4.0,3.825012740389123
2.95,2.834780171812728
2.9,2.838583109544823
3.8,3.8389964828892134
0.8,0.8200798899165449
0.7166666666666667,0.8343750432651597
2.6666666666666665,2.835265665741637
0.7,0.8313376332798861
4.0,3.8327824111764484
0.8,0.844812761353895
1.9166666666666667,1.8460800766197023
3.9,3.8336378003085447
2.9,2.831803851412806
0.7333333333333333,0.8445512708043039
3.816666666666667,3.8313835578814452
3.8666666666666667,3.838891885708559
2.9166666666666665,2.8358589399175087
3.9833333333333334,3.8379342356073716
0.8333333333333334,0.8404649224636898
3.75,3.8427130867753476
1.7166666666666666,1.8306946789276048
1.9833333333333334,1.8439540189941734
0.8666666666666667,0.8239607957679789
2.7,2.8227674994663685
2.933333333333333,2.8298161957245322
2.8666666666666667,2.8553554553883926
0.7,0.8478553568628407
3.8833333333333333,3.8330721665659797
1.95,1.8341737151130804
3.85,3.8257512715169146
2.9833333333333334,2.8506482739545747
2.7333333333333334,2.8256082287944566
3.966666666666667,3.840236317107767
2.933333333333333,2.8425419962126273
0.85,0.8399852280468556
0.7833333333333333,0.8389023785879764
2.933333333333333,2.825708558568886
0.75,0.8314236924816939
2.8333333333333335,2.8327684121130297
1.9333333333333333,1.8378672958908842
3.95,3.8433539219888475
3.716666666666667,3.8291459607674163
1.8333333333333333,1.8299722494038801
1.0,0.8438248482223561
1.8333333333333333,1.8187372117140714
3.716666666666667,3.8323067323585365
2.9833333333333334,2.8433342944819997
3.816666666666667,3.8421366480411416
3.966666666666667,3.832583078364134
3.95,3.831855811712421
1.7666666666666666,1.8396676693542355
0.6833333333333333,0.831512942854095
0.7666666666666667,0.8167331316301033
0.9,0.8253442133200461
0.8666666666666667,0.8356898543345814
1.7,1.813423595643979
4.0,3.850640912948108
3.75,3.8401643914035244
0.8333333333333334,0.8244346639672098
2.8,2.8439931701726566
0.9,0.8238285579874972
1.7333333333333334,1.8343966943017782
0.7333333333333333,0.8434718220551493
0.9166666666666666,0.829953563350219
0.6833333333333333,0.8335971620250375
3.9833333333333334,3.823360887465645
1.85,1.828018163189244
1.0,0.8359626814420623
1.9666666666666666,1.8399690792562864
3.8,3.8435296725268135
0.8833333333333333,0.8224969504184979
0.8833333333333333,0.8437764908981523
1.8,1.8333058706135725
1.7833333333333334,1.829013332852337
1.8333333333333333,1.8323897167410208
2.7333333333333334,2.8350608221987246
2.7,2.837847589390058
2.8666666666666667,2.835242686830093
1.9333333333333333,1.8247570160267739
1.8333333333333333,1.8118472593025503
3.9,3.829931593565723
3.783333333333333,3.8231744877743448
2.9166666666666665,2.8306325572269366
0.9,0.8321296979604079
0.85,0.8371456498110003
0.95,0.8281402634519422
2.7333333333333334,2.8329996631460985
0.95,0.8248103685633417
3.8333333333333335,3.8345186853505835
2.8333333333333335,2.8447397614741265
3.683333333333333,3.824466296547042
1.9,1.8169908676182853
0.9666666666666667,0.8342745317335176
2.933333333333333,2.8344817533780287
3.8666666666666667,3.8385300463696677
0.9833333333333333,0.8302886068814582
0.8833333333333333,0.8295919273277739
0.9666666666666667,0.8396151228602672
1.8333333333333333,1.8229218855704692
0.8833333333333333,0.8158782300541841
2.75,2.8310191755714347
3.0,2.8280524211706974
0.7166666666666667,0.8400166614219782
3.9833333333333334,3.82439147262953
0.8833333333333333,0.8162165737687042
1.85,1.8284459008229095
0.7166666666666667,0.8397225439425613
1.8,1.8423608148240087
0.8333333333333334,0.8282907583070389
2.75,2.842681593335075
0.7166666666666667,0.8297220425297818
1.8333333333333333,1.8342229668883792
2.6666666666666665,2.8337812296734732
2.716666666666667,2.839073357094204
2.8333333333333335,2.8392421964862034
0.7833333333333333,0.8218744115168305
2.8,2.843976996128435
3.8333333333333335,3.8387166084606115
0.7833333333333333,0.8389363528904361
1.8,1.844953708491949
3.8333333333333335,3.8350712327558982
1.9,1.8436687582318358
0.8333333333333334,0.8370257614232008
1.6666666666666667,1.838028921749713
3.783333333333333,3.8358506762709363
0.9,0.8410227536032505
3.966666666666667,3.8296038507586645
0.7,0.8333558643463469
0.7833333333333333,0.8410423790731132
3.85,3.8308812041889375
3.75,3.8320578088170603
1.9166666666666667,1.8441172212954982
1.7166666666666666,1.8377882812953132
2.75,2.839666884126942
1.7166666666666666,1.8356706006590562
1.9833333333333334,1.82079985418278
0.7333333333333333,0.83294220908796
0.8,0.8386246190190092
0.9666666666666667,0.8272647283285518
0.8666666666666667,0.841697439752553
2.7,2.8442085276767033
2.85,2.8153965985790257
0.85,0.8312953154288681
0.7666666666666667,0.8454923456107554
3.0,2.840945205210141
1.75,1.8206293421334283
2.7,2.8328816362783322
0.7666666666666667,0.8411059057228703
3.7666666666666666,3.82121030948752
1.8,1.831094727322478
3.716666666666667,3.839028215045238
0.7833333333333333,0.8378318186026008
1.6666666666666667,1.8219097579206465
4.0,3.83742387384316
2.816666666666667,2.8342094627768306
0.8333333333333334,0.8432618786917334
0.7166666666666667,0.840573709041125
3.7,3.834824833685981
1.9666666666666666,1.8104971130197465
3.8833333333333333,3.8422332787665514
0.9166666666666666,0.8386330047527776
3.7333333333333334,3.842716119195213
1.7,1.8145230722588772
1.7333333333333334,1.841223133626186
1.9166666666666667,1.8335520067537185
0.85,0.83734523588005
0.7833333333333333,0.8363202368573174
0.7833333333333333,0.8341836326025905
3.6666666666666665,3.8360354146486593
0.8833333333333333,0.8406015713366736
1.8,1.8114495663299164
2.9,2.83494467165395
3.85,3.8282021614875754
1.8166666666666667,1.832066778325197
1.7166666666666666,1.836855623504439
3.683333333333333,3.834384461265692
3.783333333333333,3.845517502446203
3.9166666666666665,3.8295475774588983
3.966666666666667,3.830018134446158
3.8,3.8348312850583763
3.8833333333333333,3.8326206897244868
2.95,2.840732051295311
2.9,2.835557530827927
2.85,2.834125633228908
3.6666666666666665,3.832990350301342
0.7,0.8257704282350845
1.8833333333333333,1.8355670991636848
1.75,1.8265049247311362
3.716666666666667,3.8353518530572512
1.9,1.817605285684584
2.933333333333333,2.8329814903440917
3.7666666666666666,3.8304190836432452
2.7,2.8378669677304935
2.9166666666666665,2.8438737042779176
0.9333333333333333,0.8637691297356757
2.0,1.8394750917094413
3.6666666666666665,3.834293075279175
1.95,1.8306126666773903
2.9166666666666665,2.833845965016
3.6666666666666665,3.8295922562397875
1.9333333333333333,1.8483240569927517
0.8166666666666667,0.8404649224636898
0.7,0.8357399671632395
2.8666666666666667,2.828804820947738
3.683333333333333,3.8282223008810106
0.8833333333333333,0.8422747461050919
1.7833333333333334,1.844705884896478
1.9833333333333334,1.8215472958168064
2.7,2.8386065753019007
3.683333333333333,3.8193340208941446
3.8333333333333335,3.8385002432874096
2.8833333333333333,2.840879447880547
2.9166666666666665,2.8394205099903043
0.8166666666666667,0.8504482112313864
3.7666666666666666,3.835960708305145
3.85,3.834399589931723
0.7833333333333333,0.8346297161251612
1.95,1.8329382802949101
2.95,2.835161625121163
2.7333333333333334,2.833525248183175
0.9166666666666666,0.8367413421056566
0.9166666666666666,0.849601839993636
2.8,2.838836221221482
2.95,2.8225861726328714
0.7666666666666667,0.833249373935326
0.9,0.8354540915825436
0.6833333333333333,0.8319743730341957
3.933333333333333,3.849303351883202
0.9166666666666666,0.8347867951409225
0.8833333333333333,0.8356898543345814
1.7666666666666666,1.8437224424526903
2.7666666666666666,2.8308707435010674
3.6666666666666665,3.855307543216361
0.75,0.8212789681849947
2.816666666666667,2.8256082287944566
3.8,3.837281751280441
3.6666666666666665,3.8262622075169674
3.75,3.83302567694992
1.95,1.8456303990172065
3.85,3.8370309716484483
2.783333333333333,2.833196145779571
1.8666666666666667,1.8364280038259824
3.716666666666667,3.83672686808567
1.7166666666666666,1.8301891701184163
2.7333333333333334,2.8237667064918766
0.9333333333333333,0.8306610416422093
2.85,2.8446754941699766
2.683333333333333,2.8321387971471217
0.8833333333333333,0.8266794653951475
2.716666666666667,2.82624011723744
3.8333333333333335,3.832186015463352
0.8666666666666667,0.8322598753683639
0.9833333333333333,0.83614687521236
1.8833333333333333,1.8248218933247784
2.966666666666667,2.860187232199168
1.8333333333333333,1.8342817733138201
1.8166666666666667,1.838267642502781
3.7333333333333334,3.8325993656089334
1.75,1.8159612501095568
0.9666666666666667,0.816933545843068
3.0,2.8238384097052123
2.95,2.8286902630835242
2.0,1.8246303067704688
1.9,1.8423537129721501
0.6833333333333333,0.8212789681849947
2.7666666666666666,2.8402870993130245
3.783333333333333,3.828948281206907
4.0,3.8191933123087414
0.95,0.8333807647587657
1.85,1.8301486950228332
1.85,1.8431704843681334
2.8,2.8299553419140167
1.8333333333333333,1.8201600996975682
1.7166666666666666,1.8369859383680296
2.716666666666667,2.8297730112958295
1.6833333333333333,1.836741865925235
0.9,0.8524559759941313
3.9,3.832358150831571
2.7333333333333334,2.8410411278313807
1.7,1.8447683602030238
3.966666666666667,3.8386746987815674
2.7,2.841361393737875
3.8833333333333333,3.8307115960545377
1.9333333333333333,1.8489134421152789
0.6666666666666666,0.8434959340347379
2.0,1.8301216860222138
3.85,3.819837783019181
3.9,3.817105196381232
1.7,1.8403972674442195
0.8833333333333333,0.8307411681015263
2.6666666666666665,2.831185921356463
0.7,0.8434718220551493
2.7333333333333334,2.8325400764687014
2.966666666666667,2.8294580048368596
2.6666666666666665,2.8339416500930104
1.8166666666666667,1.8290485386655881
2.7,2.8280495575233124
0.8333333333333334,0.8349366363284213
3.7,3.8377116083495673
3.783333333333333,3.8348071550135665
2.816666666666667,2.833545379025188
2.8666666666666667,2.8364510112809747
3.816666666666667,3.825184664341346
0.6666666666666666,0.8360276093917731
1.9333333333333333,1.8326006511895592
1.75,1.8487440145806948
2.8833333333333333,2.837113822385735
3.6666666666666665,3.8212024578867387
2.8833333333333333,2.8398102180235365
1.9166666666666667,1.8337791966890689
3.933333333333333,3.810493411060474
0.7666666666666667,0.8396831078980496
0.7,0.8286490457378978
3.683333333333333,3.839786024033492
1.9833333333333334,1.81718576175103
3.9,3.835464882114889
2.7666666666666666,2.833407964210916
2.8333333333333335,2.829533300787748
3.9,3.830259417942044
0.8166666666666667,0.8388065206387749
1.0,0.8510521093866693
3.7666666666666666,3.8345933567358825
2.9,2.8404684405710903
0.85,0.844593173711376
0.95,0.8509408051337334
2.7666666666666666,2.8335656587012865
0.8833333333333333,0.8324859060468022
3.9,3.8206227212577475
2.933333333333333,2.8375343692623334
2.8666666666666667,2.8425762902932825
0.9333333333333333,0.8369137429314486
2.933333333333333,2.841178543167681
3.95,3.8326480937490395
1.8833333333333333,1.8298536613712044
3.816666666666667,3.8282223008810106
2.683333333333333,2.838073436577291
1.6666666666666667,1.8227194593376526
0.9666666666666667,0.8474231332296338
0.7166666666666667,0.8325540959746318
3.9833333333333334,3.8392610908774834
1.8,1.832215440103274
1.9333333333333333,1.8147364011652796
3.7,3.8390067548220954
2.0,1.8232458056727239
2.783333333333333,2.8331785924752184
2.933333333333333,2.836180739600829
0.8166666666666667,0.8371532984179106
2.95,2.8392719497888437
2.95,2.839861668618874
1.95,1.81346822430576
0.75,0.8365779361599291
0.8166666666666667,0.8383347675167141
0.7333333333333333,0.8243038407368677
2.9166666666666665,2.843936890461424
0.9666666666666667,0.8225957200136353
3.95,3.82854926587218
0.9666666666666667,0.8260667429206769
2.95,2.8430615811141644
1.85,1.8276154365077244
2.85,2.834918222034935
2.0,1.819083067578434
3.716666666666667,3.8280135680247316
3.7,3.8339022883763776
0.7833333333333333,0.8457817718929824
2.9166666666666665,2.834498213026626
2.8666666666666667,2.843758058493457
0.8833333333333333,0.8222063790684132
2.8,2.84363213988063
1.9333333333333333,1.840466766457152
0.8833333333333333,0.828221486458612
2.783333333333333,2.8337880933474326
1.9666666666666666,1.836784433686426
4.0,3.8362869118619556
3.7,3.836545470722701
3.7666666666666666,3.8398199348874287
3.95,3.8314856525126517
1.8333333333333333,1.8280613489061097
3.8833333333333333,3.840997346762515
3.7333333333333334,3.8421806859627754
2.966666666666667,2.8338683505884377
1.9,1.8440135212564073
2.933333333333333,2.8547116053674806
0.85,0.824437738173041
2.7,2.833799195291856
0.7166666666666667,0.83212422707689
3.783333333333333,3.8371192534967076
2.7333333333333334,2.8278276328908474
0.85,0.8331437805639655
1.85,1.831418954524681
0.9833333333333333,0.8386994471482374
3.7666666666666666,3.832565927465333
1.6666666666666667,1.8395786503072509
2.75,2.829718616454748
2.683333333333333,2.842676168721444
1.7,1.8172817470249258
0.7333333333333333,0.840637689222633
2.9,2.8401897798310602
1.9166666666666667,1.8471745629211973
3.9833333333333334,3.818421592556465
1.7166666666666666,1.8474737330881856
1.8666666666666667,1.8286292283690542
3.966666666666667,3.8199362303472504
0.9333333333333333,0.8431888946502505
2.0,1.8267462913117531
3.683333333333333,3.8262432560030586
2.7333333333333334,2.8367708539930847
2.6666666666666665,2.850611522240248
3.683333333333333,3.8351056083941426
3.816666666666667,3.829612771831524
2.95,2.869212164738587
3.8833333333333333,3.831428993740502
2.783333333333333,2.849720894122823
2.8666666666666667,2.822640131150245
3.9,3.836477711236472
3.783333333333333,3.829671041215355
2.933333333333333,2.835481939280553
3.0,2.8375706405661276
3.816666666666667,3.83302567694992
2.816666666666667,2.8257484801125576
0.85,0.829611318832318
2.95,2.8357139429789497
3.683333333333333,3.8601721369946658
2.0,1.8343892636037118
1.75,1.825029267361195
3.9166666666666665,3.838891885708559
3.9833333333333334,3.8307714422425194
2.783333333333333,2.839331050323811
1.8666666666666667,1.8309245249706216
0.7833333333333333,0.8289285735119273
2.683333333333333,2.8294867636875756
2.7,2.846366461741318
0.7833333333333333,0.8365355227099193
1.9166666666666667,1.8320764668611025
1.85,1.8322732567392537
2.8833333333333333,2.8404771301967187
2.95,2.8356901665216334
0.7833333333333333,0.837772921331381
3.7333333333333334,3.8294802056685895
3.85,3.836189923793915
3.783333333333333,3.840260721056471
2.95,2.823028881356463
3.966666666666667,3.826518687911744
2.816666666666667,2.8375706405661276
2.783333333333333,2.8437114931216922
1.6666666666666667,1.8342063823423767
3.933333333333333,3.8373710746712693
1.6666666666666667,1.8300916344519789
3.9833333333333334,3.8282307533063538
2.75,2.8212235269819503
0.8833333333333333,0.8442766039026505
0.6666666666666666,0.8410423790731132
2.9166666666666665,2.8444095138670606
3.966666666666667,3.8321132230789265
3.8,3.815125016755563
0.9833333333333333,0.8362662071117005
2.9,2.829020981875816
0.7666666666666667,0.8278803072471689
2.0,1.8283979138276518
3.7333333333333334,3.8410110865793388
3.8833333333333333,3.8323865621303512
1.7666666666666666,1.8527167917726732
0.8,0.8309347903471607
1.7666666666666666,1.8198530060814284
3.9833333333333334,3.8210579213151523
1.7166666666666666,1.8445964662700667
1.75,1.8244158244355715
1.75,1.8151923869196105
0.8333333333333334,0.8347562655524385
2.783333333333333,2.8282744469246732
2.933333333333333,2.833940853851769
0.7833333333333333,0.8286544532830459
1.6833333333333333,1.838702343161931
0.7333333333333333,0.8294196197860992
0.9833333333333333,0.8440782870032534
1.6666666666666667,1.8328918868747666
3.9,3.845313678680711
0.75,0.8415873680810482
1.9166666666666667,1.8316736354172185
1.6833333333333333,1.8259183973448228
2.8666666666666667,2.8425129471276005
0.8833333333333333,0.827087744834201
0.7,0.83176286896492
3.7,3.834522020400489
2.683333333333333,2.829095937496595
3.9,3.834729568713335
2.816666666666667,2.826925056234304
1.9833333333333334,1.8387519304064295
2.8,2.8317941782956924
0.7833333333333333,0.8264407839150971
2.8666666666666667,2.8169272136729857
1.9,1.827224852339363
3.75,3.832950181115565
0.8,0.8425939386082771
1.8166666666666667,1.8352644468631114
1.9,1.8369705207674958
0.6833333333333333,0.839431777704491
3.7666666666666666,3.8231449180887846
3.7,3.8487181000708093
2.85,2.8374320072128403
3.7333333333333334,3.8254609491784737
3.85,3.8218390169623957
1.7,1.8256415617146533
3.9166666666666665,3.8321006367573527
2.716666666666667,2.8274147496894897
1.7166666666666666,1.82341701492828
1.8666666666666667,1.8255617160080013
2.9833333333333334,2.842418870987418
1.7166666666666666,1.8295797859117786
0.6833333333333333,0.8284510770094525
3.816666666666667,3.8326235517772442
3.7,3.827673823422498
3.966666666666667,3.8239609096311087
1.8666666666666667,1.825029240547424
1.95,1.8257213301852924
2.9166666666666665,2.8396286696777633
2.7666666666666666,2.837134413316782
2.8,2.8294681531534245
2.783333333333333,2.838324203045708
1.8166666666666667,1.8332577552619385
0.6833333333333333,0.8284791885345895
3.0,2.832496614092363
2.683333333333333,2.8463219398064807
3.0,2.857022039486155
1.75,1.8403972045991508
0.85,0.8279624206556565
0.7333333333333333,0.8434422862058668
2.9166666666666665,2.835185969734064
1.7333333333333334,1.8452027897077117
2.6666666666666665,2.8328869404294146
1.8166666666666667,1.835886128412966
0.6666666666666666,0.8328959547754011
0.8166666666666667,0.8431232184714849
1.7833333333333334,1.8282984854763078
3.8666666666666667,3.8365115701135495
1.7333333333333334,1.8132781960009345
1.8833333333333333,1.8282819869636446
2.9833333333333334,2.8331182370727976
1.8833333333333333,1.8344908944416836
2.816666666666667,2.8277424231292376
3.0,2.8366287296038566
1.0,0.8331437805639655
3.7666666666666666,3.827828872175402
0.85,0.8209579297042906
1.0,0.8357090485970269
1.6833333333333333,1.8403314680808736
3.8833333333333333,3.8355206317791057
3.8833333333333333,3.8286970269257505
3.933333333333333,3.8255667141931475
0.9333333333333333,0.8351262620614393
4.0,3.822075155777826
2.9,2.8318328540778306
2.933333333333333,2.842365425553895
2.683333333333333,2.8097870631102864
3.716666666666667,3.829587840485108
1.7333333333333334,1.8357447369265818
2.6666666666666665,2.8296867421066714
2.8833333333333333,2.8494089444056523
3.8333333333333335,3.8350138638616045
1.8166666666666667,1.8253829735282558
1.6833333333333333,1.8340098672723917
1.7166666666666666,1.8360021127687285
1.9666666666666666,1.822669774690968
2.9,2.8119212183972424
3.7,3.8336509658760565
3.966666666666667,3.8229516582600853
0.6833333333333333,0.8623998236003565
4.0,3.835257420902887
1.9166666666666667,1.8324265033162366
1.9,1.8367439154097966
1.85,1.8285017956143137
2.683333333333333,2.83524665278878
0.7666666666666667,0.8232617508224637
0.8,0.8200798899165449
1.8166666666666667,1.829259844765055
0.7833333333333333,0.8273263050286818
2.933333333333333,2.846358134416115
1.8666666666666667,1.8323350648232024
1.6666666666666667,1.8435458816038863
2.9166666666666665,2.8367194722052407
3.7666666666666666,3.8401459745583306
3.75,3.8296133961593397
2.816666666666667,2.8585387459768143
2.8,2.8468542753899
0.7333333333333333,0.8332866727573972
1.8666666666666667,1.8358276133644222
0.8,0.8422747461050919
2.7,2.8453864069558175
1.7833333333333334,1.8366913876351356
2.8833333333333333,2.845216288644194
1.8833333333333333,1.8484983688035193
0.8166666666666667,0.8251930507678984
2.7333333333333334,2.8325775308755214
1.7833333333333334,1.824449576128759
1.9833333333333334,1.8270432970162147
0.75,0.8325635999524807
0.7833333333333333,0.8280769654301264
3.9,3.822472863854606
2.0,1.8456208948363797
1.7666666666666666,1.8318248727701456
3.8833333333333333,3.8367130569552668
1.9833333333333334,1.8306323195398944
3.6666666666666665,3.8359370179487917
3.933333333333333,3.8333285486982454
0.9166666666666666,0.8416176304617727
3.7666666666666666,3.8340297194771424
3.716666666666667,3.8363911461944182
0.75,0.8274058386218089
1.7,1.82638243965592
0.9,0.8310379379888637
2.966666666666667,2.83156651659488
3.9833333333333334,3.8364710291033193
0.85,0.8401060058662744
2.6666666666666665,2.839326624123812
0.9666666666666667,0.8401309750058159
0.6666666666666666,0.8296051322967658
2.9166666666666665,2.840995760468424
2.8833333333333333,2.833353103201347
1.6833333333333333,1.8213236995719584
3.783333333333333,3.8366135563699038
3.9,3.83440531925048
3.7,3.835750294526237
1.0,0.8307038944928011
3.8333333333333335,3.820166041674591
0.9833333333333333,0.841608538658575
0.8833333333333333,0.8352968286281823
2.7666666666666666,2.8144852880030737
0.6666666666666666,0.8197542012864075
3.783333333333333,3.828249067741684
1.9666666666666666,1.829012574600581
0.85,0.8333246228448765
0.6666666666666666,0.8307858842069501
2.0,1.8250991938546144
2.683333333333333,2.836190127847425
3.9166666666666665,3.823212432843832
2.9,2.825731716228716
0.7,0.8351244094597239
1.8666666666666667,1.8320592488331715
2.7,2.8345162074935346
3.966666666666667,3.825440174761627
1.9166666666666667,1.8230954625114077
2.7333333333333334,2.8370703224707228
3.683333333333333,3.830189602580841
0.9333333333333333,0.8371311226266659
2.85,2.843041750946221
3.7333333333333334,3.8358066913533775
2.9,2.8345950837442633
0.9333333333333333,0.8202183609834366
1.0,0.8297987389850041
2.8833333333333333,2.840768467344684
0.7333333333333333,0.833223584495522
0.7,0.8370155262236275
3.85,3.8235356774027967
0.7333333333333333,0.8203446255823278
1.9166666666666667,1.8474034765455345
0.75,0.839556218525015
2.683333333333333,2.8442032233771783
1.9333333333333333,1.828918563007153
2.716666666666667,2.8415882854185157
2.6666666666666665,2.832784305819663
1.6833333333333333,1.8223555789761081
0.95,0.8233283310970322
4.0,3.8184204979566987
0.8,0.8307065816906151
1.8666666666666667,1.8381996583767417
3.9833333333333334,3.830285750399757
3.6666666666666665,3.8382392625935164
0.6666666666666666,0.8398809448126241
1.8,1.8363507618766635
2.816666666666667,2.833751200213877
1.7,1.8211196890505947
3.783333333333333,3.8420039084148927
2.75,2.839873618400288
0.9,0.8336958506226769
3.75,3.830960060273224
2.85,2.8511514315826707
0.6833333333333333,0.8300168566573256
0.8666666666666667,0.8347562655524385
1.95,1.8295487186203494
1.9333333333333333,1.8434403334840286
2.7,2.8399075440003414
3.8833333333333333,3.8270663207559714
0.75,0.8386728120232099
2.8666666666666667,2.8402702757433262
1.8,1.8308153800075855
2.816666666666667,2.8539819168149747
0.7666666666666667,0.8262243449843196
2.783333333333333,2.842569936420127
0.8833333333333333,0.8397647764375388
2.9,2.8463219398064807
3.683333333333333,3.8270366781174348
4.0,3.834057797886312
2.933333333333333,2.830073625983512
3.933333333333333,3.8354131001892777
2.9833333333333334,2.8421158920069405
3.783333333333333,3.827994283292382
0.9333333333333333,0.8314963945735409
3.8,3.8384471602255146
2.7333333333333334,2.8475154918340913
1.9166666666666667,1.8388535346920227
3.816666666666667,3.824256196811339
2.9833333333333334,2.8511846085482113
1.8833333333333333,1.8393245242865635
0.8666666666666667,0.8306722879038071
3.7666666666666666,3.825279458633984
0.8666666666666667,0.8425939386082771
2.95,2.840399763509786
3.9,3.8352384413202882
3.9833333333333334,3.8390776687029673
0.8,0.8250511632592483
1.0,0.8313576494661612
0.9,0.8327354639895177
0.7166666666666667,0.8271235652716494
0.8,0.8234111451368328
2.966666666666667,2.829945931053854
2.0,1.8284820774131199
3.716666666666667,3.833050694355727
3.85,3.8209085577664577
3.8333333333333335,3.8333690514730803
3.8666666666666667,3.8428413077242403
1.9833333333333334,1.8284358001137573
0.9,0.8379687110706453
2.7666666666666666,2.8348282984189512
3.8,3.8322920320436658
3.9166666666666665,3.8221685341671257
3.966666666666667,3.8337137351052366
2.7,2.8450094508689947
2.85,2.8288068439710816
2.7333333333333334,2.8450308747771977
0.6666666666666666,0.8269630145190072
3.9166666666666665,3.8281296296015057
0.7,0.8373488106318214
1.75,1.8432639368082997
2.8333333333333335,2.842289293562097
2.9833333333333334,2.8282132588113797
3.9833333333333334,3.8389163124415258
2.683333333333333,2.8001267852180804
0.95,0.8470914207177915
0.8666666666666667,0.8268871376200378
3.9833333333333334,3.8306980881031554
0.95,0.8388552240729474
1.85,1.8374988684863849
0.6666666666666666,0.8346809829138317
3.7,3.828284454899256
1.7666666666666666,1.8383176074738266
3.716666666666667,3.827261765584101
1.0,0.8302454912614465
3.95,3.8381709556452175
0.8,0.8319211421548502
0.9666666666666667,0.8295468325596237
0.8833333333333333,0.8266194094926875
3.0,2.8346011792225614
3.75,3.8301967470040434
1.9333333333333333,1.833634316587827
1.7666666666666666,1.835053425594031
0.7,0.8377337151074148
3.6666666666666665,3.8276706673630914
0.8666666666666667,0.8118733649931869
3.816666666666667,3.8448277912244446
1.8333333333333333,1.8350761798107227
0.7833333333333333,0.8297909561136605
3.8833333333333333,3.840314773518667
3.8666666666666667,3.8329651736746637
2.85,2.8346228740669823
3.9,3.8442585904219233
3.8833333333333333,3.826308729423218
0.95,0.82583483858491
0.9666666666666667,0.8289019316023147
2.783333333333333,2.834991522632066
2.95,2.846092455309088
2.9833333333333334,2.829542182254788
3.9833333333333334,3.8366795147094575
3.816666666666667,3.8310778116183104
1.0,0.8390934749054609
3.6666666666666665,3.828866880869328
1.8166666666666667,1.8329771845410376
1.8333333333333333,1.8272865722713023
1.7,1.8528708259694242
2.6666666666666665,2.840119273905494
3.0,2.8387669685856576
3.95,3.828866880869328
1.75,1.8405274007902093
2.7333333333333334,2.8305643772202562
0.9666666666666667,0.8358872879775441
1.7,1.822410794032861
3.933333333333333,3.8313759500863704
3.85,3.8231727145293877
0.85,0.8286706852103904
2.8,2.8584954589767175
2.9166666666666665,2.8324626136214506
3.683333333333333,3.8215756232347498
0.95,0.8312913832167423
2.75,2.8376530729372975
2.683333333333333,2.838583244390856
1.9,1.8466161293638634
0.7,0.8254603587813513
2.9166666666666665,2.838009143729219
2.9833333333333334,2.852752663051274
0.7833333333333333,0.8384859140049162
3.75,3.8332588239882677
3.933333333333333,3.8289207119162643
3.683333333333333,3.824256196811339
0.8833333333333333,0.8415920505715542
1.8,1.8482471627788433
2.6666666666666665,2.8321369594329244
0.9166666666666666,0.8279649550288346
1.7333333333333334,1.83266364849825
1.6833333333333333,1.831517860808341
1.9,1.835108210581893
1.7,1.826399603877162
3.683333333333333,3.859326480406472
0.8333333333333334,0.8475514826485027
3.9,3.836750649118909
3.683333333333333,3.8304590012463855
2.85,2.850064205431309
2.9166666666666665,2.8469163733537277
3.7666666666666666,3.8293121842289186
2.6666666666666665,2.8243834990013124
1.9,1.8354197910450762
2.716666666666667,2.8345162074935346
0.8,0.8366928542339371
3.95,3.8366517783690965
3.8666666666666667,3.8243501175825405
0.95,0.8316567245538544
0.6833333333333333,0.8402817191133896
3.75,3.8322324672777612
0.8333333333333334,0.8209662710087237
3.95,3.8389399346505844
3.9833333333333334,3.8360348914582865
0.9166666666666666,0.8245351003790238
0.9166666666666666,0.8328258722902807
3.7666666666666666,3.8350934615308154
0.6666666666666666,0.8423849574977844
1.7666666666666666,1.8462824332783696
2.0,1.8271129784557503
2.95,2.828755320573385
2.716666666666667,2.8270542446769067
3.8,3.834205584010878
1.6666666666666667,1.8282421087765102
2.716666666666667,2.828939761950927
2.95,2.8164148187437053
4.0,3.8424328581882565
0.7333333333333333,0.8415611837576001
1.9333333333333333,1.8386986139146975
2.683333333333333,2.814949691111528
3.7666666666666666,3.834824833685981
0.9666666666666667,0.8345673070221167
3.7,3.831840475235265
0.6833333333333333,0.8407537645571886
0.8333333333333334,0.8429947973550459
1.8333333333333333,1.824445439334399
3.9833333333333334,3.829124869095123
1.9666666666666666,1.8392076852830053
3.816666666666667,3.82808531975812
1.8,1.830500289924847
3.8,3.8240488515795867
3.85,3.8228589163188924
3.75,3.838760513250662
2.6666666666666665,2.824032735282833
1.8,1.8198516811208088
1.7833333333333334,1.8393076249432523
1.7166666666666666,1.8230709847493332
0.9,0.8339856041850743
2.816666666666667,2.83215723770177
3.8833333333333333,3.835404133945644
3.816666666666667,3.8296111744486274
3.8333333333333335,3.8354645097239035
0.9,0.8370349861546529
1.8833333333333333,1.8244021597096305
2.9833333333333334,2.828400037603746
0.7833333333333333,0.8457662937736323
1.7166666666666666,1.8334142712454362
1.8166666666666667,1.838117220226645
0.8333333333333334,0.8223541624715389
0.8666666666666667,0.8442278848559498
2.95,2.830940218846668
2.9,2.8314407718024053
3.7666666666666666,3.831117979312873
3.8666666666666667,3.818762957752192
1.7333333333333334,1.831610553820682
2.85,2.8331724637264135
3.8833333333333333,3.827480472641466
1.8666666666666667,1.8323473893165667
0.7166666666666667,0.8236010602510594
0.75,0.8228979105869817
1.8166666666666667,1.8273578194514297
3.8833333333333333,3.83799721867755
1.7166666666666666,1.843135844115086
2.783333333333333,2.8239765096171645
1.9333333333333333,1.8221142609268668
2.966666666666667,2.8332181475065554
4.0,3.8256245431710965
3.95,3.8258143885348543
2.85,2.8357280232956215
0.8,0.8379250765951747
3.0,2.8307101589413866
1.6666666666666667,1.8401089641065709
0.6666666666666666,0.828912040273245
2.9166666666666665,2.825126806446767
3.9166666666666665,3.8421806859627754
1.85,1.8440370285508132
2.85,2.822183640597143
3.7333333333333334,3.8219330685088084
2.95,2.8470074421815372
3.7666666666666666,3.8251108945231307
3.7333333333333334,3.8363521936610767
3.6666666666666665,3.8212024578867387
3.7333333333333334,3.8307562701329427
2.6666666666666665,2.8339662157160115
0.9333333333333333,0.8446148441590577
2.683333333333333,2.8388722885589264
3.9833333333333334,3.8364893061119782
2.9,2.833196145779571
0.7833333333333333,0.8171604602720066
1.7333333333333334,1.8288128216493231
2.8666666666666667,2.8341456075654246
1.7833333333333334,1.83239235800384
2.8833333333333333,2.846522743817475
2.783333333333333,2.839350327953932
1.9,1.8363983301784408
0.8166666666666667,0.833023770305106
2.8833333333333333,2.830136572727539
1.7666666666666666,1.8372510562872466
0.9666666666666667,0.828649891528206
2.0,1.8321583204177856
1.75,1.8356561827126134
3.7,3.8400995169504006
3.75,3.82630662959783
3.6666666666666665,3.8307345901353362
3.75,3.829047919493702
0.8833333333333333,0.8401143647638962
4.0,3.819795629205585
2.8666666666666667,2.831399653657607
1.8,1.8316131400485332
1.9333333333333333,1.8212369088317102
1.9,1.8290605328845757
2.9,2.8365949130479566
0.6833333333333333,0.828895299907745
2.783333333333333,2.831244611998754
0.8833333333333333,0.8397459137143511
0.8833333333333333,0.8258158301653559
0.6833333333333333,0.8439706984310561
3.9166666666666665,3.830855679903471
1.0,0.8424350224262533
3.8666666666666667,3.833110063881947
2.783333333333333,2.821534493219307
2.75,2.838025287337753
2.7333333333333334,2.8346476329889487
0.85,0.8251132573779724
3.75,3.8308066424084886
1.7166666666666666,1.828826485206745
0.6833333333333333,0.8341019956993649
3.816666666666667,3.8408720787356323
0.8666666666666667,0.8371725560760794
2.7,2.828028577759466
3.8,3.8344465968695745
1.0,0.8291141132521644
4.0,3.8373687877116107
2.6666666666666665,2.82416459630026
1.7333333333333334,1.8217424520104737
3.8,3.8362281700022685
2.783333333333333,2.8256446653471867
0.6666666666666666,0.8343804771405304
2.7666666666666666,2.8247366201187214
0.9,0.8358872879775441
3.9,3.8228867106865603
3.816666666666667,3.834277529549439
1.8166666666666667,1.8299018572034345
1.7833333333333334,1.8256108231965402
2.7666666666666666,2.8378043357926135
2.8666666666666667,2.837965390631953
3.7333333333333334,3.8367944241965053
3.9,3.814527332193504
1.0,0.8237777039408841
2.0,1.81959328229956
0.7833333333333333,0.8422634621726438
0.8166666666666667,0.8371456498110003
1.7166666666666666,1.824844580113357
0.8166666666666667,0.8185423593261675
2.8833333333333333,2.845545389215776
2.966666666666667,2.83409065347027
2.9166666666666665,2.838474597305742
3.9166666666666665,3.8311068336567318
2.7666666666666666,2.836563862965993
3.7333333333333334,3.837560954042926
1.7833333333333334,1.8265547923092342
4.0,3.849898573548322
0.6833333333333333,0.8306020984408455
0.8833333333333333,0.8315968704544013
1.9333333333333333,1.8315696797640666
4.0,3.8348526017406557
0.9166666666666666,0.841787866781373
1.7333333333333334,1.8310383506959567
0.9666666666666667,0.8251791767211614
0.7166666666666667,0.834767649345752
0.7333333333333333,0.8397878822352
1.0,0.828085978512023
1.9,1.8265662512186507
2.9,2.8313478066989277
3.683333333333333,3.8412845163177125
1.9,1.8427348237878212
2.966666666666667,2.833662644977886
3.9,3.8367241362827698
2.9833333333333334,2.8355265496278372
0.9166666666666666,0.8184313356775251
1.8,1.8455356434496724
4.0,3.8233410207373764
2.8333333333333335,2.8300296968142846
1.0,0.8436486289570466
3.816666666666667,3.8389732337251155
2.716666666666667,2.8343988003672576
1.6833333333333333,1.8330195702140835
3.85,3.816276444038988
1.9166666666666667,1.8374330017341958
2.7666666666666666,2.834991522632066
2.8333333333333335,2.834771887296697
2.816666666666667,2.8331475332756697
0.8166666666666667,0.8404389255006055
2.95,2.8205095253022034
3.7666666666666666,3.8370811679074923
3.716666666666667,3.8337962997792694
2.0,1.8462209625543176
0.75,0.8198363816677812
1.8666666666666667,1.8165582050841598
4.0,3.834129616451803
1.75,1.8256620614249934
0.9333333333333333,0.8345371126322729
2.8333333333333335,2.837139924132625
0.8666666666666667,0.8405097276181689
3.783333333333333,3.8345616756923318
2.75,2.851367310621827
1.9333333333333333,1.8281528156420377
0.8833333333333333,0.8317007062619978
0.8166666666666667,0.838065923043576
0.7833333333333333,0.8349359174837383
0.7833333333333333,0.8297776781620549
3.7333333333333334,3.8374389490543837
3.933333333333333,3.823028619457853
2.95,2.832996443224788
1.8,1.8302627998046004
3.8333333333333335,3.8516030390554197
1.7666666666666666,1.8242569997975286
3.8,3.827259410769877
0.8833333333333333,0.8378576050091924
3.9833333333333334,3.8484623279478485
0.9,0.8359896230703895
3.8,3.8297996212273
3.9833333333333334,3.8260736392535635
0.6833333333333333,0.8179288298010599
3.85,3.8446098634027193
1.8666666666666667,1.8397053693466185
1.7333333333333334,1.8205148103466033
1.7,1.8301501911469509
0.9333333333333333,0.8189312815416101
4.0,3.8341096474018497
0.9333333333333333,0.8340474195438128
0.9666666666666667,0.8425103631081773
2.7,2.8315721244209544
1.8,1.8250733861824497
1.9833333333333334,1.8299054599134061
3.8666666666666667,3.817179899143649
0.8333333333333334,0.8282962163935059
0.7333333333333333,0.8321023445172828
1.8166666666666667,1.8302529176197382
3.9,3.8274850173976853
3.8333333333333335,3.837988927488041
3.683333333333333,3.8326584294470774
0.7,0.8343932895879997
1.8833333333333333,1.8377181122119606
2.0,1.8291151171440942
3.95,3.8243500478609254
2.8333333333333335,2.809319844835759
3.7666666666666666,3.830096986054124
3.7,3.8370985775340323
0.6833333333333333,0.8297220425297818
3.8833333333333333,3.8373390377452954
2.95,2.837041120249595
3.7,3.8345981893962597
0.7166666666666667,0.8338275967505949
1.6666666666666667,1.8088571682929027
0.8666666666666667,0.8069938938170926
2.85,2.833246693795983
0.9666666666666667,0.8413899395594655
2.9,2.828857038462185
0.8166666666666667,0.8361253290882957
1.95,1.8269018826136227
0.6666666666666666,0.8264581591086696
1.8,1.8217867453684988
2.683333333333333,2.8316201641743373
4.0,3.8459818935672816
0.7166666666666667,0.824038223223862
3.9166666666666665,3.829787453031327
3.6666666666666665,3.8337304599293778
2.7333333333333334,2.8411352221721553
0.85,0.8413537084488024
1.7333333333333334,1.8320774259589772
3.783333333333333,3.8233629104140814
2.783333333333333,2.862405024478544
1.6666666666666667,1.8278046167208708
3.966666666666667,3.834318654974725
1.7,1.8245083072406851
2.8333333333333335,2.8366427510963352
3.716666666666667,3.838052699609664
2.0,1.829243576336891
1.7166666666666666,1.8274464349600255
3.95,3.834010074645875
3.95,3.8309769535720966
3.8666666666666667,3.8308192980121953
2.683333333333333,2.8364597147533392
1.8833333333333333,1.8406248145824393
0.9666666666666667,0.8344702010921828
0.85,0.8314631873588509
3.85,3.8347671395848373
1.8333333333333333,1.8450621411911925
2.8333333333333335,2.8371141219344174
1.0,0.8433887873784248
3.0,2.8301558810831566
1.8333333333333333,1.8297253601248489
1.85,1.8357539426936043
0.7833333333333333,0.8386246190190092
1.6666666666666667,1.8316520145293227
0.7333333333333333,0.833907462244651
0.7166666666666667,0.8235697141432277
3.933333333333333,3.8308013648413857
0.8166666666666667,0.8293753730876279
2.966666666666667,2.8410148367539767
1.7333333333333334,1.8295093776696334
0.7166666666666667,0.8234855086598155
1.9666666666666666,1.8299736866159073
2.9166666666666665,2.831702618295269
4.0,3.8368227762322378
2.966666666666667,2.8431782271422645
0.7666666666666667,0.8360791801492682
1.9833333333333334,1.8408327775864055
1.8666666666666667,1.8338851202571522
0.9166666666666666,0.8320778468536801
1.8,1.826614330159407
1.8166666666666667,1.8315309200272087
2.7,2.838054644040758
0.8166666666666667,0.8298863555233628
2.716666666666667,2.833808079330573
2.7666666666666666,2.8298238171688115
3.95,3.8489490781284332
3.8333333333333335,3.8325388975580896
1.9,1.821280275418904
3.8,3.8264856651439283
2.966666666666667,2.812481342976335
1.9166666666666667,1.83709669788223
0.95,0.835166165327258
0.8666666666666667,0.8257146378774877
0.9,0.8362885100834913
2.95,2.8208361743698744
3.8833333333333333,3.847588865189233
1.7,1.826007636837832
0.9666666666666667,0.8387672335322316
2.9833333333333334,2.835278191133716
1.6666666666666667,1.825870783464868
0.95,0.8373519202073144
3.9166666666666665,3.8301311922785293
3.966666666666667,3.8127407927479773
0.75,0.8275826180008542
3.816666666666667,3.8312055637651627
2.9833333333333334,2.8243313874334515
2.683333333333333,2.8439225451975956
1.7166666666666666,1.8303435702021098
3.783333333333333,3.829356872104891
3.85,3.837222411657836
1.9666666666666666,1.838114274254858
0.8333333333333334,0.8344397830847224
2.8666666666666667,2.8304668149106913
0.75,0.8405475900108744
0.7666666666666667,0.83055044670779
0.85,0.8433811033978936
1.8333333333333333,1.8104670109110341
0.8666666666666667,0.8320331808680964
3.8666666666666667,3.840216313135571
1.6666666666666667,1.8394858164166608
3.9,3.8244099084024827
3.0,2.8403600119583143
1.7,1.8297269730102947
2.816666666666667,2.8470032709136976
3.9833333333333334,3.8254591591316
1.95,1.822539120721607
2.8333333333333335,2.8404651772862457
3.75,3.837228532019159
2.716666666666667,2.8186829678703846
1.8833333333333333,1.828289546989481
1.85,1.8330388522244407
2.8833333333333333,2.8245036067717524
3.8,3.8276100775444957
3.8333333333333335,3.8396604829523584
0.6833333333333333,0.8381621720278019
2.85,2.8375172915935867
3.85,3.834255430372113
1.7,1.8147406679374323
1.75,1.824888828733257
2.7333333333333334,2.8356901665216334
3.783333333333333,3.829135912721607
1.7166666666666666,1.8327091630980445
3.7,3.8341725969142284
2.75,2.8367019672942786
2.8666666666666667,2.8485147047988306
2.9166666666666665,2.84815615857117
1.9166666666666667,1.8274807688225543
2.966666666666667,2.8350476242042673
1.9833333333333334,1.8160106639273923
3.8833333333333333,3.8313830139524
3.8333333333333335,3.824099382854685
3.95,3.8301690669139923
0.7166666666666667,0.8358772604313238
1.6666666666666667,1.8365377105256067
3.9166666666666665,3.8297464795689797
0.8833333333333333,0.8334178275595769
1.9,1.8462445353027601
2.6666666666666665,2.835040207481934
4.0,3.8344898482341576
1.0,0.8317942903627592
2.783333333333333,2.821635236501554
3.75,3.8251881326601738
2.0,1.8334113202409557
3.8666666666666667,3.833417491443214
2.8833333333333333,2.8298485938955036
0.9833333333333333,0.8411539964614392
0.95,0.8340200178447945
3.816666666666667,3.828281959029036
3.683333333333333,3.851242917403482
1.9666666666666666,1.8271297302908218
2.9,2.8363846168764018
4.0,3.830377405486944
3.783333333333333,3.8401459745583306
1.8666666666666667,1.8394933384449816
0.95,0.837167066506873
3.8666666666666667,3.824363413450762
0.9666666666666667,0.8359961464515111
0.6833333333333333,0.8135287613687322
3.9,3.838726628656577
1.9666666666666666,1.835351244614818
2.85,2.835995196834434
2.8666666666666667,2.8406490518398972
3.716666666666667,3.8338480750792594
1.8666666666666667,1.8322763366710866
1.9,1.8222347508132897
3.816666666666667,3.8200829572917945
3.716666666666667,3.8423766680182907
1.0,0.8330388930530184
2.8833333333333333,2.8438737042779176
2.8333333333333335,2.8427281526263295
3.933333333333333,3.832533504595403
2.683333333333333,2.850064205431309
3.816666666666667,3.8267263753189438
1.85,1.8312558977543407
0.9166666666666666,0.8411944191561916
2.933333333333333,2.8365751609132777
0.8666666666666667,0.8250480316589609
1.6666666666666667,1.8450621411911925
0.6666666666666666,0.846444638357498
1.8,1.8384292642422277
0.9666666666666667,0.8374232872101899
1.7333333333333334,1.847642192437101
0.8333333333333334,0.8336221474438216
2.95,2.811769508967739
3.8333333333333335,3.831907782690564
2.8833333333333333,2.832339518766941
2.716666666666667,2.8424311507077547
0.6666666666666666,0.8407820099176873
0.6666666666666666,0.822890085714904
1.8666666666666667,1.823145796724007
1.7333333333333334,1.809398297505836
1.9333333333333333,1.82833723049517
1.8666666666666667,1.8313920752401176
2.7666666666666666,2.834668874733911
1.9,1.8298728766274155
0.9666666666666667,0.8520804330141002
1.9666666666666666,1.8092343115218932
2.7,2.8521388737780695
3.95,3.8307768453608464
2.716666666666667,2.83226663533946
0.8,0.8305275099085759
3.716666666666667,3.8200636708116904
0.9166666666666666,0.8441143148671858
0.9333333333333333,0.8386142311185568
3.816666666666667,3.8448678707678674
2.7,2.8252570152322507
1.9,1.8255840410297393
2.816666666666667,2.830335186608321
3.75,3.8260316858335583
1.7666666666666666,1.8399978880274932
1.8166666666666667,1.821746629857557
2.7666666666666666,2.8318467109449825
2.9166666666666665,2.83776546018982
3.9166666666666665,3.8307757140502825
1.8333333333333333,1.8435917557110244
2.9833333333333334,2.8487225015567725
2.0,1.8294940563827005
3.85,3.830420096274121
3.6666666666666665,3.845407246900621
0.8166666666666667,0.819779791729433
1.9666666666666666,1.809398297505836
0.7,0.8402323632752963
1.9333333333333333,1.8196747552565407
3.816666666666667,3.8349799958154613
2.6666666666666665,2.8212981802071675
2.8,2.8341187921548627
3.7,3.8380126190360584
2.7333333333333334,2.837562127777623
0.7666666666666667,0.8317686535448316
3.816666666666667,3.8281452742086084
3.7666666666666666,3.8234429998335333
1.6833333333333333,1.835936661529236
2.85,2.8445282129243568
3.7,3.8360492537361743
2.933333333333333,2.830212188953662
1.9833333333333334,1.8349075287816092
1.7833333333333334,1.8288877212368566
0.7833333333333333,0.8389023785879764
3.9166666666666665,3.8252301826805994
0.7666666666666667,0.8274686175323478
2.8833333333333333,2.821097261599381
2.0,1.8389857511898675
0.7333333333333333,0.821162773050946
1.9166666666666667,1.8357351815002516
3.9,3.8381917146571074
1.9166666666666667,1.8323935016117485
3.716666666666667,3.823708497349703
2.783333333333333,2.827956377517369
3.95,3.837295106650572
0.7,0.8510145326187457
3.683333333333333,3.8291736313263938
1.9333333333333333,1.8273905134799484
2.7666666666666666,2.8443386013316734
3.7666666666666666,3.831462813360345
3.7333333333333334,3.841248022473798
0.9833333333333333,0.832918780756517
3.966666666666667,3.833359855770661
1.9,1.8289262355651752
3.716666666666667,3.841621911430209
0.8833333333333333,0.8392152266936909
3.683333333333333,3.834716140632218
0.9333333333333333,0.8251016509280429
0.8,0.8347088726879445
2.783333333333333,2.8422980102388498
0.7666666666666667,0.8264935257771322
0.8833333333333333,0.8374650079320947
3.9833333333333334,3.8363230632452665
0.9666666666666667,0.8288214785515815
3.9166666666666665,3.8286022425920794
4.0,3.825726826085615
0.7166666666666667,0.8332397280831972
3.7,3.8323023005789567
2.7,2.83435524614711
0.7666666666666667,0.8508465009176335
2.8666666666666667,2.8279308996152834
0.7,0.831512942854095
0.75,0.8277166016096857
2.9166666666666665,2.8400346249165915
2.966666666666667,2.8223906425092333
1.75,1.8385027724802925
3.6666666666666665,3.827905758321338
1.95,1.8381247297275152
0.7666666666666667,0.8379505661179215
0.9833333333333333,0.8270339629087371
3.7333333333333334,3.8325993656089334
0.6833333333333333,0.8350119373510503
1.7666666666666666,1.8339707355262265
1.8833333333333333,1.8314097051764362
1.75,1.8184098391647077
2.933333333333333,2.841404546023556
0.7166666666666667,0.844278705260077
3.95,3.8325536705412264
3.7,3.8296432975472032
3.0,2.836502970370922
3.816666666666667,3.8315018976156923
3.7666666666666666,3.825045876918748
1.8166666666666667,1.8389857511898675
0.7,0.8389744903468093
1.9666666666666666,1.8402444254881076
3.8,3.8452016057665253
1.8166666666666667,1.831299264195942
3.716666666666667,3.8353835231669273
2.8833333333333333,2.8327388260408672
0.7833333333333333,0.827797413416082
2.8,2.8402231495914867
0.8,0.8359243172010855
0.85,0.8194029754098042
4.0,3.839457331287648
1.9333333333333333,1.8311715770310064
3.7,3.8245218635434144
3.816666666666667,3.8481946620313794
0.7666666666666667,0.8303768588122112
1.9833333333333334,1.8335102500629992
3.966666666666667,3.829992393559282
1.95,1.8410547029872169
1.75,1.8283718214122846
0.75,0.8276529023755441
1.75,1.8352847728090853
2.716666666666667,2.831638458948703
0.7333333333333333,0.8206674044340642
2.7333333333333334,2.83804212444926
1.7833333333333334,1.8189919024046413
3.8333333333333335,3.838726628656577
1.8333333333333333,1.8347301802522764
2.7333333333333334,2.8344155330502905
0.7,0.8305395853089742
2.7,2.8348472231245427
0.85,0.8526135352511794
2.85,2.84780073224611
3.85,3.8447561291781103
2.9,2.8312986493872923
0.8666666666666667,0.8359074858234782
0.9333333333333333,0.8306784150898282
0.7666666666666667,0.8236134729219873
3.8666666666666667,3.8266635935263285
3.7333333333333334,3.8269621474104323
2.0,1.836011336262822
0.9666666666666667,0.8359217518739408
3.7,3.825242878977958
1.8166666666666667,1.8229019396434316
1.9166666666666667,1.8225873187004762
1.9833333333333334,1.8436650851198186
1.0,0.8261590759410913
2.7333333333333334,2.8410104943084247
0.9,0.837167066506873
1.6833333333333333,1.8263243329463705
2.8666666666666667,2.845879316478758
2.933333333333333,2.8429012256226427
0.9333333333333333,0.8265794224611797
2.8833333333333333,2.837603623453737
3.716666666666667,3.8296038507586645
1.75,1.8278025158997755
1.9333333333333333,1.8413502390785346
1.85,1.8289408383281907
0.9833333333333333,0.8436829764915545
1.7333333333333334,1.822834193546886
3.783333333333333,3.820306521317004
1.9166666666666667,1.8328245353083563
3.8666666666666667,3.823821834062564
0.75,0.8277540316406834
2.9166666666666665,2.827292637563614
0.9666666666666667,0.828075080472685
0.9166666666666666,0.8376615650931843
0.9166666666666666,0.838509903513762
3.783333333333333,3.8294327797110226
0.6833333333333333,0.8289394388087
0.8,0.8426246909141739
3.933333333333333,3.83033720892096
0.85,0.844812497660856
2.9833333333333334,2.8397312367444774
0.7333333333333333,0.8483110766566988
1.95,1.8393369736736265
3.8833333333333333,3.829151205094043
3.8,3.8371832958711205
0.7,0.8287910066846931
3.75,3.8351783967788817
3.7,3.8369716934186466
0.95,0.8446852239774892
2.95,2.8343196338566448
0.6833333333333333,0.8282907583070389
2.716666666666667,2.8288490764614007
0.9833333333333333,0.8307998452780397
2.783333333333333,2.834809191899247
0.7666666666666667,0.8373677922458613
2.75,2.85272317776729
3.7,3.825604608259005
0.8333333333333334,0.8322230909214037
0.9166666666666666,0.8448544953771642
0.8666666666666667,0.8433841825327899
1.85,1.8293981830258639
3.8666666666666667,3.815675557494666
3.7333333333333334,3.8358688599541177
0.8666666666666667,0.8402006898313822
3.7666666666666666,3.824633213519249
3.816666666666667,3.829986490567615
2.7333333333333334,2.833660631835902
1.85,1.84219742508316
0.9166666666666666,0.8379113188701994
4.0,3.8284998920485536
1.8166666666666667,1.83198491032271
0.7666666666666667,0.8247665782249866
1.8833333333333333,1.8090599381502201
0.7833333333333333,0.8378405353572085
2.7333333333333334,2.8383877177395713
1.7,1.8408714197575529
3.0,2.845354880246094
0.7,0.834650576226586
3.9166666666666665,3.8460827613903104
0.8,0.8376804795148202
3.683333333333333,3.8360348914582865
2.95,2.8357827675041425
0.7833333333333333,0.8428045667597874
0.85,0.8239023462809653
0.75,0.8257668768144167
2.6666666666666665,2.8381145828002383
0.8833333333333333,0.8235351854140744
2.7333333333333334,2.8346228740669823
3.85,3.833164676740346
0.95,0.8623998236003565
2.683333333333333,2.8365940863424925
2.683333333333333,2.8244690804431194
2.816666666666667,2.84574457288389
3.9833333333333334,3.837689818423658
0.7666666666666667,0.8337097970762855
2.8,2.8380512645448177
1.9333333333333333,1.8366913876351356
2.7666666666666666,2.8299552444424503
1.7666666666666666,1.8330646863006128
3.783333333333333,3.8200636708116904
1.9166666666666667,1.8281421923462418
2.9,2.8295620422771366
1.7833333333333334,1.839300500830109
0.9,0.8409781548285354
0.9666666666666667,0.8465009569125347
1.6833333333333333,1.8406408253889481
2.716666666666667,2.8381876563286057
0.8666666666666667,0.8313333433839525
0.7666666666666667,0.8420659615297089
3.75,3.8297265911862324
0.8166666666666667,0.8340373428772154
0.8833333333333333,0.8232617508224637
1.8,1.8163523077977346
3.75,3.830612625498719
3.8333333333333335,3.838822636284714
2.7333333333333334,2.837834510045711
3.85,3.8523473062401625
0.9833333333333333,0.8384869438740233
1.9333333333333333,1.8320714923682382
1.6666666666666667,1.8389900879622343
2.8,2.8404038945341834
3.6666666666666665,3.816728930743324
2.783333333333333,2.8432293811604654
0.6666666666666666,0.8300105477879555
0.7,0.8432420768877588
3.966666666666667,3.8448678707678674
1.9,1.835985782650129
3.8833333333333333,3.833566760720334
0.6666666666666666,0.8319923155192717
1.9333333333333333,1.8402957156154571
2.85,2.8406211396506125
3.7,3.834196037351938
4.0,3.832531644903196
1.9666666666666666,1.832423458551597
3.9833333333333334,3.8267767970492654
2.966666666666667,2.831502266361051
3.9166666666666665,3.8337280583217956
4.0,3.83915624926304
0.9666666666666667,0.8300700305816665
2.6666666666666665,2.8430601204178374
3.75,3.826567523526984
3.816666666666667,3.8231171364709966
0.9833333333333333,0.8403465130071242
0.6666666666666666,0.8375575680235632
3.8666666666666667,3.8423394705396845
1.8333333333333333,1.8372482919429578
1.8833333333333333,1.8480595572106169
0.85,0.8301996632478357
0.8,0.8369808854952498
1.8666666666666667,1.8332928660904397
1.95,1.8302529176197382
2.95,2.834809191899247
0.8333333333333334,0.8350119698540063
2.783333333333333,2.827981898146273
1.95,1.8276116487438343
0.8666666666666667,0.8526135352511794
3.0,2.835242686830093
2.966666666666667,2.837043467184259
0.8666666666666667,0.8244779733832442
0.6833333333333333,0.8356582413687077
1.8,1.841416047610033
1.85,1.828678869003193
3.7333333333333334,3.8330474938508674
1.9166666666666667,1.8437634364569622
2.6666666666666665,2.8380424280280057
1.7333333333333334,1.8248349198625429
1.6666666666666667,1.8502567674060677
3.816666666666667,3.8365995179996917
1.6666666666666667,1.8459884672835911
3.716666666666667,3.8377033286305022
3.8,3.825535895189506
3.8,3.833996314177033
1.7666666666666666,1.8361082214118107
1.75,1.827734880523703
0.6833333333333333,0.8340730302054274
0.6833333333333333,0.8244346639672098
0.8166666666666667,0.813581403612504
0.8333333333333334,0.8370717313793185
2.0,1.8383498627757067
2.683333333333333,2.8272727544747296
1.6666666666666667,1.8382740045208583
0.9833333333333333,0.8199686653058634
1.8666666666666667,1.8229119229632251
3.75,3.833867919163816
1.8833333333333333,1.8386817991705058
3.6666666666666665,3.8459359480058937
3.783333333333333,3.8303859489526126
2.9,2.831509060538504
3.75,3.8339926233686317
3.683333333333333,3.836433609241723
3.7333333333333334,3.837071072697831
1.8166666666666667,1.8334143783801933
2.85,2.8401809035972447
2.783333333333333,2.831692951623786
2.95,2.8280150038851932
1.8833333333333333,1.8378759102801383
3.8,3.8361083253451103
3.9,3.843846633696076
1.6833333333333333,1.8293614849891207
3.716666666666667,3.834961401414008
0.85,0.8449838651446757
0.7333333333333333,0.8352817398738275
1.7166666666666666,1.8285326397729547
0.9333333333333333,0.8306586477567468
3.8,3.831117979312873
2.8,2.8468542753899
3.7,3.831102631797385
2.8666666666666667,2.8406445630773316
2.0,1.8378745595746708
2.9833333333333334,2.833761365735423
2.8833333333333333,2.8433140302138615
3.8,3.823515449750801
1.6833333333333333,1.8244007345734057
3.0,2.8366287296038566
0.6666666666666666,0.8354841887401782
0.7,0.8398069040691368
1.9666666666666666,1.8409478672912711
0.7166666666666667,0.8245736170475798
3.75,3.8475561957270603
0.8,0.8394856772541304
4.0,3.828059091000531
3.7666666666666666,3.8282183354228594
1.7666666666666666,1.8131717735301671
1.8166666666666667,1.842871676102678
0.8166666666666667,0.8352366716718643
1.6666666666666667,1.8200968274918154
0.8166666666666667,0.8358475034414704
3.95,3.8363588000214777
2.966666666666667,2.8133401856072804
2.85,2.832939278662315
1.9833333333333334,1.8318414408899366
2.7,2.8140378191496906
0.9166666666666666,0.829101503427698
1.7166666666666666,1.837549850853256
4.0,3.837295106650572
0.9666666666666667,0.8405163660378949
3.9833333333333334,3.831975519140691
1.8,1.8315872512515134
2.966666666666667,2.824032735282833
4.0,3.8244446931972114
4.0,3.8359217901047975
0.6666666666666666,0.8272278345979823
3.6666666666666665,3.835858792691729
0.6666666666666666,0.8723506932735896
0.9166666666666666,0.8262457672341751
1.0,0.8462719218503818
2.7333333333333334,2.8366334139284284
2.75,2.826265421182701
3.8666666666666667,3.833940448053647
2.683333333333333,2.835496392163469
1.9166666666666667,1.833762126403526
2.7666666666666666,2.837126962787998
2.85,2.8486663799119776
0.8666666666666667,0.843732440861074
1.9333333333333333,1.8338007462285701
0.9166666666666666,0.8379704423327493
1.8,1.8277073218842643
1.6833333333333333,1.8317137582641072
3.683333333333333,3.840105580648895
3.9833333333333334,3.8290954903567966
1.75,1.8332205087029911
3.683333333333333,3.8365890792274824
2.9166666666666665,2.8285727444467623
2.966666666666667,2.841390273140454
3.8,3.8313016529964647
3.85,3.834219298255149
1.85,1.823101925113953
1.9166666666666667,1.8312804999043553
1.8666666666666667,1.8294297694555284
3.716666666666667,3.8298926518110936
1.95,1.8173378996826943
3.966666666666667,3.838282920571163
2.8333333333333335,2.8434928797594954
2.95,2.8254358564126294
1.6666666666666667,1.8387500695194838
2.783333333333333,2.838663766104691
0.8666666666666667,0.8338715636607467
3.7,3.8165528782750853
3.8666666666666667,3.840000150112963
1.6833333333333333,1.8212138699206095
1.8,1.8349543167360556
3.7333333333333334,3.8404689612292433
3.75,3.831495689741769
1.85,1.8330414248773894
1.9666666666666666,1.8264222394207241
3.8666666666666667,3.8283041884064484
0.8,0.8209662710087237
0.6833333333333333,0.8147464226948246
2.0,1.8350312186811695
0.9,0.8356959655679865
3.7,3.8441090578270383
2.8666666666666667,2.8390104521881705
1.8333333333333333,1.8266942611020514
1.0,0.8277015967366507
0.75,0.8400626430127516
2.7333333333333334,2.8390624083161913
2.816666666666667,2.8380512645448177
1.6666666666666667,1.8377927057838708
2.816666666666667,2.826017320695411
3.9,3.8404136970221443
3.8,3.826987093784707
2.7,2.839454781147671
3.8333333333333335,3.8360705530047827
0.9666666666666667,0.8376864744907292
1.6833333333333333,1.8302304785824635
1.85,1.8321229131400036
2.9833333333333334,2.8289535510426056
1.9166666666666667,1.8372559840560385
0.6666666666666666,0.8313711068623045
0.7666666666666667,0.8229640251536948
2.7666666666666666,2.853399564024839
2.8666666666666667,2.834425033880125
3.716666666666667,3.8315074218822884
2.816666666666667,2.8391456913616144
2.0,1.834851128182523
1.7833333333333334,1.817872642197832
0.7,0.8281614587167244
1.8833333333333333,1.8449300469619812
2.75,2.8359356700272556
0.9833333333333333,0.8289749469890494
0.9833333333333333,0.820695931240878
3.0,2.8367379355717453
1.8833333333333333,1.838246265426125
1.7666666666666666,1.8266249026347863
4.0,3.8263611681920007
3.7,3.827203313147989
0.6666666666666666,0.8325470248087786
0.7666666666666667,0.830247753322776
0.8166666666666667,0.8399312415161662
1.95,1.8297265462584522
1.9833333333333334,1.8351978924210945
2.966666666666667,2.8380906823014316
1.75,1.8215161788336365
2.85,2.8440835622707294
2.95,2.8366863178752943
3.75,3.828877909470287
3.95,3.8287793030283934
2.783333333333333,2.8385790261231
2.966666666666667,2.8343466119815917
2.7333333333333334,2.842992529409543
2.75,2.837174799545896
2.95,2.8450308747771977
3.85,3.827620782820881
3.75,3.8293178953055915
0.7,0.8420552614964463
3.0,2.8311975217655454
0.8833333333333333,0.8393188790149279
1.7833333333333334,1.8095666329129272
3.7333333333333334,3.831890125081206
1.8333333333333333,1.841511775409154
2.716666666666667,2.833403797369204
1.9,1.8557398499218767
2.9166666666666665,2.8209403032389972
0.8,0.8320810172127987
3.966666666666667,3.843540377501839
3.716666666666667,3.8319899805768967
1.7,1.8236218849637058
2.966666666666667,2.826546684284756
2.933333333333333,2.832667954376832
2.9833333333333334,2.840422499616223
1.7666666666666666,1.8479483228499287
2.8833333333333333,2.8280003425328744
1.75,1.8283718214122846
1.7,1.8365809707469096
1.6666666666666667,1.8284931470766699
2.7333333333333334,2.824210765141572
2.7333333333333334,2.8310888214358716
2.816666666666667,2.8387945892604267
0.95,0.8240331122781994
2.9833333333333334,2.8325759897252385
2.9,2.8367298840874144
2.6666666666666665,2.857727215176917
2.75,2.8379030761715787
3.0,2.8390697713220074
1.6833333333333333,1.835920120656135
3.716666666666667,3.8181398214473656
3.7,3.8464738223832784
3.9,3.831873399769576
1.6833333333333333,1.8230342098075356
2.0,1.8460800766197023
2.9833333333333334,2.8301658673484247
2.783333333333333,2.8381576565463758
3.8666666666666667,3.830011727120241
3.95,3.8369408918979047
3.933333333333333,3.84404896523145
1.8166666666666667,1.8118347751079076
2.0,1.8279637689836505
3.783333333333333,3.8397104597230025
0.95,0.8353820942403415
0.8,0.8131403340231781
0.8666666666666667,0.8418379616351563
1.8833333333333333,1.843458657135467
3.8833333333333333,3.8296291679313623
3.75,3.8338077508389654
1.7333333333333334,1.8313428295406553
2.95,2.836384486959022
1.7833333333333334,1.8229289066676886
0.8833333333333333,0.8297116859758432
1.7833333333333334,1.8335882896567268
3.8333333333333335,3.8383990990542363
0.7,0.8396013281644078
0.8166666666666667,0.8337768937576177
2.7333333333333334,2.8340312343332026
3.966666666666667,3.831762158954472
3.9,3.829029614788789
3.8333333333333335,3.8475440238554057
2.9166666666666665,2.8302099750214675
3.933333333333333,3.839951792671164
3.6666666666666665,3.8313780673996427
2.7333333333333334,2.8400471652572765
2.0,1.8406374156525103
1.8166666666666667,1.8459395315366036
0.6666666666666666,0.829803540345591
2.7333333333333334,2.8430615811141644
2.9,2.840768467344684
3.816666666666667,3.832005905618762
3.933333333333333,3.8470160492941092
2.6666666666666665,2.8298835392985233
2.8666666666666667,2.8298238171688115
3.0,2.8355567482344366
2.7,2.8209403032389972
2.0,1.8302499570503326
3.7333333333333334,3.817167693595384
3.9,3.8430602084367216
1.8666666666666667,1.835085367381283
2.966666666666667,2.8340787662154985
2.9166666666666665,2.833356537130611
0.75,0.8545974772143009
0.7166666666666667,0.8337705556173701
3.95,3.8390196378375463
0.7333333333333333,0.8308866956063093
2.716666666666667,2.836333895403913
2.95,2.8362010772663484
3.783333333333333,3.8349799958154613
1.7333333333333334,1.824515333751813
0.8666666666666667,0.8359243172010855
0.9333333333333333,0.8386484126435596
2.8666666666666667,2.847656668052232
3.75,3.8276893984426703
1.6833333333333333,1.8337605437591613
0.95,0.8415793519854509
3.9833333333333334,3.8310608347549975
2.75,2.839938978573421
2.8833333333333333,2.8451487888898965
1.7666666666666666,1.838173312274234
3.7333333333333334,3.844940025406784
3.9,3.81640889379073
0.7,0.8332252157482278
1.9333333333333333,1.829739678373478
1.9666666666666666,1.8296571332805334
2.9833333333333334,2.831521488136803
3.716666666666667,3.8296174081511367
1.85,1.840244278730887
0.9166666666666666,0.842861951004304
2.966666666666667,2.828381450949444
0.9666666666666667,0.8258860061068022
1.85,1.830395962145905
0.8833333333333333,0.8408658604830888
0.7,0.8270266665894265
3.683333333333333,3.826335352067076
0.7666666666666667,0.8233400953721893
0.8166666666666667,0.8186204378031534
1.9166666666666667,1.8368209004707845
0.8666666666666667,0.8180489014447759
2.966666666666667,2.844039628273584
0.7166666666666667,0.8353488960027459
3.9,3.8425519564217274
3.7666666666666666,3.8328315611947072
4.0,3.8307556386097605
3.9,3.8214068117171376
0.8166666666666667,0.8249704002663449
3.95,3.830019655571661
0.9666666666666667,0.8449235457223729
3.716666666666667,3.8453713017605504
3.783333333333333,3.8357553287286055
1.7333333333333334,1.8254021137168177
1.8166666666666667,1.8312759168752724
3.7666666666666666,3.835761920202359
3.7666666666666666,3.8281246869737533
0.8166666666666667,0.8276582188199284
3.6666666666666665,3.8195132835220518
3.9833333333333334,3.8433457153218473
0.8166666666666667,0.8287035665709229
0.8833333333333333,0.8395923403763613
2.6666666666666665,2.825241811892547
0.8833333333333333,0.8272253757975573
0.95,0.8281880895772773
1.8,1.8355872427425117
2.0,1.8422122038894002
1.7166666666666666,1.8300538622662983
0.7,0.8335672214565658
2.9833333333333334,2.8408480769399573
2.7666666666666666,2.835907895782154
1.7166666666666666,1.8303615295089009
3.85,3.818761206016161
2.783333333333333,2.8307916835549
1.85,1.8324803022344704
0.8,0.8255246748856737
3.8833333333333333,3.8196350902562823
1.0,0.8401307709028332
3.683333333333333,3.832005244700081
0.9,0.8325673412579065
1.9833333333333334,1.8175357288118783
1.85,1.8367386264602783
1.9166666666666667,1.832167001976107
3.933333333333333,3.842293236952793
1.9333333333333333,1.8409815840645305
2.783333333333333,2.829524471466054
2.933333333333333,2.836617819647707
3.8833333333333333,3.831087448492351
3.0,2.843233375337613
2.816666666666667,2.832339518766941
2.85,2.847204954463093
3.9833333333333334,3.8303879792490987
0.9166666666666666,0.8186570005897269
3.933333333333333,3.8240488515795867
1.7,1.8303501799001112
3.9833333333333334,3.8366135563699038
3.8333333333333335,3.81640889379073
1.6833333333333333,1.8386495912416654
1.0,0.8525450467997334
3.716666666666667,3.8266937257799714
2.716666666666667,2.8284853447567984
3.85,3.8359652885074946
0.7333333333333333,0.8391336795152727
1.8166666666666667,1.8284292264968967
2.6666666666666665,2.8332448576731304
0.8166666666666667,0.8254683194907482
0.9,0.8311193550257654
0.8833333333333333,0.8419084475528527
2.8666666666666667,2.831312616567729
3.816666666666667,3.8310569332790876
3.7333333333333334,3.828620090206003
1.8833333333333333,1.83258991821224
2.75,2.8386381842207498
3.85,3.8117609078190595
0.9666666666666667,0.8313831070898975
2.8833333333333333,2.8212700893269598
0.8666666666666667,0.8323690252126279
0.6833333333333333,0.8528292923311053
3.966666666666667,3.8357623912743897
1.7,1.8364425268627347
2.85,2.828432321059125
1.8833333333333333,1.8238601364427454
2.7666666666666666,2.8339713693086583
2.816666666666667,2.8331174977986056
1.8833333333333333,1.8425763872250673
0.9666666666666667,0.8392558663741936
0.7666666666666667,0.838833794172574
0.8333333333333334,0.8295148548594679
1.0,0.8378418545848261
1.9333333333333333,1.83683476442738
3.9833333333333334,3.834824833685981
3.6666666666666665,3.821646253309747
1.8,1.8368987705032094
3.75,3.826303319997084
3.933333333333333,3.827532765569756
2.683333333333333,2.8466788085819057
1.75,1.8356095251797342
3.85,3.8187722915047884
2.783333333333333,2.8519670979918055
3.966666666666667,3.830986240779483
1.8,1.8355644288050559
0.9166666666666666,0.842194739536974
2.75,2.830363203539909
2.8,2.831838832425152
1.9,1.8363575768978313
2.75,2.842992529409543
3.9166666666666665,3.8319833057953123
3.85,3.831812489949747
3.966666666666667,3.8271244553209116
0.7666666666666667,0.8385497693502586
0.75,0.8330491175747048
3.8333333333333335,3.8253048921178374
1.75,1.819363493312062
0.8166666666666667,0.8330979057421348
2.7666666666666666,2.8339750565487343
0.95,0.8309870389237709
0.7,0.8370231659401937
0.7166666666666667,0.8275072859238612
2.966666666666667,2.823832702945905
2.6666666666666665,2.838748005357296
3.8666666666666667,3.843802557671486
3.933333333333333,3.826445512725933
4.0,3.843578083489445
1.8333333333333333,1.8365291593962738
3.8333333333333335,3.82026543234684
1.7,1.8322549426158392
2.8,2.8338756178567412
0.6666666666666666,0.8320169585825429
0.9666666666666667,0.829597068142146
1.7166666666666666,1.835709911768045
2.0,1.8379161571581877
2.933333333333333,2.8266725333532077
0.8833333333333333,0.8247250796367231
2.9,2.833803442275208
1.95,1.8448455347769817
2.783333333333333,2.8366864778597445
2.0,1.8338491000144872
1.6833333333333333,1.827641424834051
3.716666666666667,3.842293236952793
1.7833333333333334,1.8351841391477408
2.8666666666666667,2.8340058430411763
3.8833333333333333,3.833974610356716
1.9166666666666667,1.8429898221981407
1.85,1.8254460611146834
1.6666666666666667,1.8418645588981584
1.0,0.8332944867238712
0.8,0.8363090843919809
3.816666666666667,3.831629503301623
1.6666666666666667,1.833172470772089
3.8666666666666667,3.839804804870079
2.783333333333333,2.8311270637364454
1.9166666666666667,1.8270936065115961
1.0,0.8317007062619978
0.8666666666666667,0.829125306416807
2.0,1.8358554109849976
1.7666666666666666,1.8476406711378803
0.75,0.8392274910627446
3.8833333333333333,3.8519953653766716
4.0,3.8302759692994415
0.7833333333333333,0.8352814026111985
0.9,0.8315679118066551
3.0,2.8352229743984454
2.7,2.835470233993317
0.9666666666666667,0.8381272147939482
0.9666666666666667,0.8189312815416101
2.8833333333333333,2.8435737689383065
2.716666666666667,2.838440847809315
0.85,0.840097216913446
2.0,1.8256934596467247
3.9833333333333334,3.8339237401095723
0.6833333333333333,0.8453356080713894
2.783333333333333,2.8355567482344366
3.0,2.84006159929281
1.7833333333333334,1.836941070734923
0.75,0.839431777704491
1.7666666666666666,1.822099458891793
1.85,1.837990210379863
2.7333333333333334,2.8367510566694203
3.9,3.827859243251308
2.8333333333333335,2.83857389704949
3.8333333333333335,3.836660840784561
1.9333333333333333,1.8285255466701438
1.7,1.824515333751813
1.9833333333333334,1.816332585547316
0.8166666666666667,0.8386706695437224
3.8833333333333333,3.8360918352012887
3.0,2.831521488136803
1.8833333333333333,1.8451570317161439
2.9166666666666665,2.8370860808652516
1.7666666666666666,1.8356033302665273
1.8666666666666667,1.825104211698669
2.9,2.833135959186776
1.9,1.8356836648976549
1.8833333333333333,1.8251450149866772
3.783333333333333,3.828218639447524
2.9833333333333334,2.832476964081727
0.75,0.8286544532830459
0.9333333333333333,0.833373617376256
3.683333333333333,3.8243309202797913
0.9833333333333333,0.8168156787944427
3.8666666666666667,3.841415283357268
1.8333333333333333,1.8400793748870583
2.816666666666667,2.82496624850298
2.8,2.8365197223777074
1.95,1.8329894059862974
2.816666666666667,2.8324876819338
0.9333333333333333,0.83641337132585
3.9,3.8327841975882873
0.9833333333333333,0.8295870288370898
0.8166666666666667,0.8319484104170486
0.6833333333333333,0.829267535871764
0.9166666666666666,0.8329703965656082
3.0,2.8360729084548653
0.9833333333333333,0.8395878444707084
2.0,1.8343568485320196
0.9666666666666667,0.836376041347451
2.75,2.8388664919186546
0.7666666666666667,0.8325005854279575
1.9166666666666667,1.8251555795480676
0.9666666666666667,0.8353920495419493
0.6833333333333333,0.8449834067270773
0.9166666666666666,0.8448355982037248
3.0,2.8390053572293477
3.8833333333333333,3.831891692715108
0.8,0.8310333362054275
0.8833333333333333,0.8443434000673119
3.8333333333333335,3.8288847128878865
0.9166666666666666,0.8245437255081555
2.85,2.8338486840929007
3.85,3.8375395266967627
1.9,1.823872408476831
1.8166666666666667,1.8388867841724146
3.7666666666666666,3.8311314292520886
2.7,2.840041702434633
2.816666666666667,2.8384587750387267
2.7666666666666666,2.8320679710087178
1.7,1.824066793098311
2.783333333333333,2.8363214924269617
1.9666666666666666,1.8285158281705431
3.716666666666667,3.8335387549870363
1.8333333333333333,1.8452027897077117
2.816666666666667,2.840575163142668
0.8833333333333333,0.8200024621326013
3.75,3.8422332787665514
3.8333333333333335,3.8258164125469216
2.8833333333333333,2.8336389373296025
2.966666666666667,2.845155579247371
2.6666666666666665,2.8290649851281238
0.7666666666666667,0.8267888745434775
2.9166666666666665,2.8258058230200023
0.8333333333333334,0.8256870343351522
0.9666666666666667,0.8171943448735729
3.816666666666667,3.8245722794073225
0.75,0.8374465777640618
1.9,1.845552268803933
0.7166666666666667,0.8401603305649681
1.7166666666666666,1.827020439471189
2.95,2.8442547843639283
3.0,2.829569867624417
3.7,3.8270936242031683
0.9666666666666667,0.8346502721268557
3.966666666666667,3.826800133182839
2.85,2.8431275448043447
0.9166666666666666,0.8343364320963942
2.966666666666667,2.834724023841071
3.7,3.828718486188456
2.9833333333333334,2.8366598486618653
2.8833333333333333,2.83355806383286
3.783333333333333,3.8435194794630076
0.9333333333333333,0.8308798062611473
3.8333333333333335,3.8290123899549986
0.95,0.8383931302630775
2.7,2.8398519725855946
3.95,3.833117892434326
3.9833333333333334,3.834141536700551
0.75,0.8355461491773756
1.8833333333333333,1.8297265462584522
2.95,2.8359353608970785
0.7666666666666667,0.835930561313127
1.6666666666666667,1.8392757294586162
1.75,1.8328033390840341
1.9,1.8425551312755355
1.95,1.8374716098434107
3.8,3.8291495441923415
3.85,3.8339336029944575
3.8833333333333333,3.837521973268943
0.7333333333333333,0.8250587536856534
2.816666666666667,2.849365292841176
1.8,1.8169359551853284
2.683333333333333,2.8323146714792853
1.75,1.8358269930656848
3.783333333333333,3.824306119482193
0.8666666666666667,0.8381762559254949
0.8666666666666667,0.8517937788840132
2.716666666666667,2.8375143941537244
3.7666666666666666,3.840260721056471
0.8833333333333333,0.8376161119419315
0.6833333333333333,0.8432467940360573
2.6666666666666665,2.8324317320365067
2.6666666666666665,2.839323114935185
1.8333333333333333,1.8282787806213436
0.8666666666666667,0.8340558488052339
0.8333333333333334,0.8336543370036459
2.8833333333333333,2.833537330028614
1.7,1.8353017701099776
0.6833333333333333,0.8234855086598155
1.9833333333333334,1.8399326826777263
2.9166666666666665,2.8495535380449315
3.75,3.8523473062401625
2.7,2.829328863524321
0.9666666666666667,0.8400960402372095
3.683333333333333,3.839710503395785
0.95,0.8375739186179735
2.683333333333333,2.832978938554975
1.75,1.8122946992990834
0.9333333333333333,0.8463641449406952
0.7166666666666667,0.8354808535442929
0.9666666666666667,0.8295279923523087
2.9,2.817460687482199
0.8333333333333334,0.8403990745531922
3.816666666666667,3.8249911420135096
1.6666666666666667,1.8289215820923965
1.7166666666666666,1.8099134575237814
2.966666666666667,2.8400278533966925
2.783333333333333,2.8147504547840265
3.783333333333333,3.825854827492347
1.9666666666666666,1.8382899003243365
3.9,3.8322905004920202
3.85,3.8212024578867387
1.9,1.8316048326199814
2.7333333333333334,2.8330748873203895
3.933333333333333,3.8270488329139045
3.7333333333333334,3.8353887384682412
0.85,0.8188986043016924
0.7833333333333333,0.8414046224807968
2.816666666666667,2.8323598302167508
1.8833333333333333,1.8324051171580218
3.9166666666666665,3.8308209106862683
0.95,0.8318002862883201
0.7333333333333333,0.8320169585825429
3.7,3.832804563135957
0.6833333333333333,0.8448831961208672
3.8833333333333333,3.821132698666101
1.7166666666666666,1.841751891521558
1.8666666666666667,1.8304131486319317
3.716666666666667,3.8374389490543837
3.966666666666667,3.8385119021733995
0.8166666666666667,0.8350374211560313
3.933333333333333,3.835467633164298
2.9,2.820296056497613
3.95,3.83180176265487
2.75,2.8380553194067244
3.716666666666667,3.8370309716484483
0.9166666666666666,0.83467817571976
0.7666666666666667,0.8288002353773298
0.8,0.8290057536064838
3.8333333333333335,3.8283051443846796
3.85,3.8308192980121953
0.9833333333333333,0.8333562232317553
2.683333333333333,2.831514494184566
1.7666666666666666,1.833347802497575
2.85,2.8397179885981068
0.7166666666666667,0.835674308291622
3.933333333333333,3.825501646973259
3.9833333333333334,3.831429133082594
3.9166666666666665,3.8305292085724973
2.7333333333333334,2.8264425142821517
0.9,0.8350769569362303
0.7833333333333333,0.8282784261982846
1.9833333333333334,1.8323800350821886
2.8666666666666667,2.8310660753032977
0.7833333333333333,0.8368567325932971
3.9166666666666665,3.833573427629837
2.8,2.8322705179575047
3.7666666666666666,3.823450387806476
3.9833333333333334,3.821938093784183
0.7,0.8361311229322587
2.75,2.8289728019116946
1.75,1.838466643373635
3.9166666666666665,3.8360726134143555
2.9,2.8262349843854064
1.95,1.8299054599134061
3.8333333333333335,3.8369716934186466
3.966666666666667,3.842047063011059
2.7333333333333334,2.8270222431979675
1.8,1.8246303067704688
2.9166666666666665,2.8378037378982865
2.966666666666667,2.8448168956030093
3.95,3.823653990998871
1.6833333333333333,1.810314211691225
0.8,0.8445512708043039
3.95,3.8472145831153997
1.0,0.8332417007218694
1.0,0.8312133280483931
1.9666666666666666,1.8419632736772573
0.8833333333333333,0.8370773766713794
2.966666666666667,2.843760802556508
1.0,0.8273666686107787
0.75,0.8402634324897451
2.9,2.832773392091082
3.816666666666667,3.8231005127885793
1.9333333333333333,1.815264176379699
3.933333333333333,3.8358066913533775
1.85,1.8249281724058972
2.85,2.834482096861642
0.6666666666666666,0.8239469227299344
3.8,3.8374001429969002
2.7333333333333334,2.8456683188645373
3.6666666666666665,3.8291133106696527
2.9833333333333334,2.8463033007925858
1.9833333333333334,1.840024645061458
1.95,1.8374716098434107
2.8,2.8334438865040865
0.9333333333333333,0.8279323469506916
0.85,0.8283580924166077
1.7333333333333334,1.8434518763835217
0.7666666666666667,0.8174316584249861
3.933333333333333,3.835750294526237
2.8666666666666667,2.8346200030404525
2.816666666666667,2.840519161600578
1.8333333333333333,1.8324665289924476
2.7333333333333334,2.84598520826593
3.75,3.837391369386999
2.966666666666667,2.8290605516182348
0.7833333333333333,0.8354666579321659
3.8,3.8342497349824374
2.85,2.822308232013518
1.6833333333333333,1.822100296365421
3.7333333333333334,3.8420822102950005
0.8,0.8387894848401952
0.7,0.8317823426564972
0.8,0.8451845013233532
0.7,0.8296050949885777
3.8333333333333335,3.8356631122264506
1.7333333333333334,1.8282421087765102
0.8,0.8244898666314987
0.9666666666666667,0.8461280581709418
3.9833333333333334,3.838105710086517
0.9666666666666667,0.8358601725898827
3.966666666666667,3.838678709565096
3.7333333333333334,3.8274253444769717
1.7,1.820783740778075
3.933333333333333,3.816035035354497
0.8833333333333333,0.8462719218503818
1.7666666666666666,1.822755011190793
0.7833333333333333,0.8455073486773941
0.6666666666666666,0.8202163259461457
0.8666666666666667,0.8367455074062103
3.9,3.8317718163143892
3.933333333333333,3.8314020488879907
0.8833333333333333,0.8381972378362424
2.783333333333333,2.84001950877559
1.8166666666666667,1.8273216058061197
2.95,2.8309894052833737
1.85,1.8332922141264478
1.95,1.836658093861121
1.95,1.8316543087834694
3.8333333333333335,3.8346334823838855
3.966666666666667,3.8282352440105027
0.8333333333333334,0.8283580924166077
3.683333333333333,3.8400466261864796
3.0,2.842021931104022
3.8666666666666667,3.8363596331961123
0.7833333333333333,0.8313318254852942
3.75,3.8300596714383004
1.8,1.8339686126316648
0.9,0.837437164562446
1.9333333333333333,1.8217750022217964
3.8333333333333335,3.8371144748107593
1.9,1.8403963793774225
2.783333333333333,2.8354408822448622
1.9666666666666666,1.83991213816559
2.716666666666667,2.8431275448043447
2.8666666666666667,2.830403214887016
2.8333333333333335,2.84780073224611
2.783333333333333,2.8353817007597333
0.75,0.8475717989688725
1.95,1.8118472593025503
3.8333333333333335,3.8433481906724607
0.7,0.8288385884706685
2.783333333333333,2.831083978679422
2.7,2.8454878571082776
0.9833333333333333,0.830216470766247
1.7833333333333334,1.8516793544833314
2.966666666666667,2.8450326977399567
2.933333333333333,2.843729942652493
3.0,2.833156825330353
1.8,1.8324289081739593
1.8333333333333333,1.8210161279715822
1.7333333333333334,1.8356387020800509
2.8833333333333333,2.837541679116339
2.7333333333333334,2.8333238241763588
0.8666666666666667,0.8355325800016398
3.9833333333333334,3.8356344972069847
2.9,2.8347295128538494
2.95,2.8363384558885962
1.9833333333333334,1.8088571682929027
1.6833333333333333,1.8408437456971145
2.75,2.862405024478544
1.8166666666666667,1.8316861104271802
3.8333333333333335,3.8352039018689
1.9,1.8383243989810478
3.9166666666666665,3.8374858404668477
2.85,2.826020554074475
0.95,0.8302866525088384
4.0,3.831397991668849
2.683333333333333,2.83232355528288
3.933333333333333,3.8323030540029066
3.9,3.8402341989027162
2.783333333333333,2.8359771192018552
1.7166666666666666,1.8365297520678556
0.95,0.8363238889906163
2.8833333333333333,2.837668643615623
3.75,3.834206848068321
0.8166666666666667,0.8303108574912512
0.8833333333333333,0.8284954297608975
0.7833333333333333,0.8313318254852942
2.0,1.8369590143426748
3.9166666666666665,3.832619097644472
2.8,2.831584154642921
0.7,0.8267015451448636
2.7333333333333334,2.8429872638845075
1.95,1.8361812829342068
0.8333333333333334,0.8428151064908063
1.7333333333333334,1.8143951831153302
1.9666666666666666,1.833117219414431
0.8666666666666667,0.8312309360080117
1.8166666666666667,1.8115987640695999
1.9,1.8449481709624385
2.8333333333333335,2.8336389373296025
2.9166666666666665,2.8381130082955974
1.85,1.8381651067171523
2.8833333333333333,2.8097582721366114
2.716666666666667,2.830892059600825
3.8666666666666667,3.831172791422373
1.9333333333333333,1.84074009381066
2.7,2.8490586111811047
2.9,2.8375077017407473
0.6666666666666666,0.8354119433667236
1.9166666666666667,1.8303634232100814
3.816666666666667,3.838052699609664
3.75,3.815329981854548
0.9666666666666667,0.8293711264744572
0.8333333333333334,0.8341003477412005
3.716666666666667,3.8309688285005343
3.9166666666666665,3.836656918266603
2.7333333333333334,2.8404684405710903
0.9666666666666667,0.8454045484305169
1.7666666666666666,1.8262411263956748
3.9833333333333334,3.8279285496477926
3.783333333333333,3.8364891978905846
3.716666666666667,3.822382866901522
2.7333333333333334,2.8359639245859323
0.8166666666666667,0.819506506348562
2.75,2.834520859253143
2.8333333333333335,2.8205095253022034
3.783333333333333,3.823656114639391
3.6666666666666665,3.8482887766116356
3.6666666666666665,3.823028619457853
0.75,0.8412491990811144
2.933333333333333,2.83078405996762
0.8666666666666667,0.8265340985772217
3.95,3.826922410367517
1.7,1.84019278251622
3.683333333333333,3.8327502890941485
3.95,3.818248274375714
2.8666666666666667,2.8345858573352554
3.8,3.832836778939233
3.9833333333333334,3.8231160637105743
1.9833333333333334,1.8474034765455345
1.0,0.8351588253810845
0.8333333333333334,0.8333671591072112
4.0,3.8223671729738116
1.8833333333333333,1.8392059493173636
2.8333333333333335,2.8324539126829484
2.9,2.842156056262587
1.75,1.8441909681645006
2.0,1.8392757294586162
1.9333333333333333,1.841173506935382
2.9833333333333334,2.831875507985763
0.7,0.8349878392625318
0.8166666666666667,0.8361086004147376
0.85,0.8368546253082733
0.8666666666666667,0.835551971962267
3.0,2.833037969871458
3.75,3.8349230187087584
3.716666666666667,3.81640889379073
3.95,3.831360315163179
2.95,2.820852984430361
1.7,1.8374731506930184
0.6666666666666666,0.8318742002977271
0.6666666666666666,0.8371827152340922
3.85,3.8338025063447896
1.8666666666666667,1.8309779330404095
2.8833333333333333,2.8358601839345
1.8833333333333333,1.824425418921721
3.816666666666667,3.841032869060341
0.8333333333333334,0.8262178622369477
0.7333333333333333,0.840008989042836
0.75,0.8482677696996191
0.7,0.8370589104163723
0.7166666666666667,0.8428757934458616
1.9333333333333333,1.8204365758986736
3.9833333333333334,3.8415064088417488
3.8666666666666667,3.8373687877116107
1.75,1.830806111533146
0.7666666666666667,0.8290623812884869
3.7666666666666666,3.8235946784716583
0.7166666666666667,0.8515252443841558
1.7166666666666666,1.8345300153626485
3.683333333333333,3.8294214713321497
3.6666666666666665,3.845366813199974
2.966666666666667,2.8410127412832638
0.7,0.8421226671121965
1.7833333333333334,1.8382824698521825
1.7166666666666666,1.842656751804447
2.816666666666667,2.8401856254403492
3.8666666666666667,3.8350269259992107
1.9166666666666667,1.830924469698324
0.9166666666666666,0.8371723826265071
1.85,1.83010149010972
3.933333333333333,3.827473411802491
2.7,2.843507026024398
2.966666666666667,2.834573151138488
2.7,2.837069399947946
3.85,3.846121193511193
0.6833333333333333,0.8229957662814708
2.9833333333333334,2.841481907915265
2.8,2.832978938554975
3.8333333333333335,3.831016016977819
1.9333333333333333,1.8338644493881189
2.0,1.8201600996975682
1.7833333333333334,1.8350939848832208
3.85,3.825700270883305
2.683333333333333,2.827237641850487
1.75,1.8423725536791593
2.0,1.8225866970196094
0.95,0.8416123380300544
2.0,1.8323065005614356
2.95,2.8365673955679434
2.933333333333333,2.828749962469538
2.8833333333333333,2.8388897836812874
2.0,1.8486216342696964
2.7,2.8358681003252513
3.933333333333333,3.813589549366626
3.95,3.834600858634153
2.85,2.824331340456459
3.9166666666666665,3.8415038096244944
2.783333333333333,2.8256976938639218
1.7666666666666666,1.8248804115325514
1.0,0.8382748180601476
1.8,1.8351109214908465
1.7166666666666666,1.8309978337035093
3.6666666666666665,3.8342455358455494
0.8,0.8282784261982846
2.95,2.840674820291201
3.783333333333333,3.835257420902887
4.0,3.821940676422146
0.8833333333333333,0.8393062041975861
1.9666666666666666,1.8361125345648666
3.8833333333333333,3.826839808286355
0.75,0.8349393927745958
2.7666666666666666,2.8331416034683263
1.7166666666666666,1.8394689852859267
3.7666666666666666,3.828316822571855
2.716666666666667,2.836565722621886
0.9333333333333333,0.8370156156622615
0.7833333333333333,0.8336221474438216
2.9,2.843218881195258
0.95,0.8398956954938634
0.8666666666666667,0.8139653860489326
3.8,3.838496252257605
0.8166666666666667,0.8370717313793185
3.8,3.8271010571161925
3.7,3.814607781659746
2.9833333333333334,2.824735644967225
3.8833333333333333,3.8458874784642982
3.683333333333333,3.841556535458395
0.8333333333333334,0.8353047035371217
1.9166666666666667,1.8214078292134597
3.8,3.8373819243173672
2.7333333333333334,2.8430820064748956
4.0,3.8328220661606736
2.816666666666667,2.830940322275457
0.9666666666666667,0.8391358249419706
3.7666666666666666,3.828360208037986
2.8333333333333335,2.8404984379892495
4.0,3.818582887649862
3.9833333333333334,3.8263608302811223
2.8833333333333333,2.8344679740539065
1.9166666666666667,1.8349934261750664
1.9,1.8367125455593587
0.9333333333333333,0.8389580938616351
0.6666666666666666,0.8343631695975847
3.966666666666667,3.8155783496018394
0.7333333333333333,0.8241445798068799
3.7333333333333334,3.8377691323717857
0.8666666666666667,0.8334889650833464
2.7333333333333334,2.834651160630661
1.85,1.8295107087154705
1.6666666666666667,1.8351413395740659
2.933333333333333,2.827406674488575
2.9,2.8361379663606647
3.8833333333333333,3.8337720272002453
3.0,2.8491355617137977
1.9333333333333333,1.8284788622752821
0.6833333333333333,0.8430137326598632
3.933333333333333,3.827102229704975
3.683333333333333,3.836477711236472
3.6666666666666665,3.836031877934239
1.9333333333333333,1.830837065638083
3.95,3.8315298503707687
0.8666666666666667,0.8387166814177605
1.7166666666666666,1.851298229050066
3.75,3.8294951569604136
1.0,0.8294196197860992
3.783333333333333,3.8416177383052887
1.75,1.8295867672912578
0.85,0.8289058742231759
3.9166666666666665,3.8330370973287895
2.933333333333333,2.8261282364189184
0.9666666666666667,0.8293738125712953
1.8,1.8396929927753223
3.75,3.826541793965626
2.75,2.8243315820754424
1.9,1.8396149560198536
0.9833333333333333,0.832863575633333
2.9166666666666665,2.8249747863362167
3.9166666666666665,3.828665762330617
3.816666666666667,3.831633260281429
1.7166666666666666,1.8316577099726197
1.8166666666666667,1.8275277028548442
1.6833333333333333,1.8249515814646784
2.7333333333333334,2.841562903005269
2.816666666666667,2.831119536036349
1.95,1.8277967972419182
0.9,0.8340913482914892
2.8,2.8215034068732208
3.75,3.8318934401873497
0.9,0.8364943315871942
1.6833333333333333,1.8394235012095974
3.9166666666666665,3.836802126507591
3.8833333333333333,3.8331332349602536
1.8,1.823555345699846
3.7,3.8491883311629715
0.8333333333333334,0.8332558706158294
0.85,0.8370468474193631
2.95,2.826358587149544
2.95,2.842734033598556
2.816666666666667,2.8365375263582835
0.8,0.8404337556222836
0.7166666666666667,0.8312066185991388
3.816666666666667,3.8284968240743043
3.0,2.829425579224749
3.6666666666666665,3.835220676333971
0.85,0.8451784476129853
0.9333333333333333,0.8366431934856027
0.9666666666666667,0.8291951627131047
1.8166666666666667,1.8221887695366836
0.95,0.8386264660959349
1.7666666666666666,1.830423521485288
0.7166666666666667,0.8392057421124584
3.783333333333333,3.8406363142071225
0.9666666666666667,0.8378093598018119
1.6833333333333333,1.8032952951256538
3.9833333333333334,3.83252807375161
2.6666666666666665,2.830235291699988
2.85,2.834557348900529
1.7833333333333334,1.829960931087551
1.7833333333333334,1.8502567674060677
0.75,0.8231696895566869
3.75,3.8316705041785037
0.6666666666666666,0.8253057280238625
1.7666666666666666,1.8363894763464625
0.7,0.8422817102152284
2.9833333333333334,2.825979196995776
3.75,3.8336509658760565
2.0,1.8467681243796994
2.8333333333333335,2.826210960407407
0.8166666666666667,0.8363606313283022
1.9666666666666666,1.8327862667854842
3.6666666666666665,3.8374973436542064
0.8833333333333333,0.8228162445935142
1.8166666666666667,1.8450943848432433
2.716666666666667,2.83168236676582
2.7,2.852919177156159
3.7333333333333334,3.8266141884457876
0.85,0.8326275229161999
0.8333333333333334,0.835438102463411
0.7,0.8398341655118413
3.966666666666667,3.8323338974415315
3.0,2.8301676051855895
0.85,0.8286295115467233
0.7333333333333333,0.8398087522978506
1.9166666666666667,1.821677946632359
1.8166666666666667,1.8364885445787396
3.716666666666667,3.834010074645875
0.7833333333333333,0.841428303345292
3.6666666666666665,3.8283313291679195
1.9833333333333334,1.8124472058012433
1.9333333333333333,1.8301785693083528
1.75,1.8464919381542941
3.95,3.8299796926274463
0.95,0.8347828533474939
1.6666666666666667,1.8288150216705832
0.95,0.8340876856295685
0.7,0.8454923456107554
3.716666666666667,3.8338830400251918
3.6666666666666665,3.8385201243524376
2.966666666666667,2.836300808330772
2.933333333333333,2.834204889638758
1.7,1.830374965247551
2.9,2.8379186981954456
2.716666666666667,2.8257700025935986
2.7,2.8403294552014553
2.0,1.8310030480114412
3.783333333333333,3.8224567564195935
2.85,2.8555041730302686
3.783333333333333,3.8229198701662703
2.7333333333333334,2.8424161795384233
0.8166666666666667,0.8370938794747493
0.75,0.8333331921312036
3.7666666666666666,3.829871117366316
0.95,0.8176679655066802
3.933333333333333,3.8240285535934335
3.8,3.823615934953009
1.8666666666666667,1.845853457868616
2.8,2.8302846458580087
2.7666666666666666,2.8253672887638728
2.85,2.826195789221493
3.816666666666667,3.8416220206273892
0.75,0.8316299679293977
0.6666666666666666,0.8280706254091308
3.966666666666667,3.826297196906554
2.7666666666666666,2.8412925786509593
3.7,3.8325321479977896
2.75,2.8369941076066914
1.9166666666666667,1.8325855470596961
1.0,0.8589024544410501
2.9166666666666665,2.8393414200918294
2.9,2.836987865063045
3.95,3.83358291544449
1.7666666666666666,1.830744136994097
2.7333333333333334,2.8567181248595346
3.9,3.8376612201316607
1.7,1.8279053072040177
2.8333333333333335,2.838836221221482
0.75,0.8400334648219067
2.85,2.8374783795792586
1.9,1.840358600441825
1.8,1.8328310555660503
1.7833333333333334,1.8460239806091263
3.7,3.8255190757158397
2.816666666666667,2.8302036773215953
3.95,3.8343020115867192
1.9833333333333334,1.8292198647656914
2.8333333333333335,2.830264759380904
1.7666666666666666,1.815768397915893
3.8,3.8352510325386
1.0,0.8334919744992717
3.8,3.8287131015965765
0.9,0.8408636173945111
3.816666666666667,3.8307943309556425
3.933333333333333,3.8388578906568323
2.966666666666667,2.831925737806582
1.7,1.8314331132769794
1.7,1.8211137625978273
2.95,2.8338308775532544
3.8833333333333333,3.8368497798787473
0.8166666666666667,0.8397225439425613
1.9166666666666667,1.8308219933728334
3.783333333333333,3.821434631981345
3.8333333333333335,3.8351743054410123
1.8333333333333333,1.8337333196959074
3.683333333333333,3.829441787584039
0.8666666666666667,0.8260277022092795
2.8666666666666667,2.82413911590285
3.0,2.831735456304997
0.9666666666666667,0.8348226132303186
1.8166666666666667,1.8182884090126936
3.95,3.8326338680786614
1.9333333333333333,1.8391048898992142
1.8333333333333333,1.8294960276062031
0.85,0.8280752934743014
2.9833333333333334,2.8201169691590646
3.8,3.81841896830805
0.95,0.8425887447944878
2.75,2.8402870993130245
1.9,1.8156367825775572
1.6833333333333333,1.813207075099121
0.7333333333333333,0.8228899006082486
0.95,0.838341428897906
0.7666666666666667,0.8383581219163933
3.7,3.837056480562506
0.9333333333333333,0.8330034549390077
3.8833333333333333,3.826013050007692
3.75,3.8292185656852933
2.75,2.82885191367488
3.7666666666666666,3.8366335347447245
1.0,0.8293220575374499
0.7,0.8514269350629654
0.7,0.8320778468536801
1.0,0.8314909158242186
1.7,1.8347155899996686
2.716666666666667,2.829728864925383
2.9,2.828283486000467
0.9,0.8378277943163343
1.8833333333333333,1.8366340467375437
2.683333333333333,2.8322374593943533
0.7,0.8383711856977456
1.9333333333333333,1.837100658751309
1.8666666666666667,1.8401922155602852
3.933333333333333,3.8230535088256987
0.6666666666666666,0.8357062174242845
0.7333333333333333,0.8231880265564107
2.9,2.8393310881511127
3.933333333333333,3.8310442632026724
0.8,0.8423811305285621
2.966666666666667,2.8419693711991694
2.8666666666666667,2.8281799537257495
3.683333333333333,3.8339022883763776
1.6833333333333333,1.8426112979478597
3.966666666666667,3.8377691323717857
1.7166666666666666,1.840358600441825
2.933333333333333,2.8343441679995625
1.85,1.8332472172364453
0.8333333333333334,0.8356898543345814
0.8,0.8504627042688148
0.7166666666666667,0.8340759671120876
1.9,1.8178180112958389
2.933333333333333,2.8327172541701318
3.0,2.833037969871458
3.7666666666666666,3.8299211728155114
1.7,1.8309388733201164
0.9333333333333333,0.8395617405559078
3.9,3.826418743809735
0.9,0.8452223490328571
0.8,0.8234015154527923
0.7833333333333333,0.8214458176168346
0.6666666666666666,0.840139405948322
2.8666666666666667,2.8328912584803563
1.8166666666666667,1.8427607980753729
2.8833333333333333,2.831206414855874
3.0,2.837477986856412
3.8,3.83721766142994
0.7333333333333333,0.8350966744561648
3.9166666666666665,3.8443613579110365
3.7333333333333334,3.8391414861665383
3.95,3.8434584313670026
1.95,1.8394719678900118
0.9,0.8406120914497923
3.0,2.837603623453737
3.95,3.833490521026863
3.816666666666667,3.8316779651738306
2.816666666666667,2.8341818948702295
1.9333333333333333,1.8380007660606237
0.8166666666666667,0.8325470248087786
2.6666666666666665,2.826287439286588
3.9,3.8514749116577036
0.9666666666666667,0.8447628758132063
2.816666666666667,2.8317379815493435
0.9333333333333333,0.8274225798917765
1.8333333333333333,1.8323418709912258
1.7833333333333334,1.8339800914125872
1.8333333333333333,1.8281230011151433
0.7166666666666667,0.8314174774634344
2.9,2.837696072980454
0.9,0.8309781943837058
0.95,0.8236251032243598
2.7666666666666666,2.8326912826335935
2.85,2.831961711244487
1.8666666666666667,1.837336418399472
2.8333333333333335,2.8461359055707294
2.816666666666667,2.839964680863434
0.8833333333333333,0.8398341655118413
0.7833333333333333,0.8389352254263964
3.683333333333333,3.821230017696595
1.0,0.8268075177104413
2.816666666666667,2.8400491189059136
3.85,3.8328616411493077
2.783333333333333,2.8354374849910897
0.7333333333333333,0.8284497336007122
2.8666666666666667,2.83328541912052
2.816666666666667,2.8420689036429416
0.9833333333333333,0.8464392013410155
0.7833333333333333,0.8416176304617727
3.8666666666666667,3.8386613858540013
2.85,2.8336360578003803
2.8833333333333333,2.8354972233891274
2.8,2.834693644489444
3.9833333333333334,3.8357520125165894
2.7333333333333334,2.838441094316689
1.7833333333333334,1.830701844926747
1.8666666666666667,1.8396676693542355
2.8666666666666667,2.837750418740786
4.0,3.822945219314864
1.7166666666666666,1.8393170901358846
3.716666666666667,3.8294318923004806
2.7,2.842681988153563
2.0,1.810314211691225
3.9833333333333334,3.8281552499333706
3.683333333333333,3.826766185937593
2.783333333333333,2.8247366201187214
3.7666666666666666,3.8202910210347305
0.6833333333333333,0.8192114611898171
0.8166666666666667,0.8349317292194535
0.9,0.8482120098844474
0.8833333333333333,0.8283580924166077
1.9666666666666666,1.83826229738856
3.95,3.824035179583614
1.6833333333333333,1.825386171768682
1.6666666666666667,1.8502567674060677
2.9166666666666665,2.8425880266454913
0.85,0.8267228990145966
3.816666666666667,3.8303865887507573
2.8833333333333333,2.8362966198911734
1.95,1.8294166641848728
2.816666666666667,2.8426386772809717
2.8666666666666667,2.823991062835192
1.85,1.8247571736074042
1.0,0.8221266329733978
3.0,2.837951423016617
2.933333333333333,2.8295295379809517
2.0,1.8367717238218546
1.9666666666666666,1.8313772213123787
2.8333333333333335,2.83493156192239
3.0,2.8343988003672576
2.8333333333333335,2.8268775214722246
2.7666666666666666,2.8336285596158706
3.8666666666666667,3.838464244029002
3.933333333333333,3.831961661387263
1.0,0.8384353256082362
3.683333333333333,3.8243472961021037
0.9333333333333333,0.8261590759410913
0.8333333333333334,0.8361086004147376
2.95,2.838498530988437
2.8833333333333333,2.8431828367118435
0.85,0.8462818070365801
2.7,2.835350247404742
3.7,3.829712106842537
0.85,0.8393465737349791
1.7333333333333334,1.8309832479541206
2.6666666666666665,2.8353580423805607
1.0,0.8340900152412017
2.7333333333333334,2.832039102610302
0.8,0.8338912062813223
2.6666666666666665,2.833493466375092
3.966666666666667,3.838673715060543
1.7666666666666666,1.8449290126638527
2.9,2.8380448083711958
0.8,0.8317552685194302
2.7333333333333334,2.830440541954415
1.9166666666666667,1.8322342552138065
0.7833333333333333,0.828274106105398
2.8833333333333333,2.857819375480417
3.9166666666666665,3.8265366568254136
1.9166666666666667,1.8337533479840566
3.8,3.828249067741684
0.9166666666666666,0.8344160512589069
3.7666666666666666,3.8460191901667224
2.8833333333333333,2.8206426964398745
2.9166666666666665,2.8373528263370695
3.683333333333333,3.834175093889543
1.7833333333333334,1.8295867672912578
0.7833333333333333,0.8463590588664985
0.8333333333333334,0.8291064518853117
0.8166666666666667,0.8398799703560224
0.9333333333333333,0.841707967110787
0.85,0.8472162884732338
1.7666666666666666,1.8385911686409653
0.9833333333333333,0.8261530236166205
1.9666666666666666,1.831246788433933
3.683333333333333,3.834310212980622
2.8666666666666667,2.8234555576291855
1.7,1.8133629841908168
0.9166666666666666,0.8263960124794062
1.8166666666666667,1.8264780499047837
2.9,2.833131498523695
2.85,2.833407964210916
2.716666666666667,2.8400691049724394
1.8833333333333333,1.8483513264759464
2.9,2.836366317846643
3.8,3.818126887125274
0.8333333333333334,0.846444638357498
0.8333333333333334,0.8284542227315668
1.9833333333333334,1.8474211634158337
4.0,3.8371940128550728
2.75,2.8365197223777074
3.783333333333333,3.83317282587622
1.7166666666666666,1.844479036502862
1.6666666666666667,1.8271307010654374
1.85,1.8368039908867562
1.7666666666666666,1.8089337190647539
1.85,1.8362658190728407
4.0,3.8326745074421575
1.7166666666666666,1.8406422788428085
0.7666666666666667,0.8365640731689102
2.8666666666666667,2.8121132862399647
1.7666666666666666,1.8164385870524726
2.95,2.8380906823014316
2.8833333333333333,2.839216537688927
0.8333333333333334,0.8507342119400515
2.966666666666667,2.8364563901561386
1.9333333333333333,1.8251651840114136
1.7166666666666666,1.8418645588981584
3.7333333333333334,3.8434600407610766
3.75,3.8324411838642662
2.716666666666667,2.84092671518968
0.7166666666666667,0.8209239248786229
0.9833333333333333,0.8545142933666129
0.9166666666666666,0.8436829764915545
1.8333333333333333,1.822834193546886
3.9833333333333334,3.8441496814511966
0.8333333333333334,0.8416981100342656
2.7666666666666666,2.851732207202362
2.8333333333333335,2.853399564024839
3.8333333333333335,3.8378948990204544
1.9,1.8233060237320127
3.7333333333333334,3.8240306579018624
1.8,1.8353829937764754
4.0,3.83957897649568
3.8,3.846718041379711
0.6833333333333333,0.8430137326598632
2.9,2.8351679162676673
1.95,1.8342083133572686
2.9833333333333334,2.843642013802633
0.9333333333333333,0.8288183959031075
0.6833333333333333,0.8297900697243604
1.8166666666666667,1.8315924046263934
0.7666666666666667,0.8368445380803463
1.9166666666666667,1.8378047880812625
3.7333333333333334,3.8283528631865935
1.8166666666666667,1.8351768276373914
0.7166666666666667,0.842996513474763
0.9666666666666667,0.8240415702313787
2.7333333333333334,2.8356591657635746
2.9,2.8336898705494997
1.9333333333333333,1.8282904268860272
0.8333333333333334,0.8377122095859025
2.85,2.832626972748599
1.75,1.8262615065146852
1.7666666666666666,1.8403862788159957
2.7333333333333334,2.839860967142924
0.9666666666666667,0.8359261546689852
3.8666666666666667,3.8292990447503636
0.9333333333333333,0.829020464311323
3.783333333333333,3.8300806696847367
2.9833333333333334,2.820370085782358
0.6833333333333333,0.8345271741735588
2.7666666666666666,2.829618970393668
0.7,0.8368002081437446
0.8333333333333334,0.8316471027833314
2.783333333333333,2.8382127497301948
0.6666666666666666,0.8392960486116846
0.7,0.8167331316301033
1.8166666666666667,1.8337791966890689
0.9,0.8212966074406688
1.8833333333333333,1.8341493861876395
0.9666666666666667,0.8386566679112124
1.8,1.8420886620624037
2.85,2.8318939733985724
3.716666666666667,3.834471102937548
2.8,2.8372799654010623
1.9833333333333334,1.840358600441825
1.7,1.8378598477218728
3.7333333333333334,3.8259169827531814
2.8833333333333333,2.833827625048892
3.9833333333333334,3.8322905004920202
1.9166666666666667,1.8204739481959609
0.7333333333333333,0.838405433678745
2.8333333333333335,2.826136485009802
2.816666666666667,2.8383821561575946
1.9833333333333334,1.8114224977919107
2.933333333333333,2.832792074302802
3.933333333333333,3.8570401177517555
3.716666666666667,3.836148252205801
1.9166666666666667,1.8219757364769162
0.7666666666666667,0.8177631082367727
0.9333333333333333,0.8438128689402897
0.8666666666666667,0.8165873211417217
0.9,0.8389411674012621
2.783333333333333,2.8381615555919044
3.966666666666667,3.8342160340745273
3.8,3.827654486698359
2.8333333333333335,2.8331785924752184
1.6666666666666667,1.8368576328244826
1.95,1.8384585272890235
1.9833333333333334,1.8320619063180879
1.85,1.8276069048313184
0.8166666666666667,0.8294459065770218
1.8166666666666667,1.828965001087349
1.6666666666666667,1.8422554280393337
3.7333333333333334,3.8332618822198645
2.816666666666667,2.830645287763578
0.9166666666666666,0.8342774980732967
0.9166666666666666,0.8327505803394044
3.7,3.8371420827090663
3.933333333333333,3.831852641683209
1.8166666666666667,1.838117220226645
4.0,3.8356091267770323
2.7,2.837894203776352
1.9166666666666667,1.8336241776406457
3.8,3.8394685996417417
1.8,1.8351198402884978
0.9666666666666667,0.8377387443690419
0.6833333333333333,0.8376802922607687
2.966666666666667,2.8315736001604184
2.9,2.8432404919197274
3.75,3.823242131322834
0.95,0.8397441264305475
3.95,3.8213397826409166
3.0,2.8292666999181857
0.6666666666666666,0.8301236687868259
4.0,3.8136326870703647
2.7666666666666666,2.833358848324133
0.6833333333333333,0.8148576566482558
1.6833333333333333,1.8395630043559645
2.9833333333333334,2.823682488521668
1.7666666666666666,1.8196092746737578
2.8333333333333335,2.830374895878312
1.8833333333333333,1.8465293619674201
0.9333333333333333,0.823964358025487
0.8166666666666667,0.8365549650449424
1.9333333333333333,1.8382890145082724
0.6833333333333333,0.8444048629040624
2.9,2.8347134924305455
3.7333333333333334,3.823009681994047
3.683333333333333,3.8390733168391824
2.8333333333333335,2.844614387806849
0.7833333333333333,0.8211548890584096
0.9166666666666666,0.8518235105497152
1.7333333333333334,1.8327866615735116
1.7333333333333334,1.8347266307054353
3.8833333333333333,3.8359068060555654
1.8666666666666667,1.8408612623066254
1.95,1.8444045655237706
3.816666666666667,3.842324578085086
1.7166666666666666,1.8265108676848751
1.7,1.8460358053509243
2.75,2.8368791612954807
1.7166666666666666,1.8458987106274236
3.85,3.818876507524978
2.9833333333333334,2.828395942753202
2.7,2.8340597113701795
2.966666666666667,2.835619482752835
0.9833333333333333,0.8326893555048863
2.7666666666666666,2.851452703106682
1.8833333333333333,1.829045807118841
0.85,0.8333406426226364
0.8666666666666667,0.8361096942687044
3.75,3.839497337917423
2.966666666666667,2.831998997384121
0.6833333333333333,0.8326938159529534
1.6666666666666667,1.8184866771769796
0.85,0.8305664289361178
2.8333333333333335,2.8338343411213422
1.8,1.831436023535277
2.8333333333333335,2.8371346884672284
1.6833333333333333,1.832955557000059
2.9833333333333334,2.849720894122823
4.0,3.8300926101487978
2.8333333333333335,2.8272166182348197
2.966666666666667,2.8507712619118912
1.7166666666666666,1.8326772604399029
1.9666666666666666,1.8126859274547023
0.7,0.8275826180008542
1.8666666666666667,1.819277898002521
3.9,3.8233046493330813
2.7,2.8236005435707923
1.8333333333333333,1.8312759168752724
1.9,1.8291597509598745
3.683333333333333,3.841157289355102
1.9333333333333333,1.8259210099207663
1.9166666666666667,1.8482348088795388
0.9333333333333333,0.8385906230507217
0.9166666666666666,0.8212942524305565
1.7,1.8297346341143261
3.75,3.835241792554299
3.783333333333333,3.8287329085814674
1.9166666666666667,1.8433251718575718
3.9833333333333334,3.830069987658683
1.9166666666666667,1.8349232952910688
1.8666666666666667,1.831190231197683
1.9666666666666666,1.8347266307054353
0.7833333333333333,0.8401234087253907
3.816666666666667,3.823538627461793
1.9666666666666666,1.8245055623991266
1.6833333333333333,1.81385231677447
1.95,1.8260861413965785
0.6833333333333333,0.8353182287200146
3.716666666666667,3.8307674939618397
0.95,0.8379113188701994
1.7666666666666666,1.8266732627634013
0.6666666666666666,0.8324279041218682
1.7833333333333334,1.8255620045503143
2.716666666666667,2.831299653035889
1.8166666666666667,1.833617781335373
3.0,2.835130863824013
0.85,0.8335964238155559
3.7333333333333334,3.843703458044847
3.716666666666667,3.8234141565394193
0.9166666666666666,0.8287032359776509
2.9,2.839639281493063
0.7,0.8324067397355567
0.9833333333333333,0.8363832608518187
3.75,3.816253609225342
2.783333333333333,2.8424311507077547
2.6666666666666665,2.8401674055822292
0.9833333333333333,0.8458021688999641
0.9333333333333333,0.8457817718929824
0.7666666666666667,0.8382813630163374
2.8833333333333333,2.8399696277655435
3.8833333333333333,3.840238023284889
1.95,1.8408692913152824
2.9,2.835526414451154
2.9166666666666665,2.8340392335811195
1.6833333333333333,1.8462808293314368
1.8833333333333333,1.8292286455363709
3.783333333333333,3.8430422371530057
1.7166666666666666,1.8325867618512777
0.7333333333333333,0.8421879195769826
1.9333333333333333,1.8388535346920227
3.7666666666666666,3.830418985432112
2.8666666666666667,2.839687227526556
3.966666666666667,3.823720577471881
2.8833333333333333,2.838386797690008
3.8666666666666667,3.8378877194224343
1.9333333333333333,1.8335778259294324
2.7333333333333334,2.8202330533850115
0.6666666666666666,0.8485776474360226
1.85,1.8206804365763667
1.9333333333333333,1.8371555363768863
2.85,2.8325293482367666
3.9166666666666665,3.8355306409457803
2.9166666666666665,2.835242686830093
1.9666666666666666,1.8271838787919439
1.0,0.8316277592160516
4.0,3.8428078434299073
3.7333333333333334,3.8348848559042836
2.816666666666667,2.8351995248530333
2.0,1.8208456682579452
3.783333333333333,3.84182206199729
3.8,3.829708849471177
2.8666666666666667,2.83024860352634
2.9,2.821224259527377
2.8333333333333335,2.8206426964398745
1.8833333333333333,1.8447416457291244
3.783333333333333,3.828319857358718
1.8,1.8392757294586162
3.9833333333333334,3.8399650283865547
2.8833333333333333,2.833693340372983
2.8666666666666667,2.8450056145084712
0.8,0.8250867496249686
1.95,1.820910916085201
4.0,3.8426457532914258
3.0,2.826546684284756
0.8333333333333334,0.8330148905284354
3.75,3.8398066789441874
3.7,3.824298940461816
3.75,3.8303998696856585
2.716666666666667,2.843385339342474
2.816666666666667,2.834638258378497
2.8333333333333335,2.8295058272938456
2.8333333333333335,2.821309746871596
2.8,2.8307066658421247
0.9,0.835992887076219
2.783333333333333,2.830679692693104
1.8333333333333333,1.7989092254238113
2.9,2.8359174640430176
3.716666666666667,3.821436417161619
3.6666666666666665,3.8187831179837755
2.716666666666667,2.8234315078312267
0.8666666666666667,0.8431232184714849
0.9333333333333333,0.8218325704071973
3.8833333333333333,3.838978964752261
2.7333333333333334,2.828214404070776
1.8,1.8396676693542355
0.8,0.8360713264273154
0.7,0.8365248492332266
2.9166666666666665,2.8283640694844445
2.9,2.8230238262394005
1.0,0.8430068119453522
0.6666666666666666,0.8257109457792766
3.716666666666667,3.8291592155446654
1.9166666666666667,1.8458504485975706
2.8,2.833457287822176
1.8333333333333333,1.834944421922778
1.95,1.8374607507812837
3.9166666666666665,3.833216053909062
0.95,0.8377312644448057
2.7,2.8344946717773496
2.683333333333333,2.83732804237895
3.8666666666666667,3.855546048729368
3.0,2.831012648245303
0.9333333333333333,0.8279049374588152
2.966666666666667,2.829827858514416
1.8333333333333333,1.8452843040616715
2.9833333333333334,2.852650549789579
3.8333333333333335,3.8266685554741975
1.9,1.850053266378501
0.6833333333333333,0.8249144366614913
0.9,0.8198277336620252
2.75,2.83898594536434
2.9166666666666665,2.8507712619118912
2.933333333333333,2.8340312343332026
2.8,2.849480776499706
2.75,2.835185969734064
2.0,1.8271897649713538
0.95,0.8356917817620638
3.9,3.8501457841249103
2.9166666666666665,2.834366400983498
0.6833333333333333,0.8235743362955436
3.0,2.8352596555449967
1.85,1.8376278927777685
2.8666666666666667,2.837541679116339
3.966666666666667,3.8367597134980427
0.7333333333333333,0.8320321170177657
1.7333333333333334,1.8272490745206946
0.7833333333333333,0.8351860874087393
3.966666666666667,3.8484471669075835
2.8,2.8334489628420854
2.683333333333333,2.824146871919032
0.7,0.8352478372281024
2.783333333333333,2.8373962483352932
0.8833333333333333,0.8353916781978942
3.75,3.837826385943041
0.8166666666666667,0.8355000895264959
3.966666666666667,3.8392677436805878
1.85,1.83721402627098
0.6666666666666666,0.848903442583842
2.7333333333333334,2.832881553660775
2.9,2.835058941947326
0.8833333333333333,0.8367819124909781
3.6666666666666665,3.8346126045992146
3.966666666666667,3.825782757755664
0.6666666666666666,0.822894357215487
2.8,2.8256391771481044
0.9333333333333333,0.8460530515750168
2.8,2.833930891823671
0.9,0.8359074858234782
1.8333333333333333,1.8222304603207662
1.9666666666666666,1.8444045655237706
2.783333333333333,2.836790863602257
2.8333333333333335,2.8521677166604436
0.8333333333333334,0.8270109139240204
2.9833333333333334,2.8253766370219684
3.0,2.836850781278072
2.716666666666667,2.8309843832960446
2.7666666666666666,2.84773693729005
2.9,2.842982261222798
1.9333333333333333,1.8254065682699852
1.7,1.8333848302210516
2.966666666666667,2.834938378706623
3.7,3.8338597965147723
3.816666666666667,3.839242665086972
1.6666666666666667,1.8188527766720404
3.85,3.8407041228035905
1.6666666666666667,1.8369581389876257
1.9666666666666666,1.8330682967610712
2.95,2.8276866438055697
3.6666666666666665,3.836183828194146
0.7,0.8176529929954566
2.7666666666666666,2.83419193176063
0.75,0.8380875542714635
1.8666666666666667,1.830783027035213
4.0,3.8307999931670746
2.0,1.834193711097365
0.95,0.8367118726703668
1.7333333333333334,1.8370986776475158
0.8666666666666667,0.8212965759720909
1.0,0.8380422785856513
1.85,1.8232722412114697
3.7666666666666666,3.8414453634148873
0.7333333333333333,0.8308928176146277
1.7,1.835333971995714
2.9833333333333334,2.823682488521668
2.9833333333333334,2.8287502575514445
0.7333333333333333,0.8294459065770218
2.933333333333333,2.8381756269163128
3.7666666666666666,3.8244385288381393
1.8666666666666667,1.832678115554003
0.8666666666666667,0.8438248482223561
0.9833333333333333,0.829803540345591
2.7,2.8243313874334515
1.75,1.8141995872385661
0.7,0.8266499886873772
2.9833333333333334,2.83652674636923
2.8833333333333333,2.8383421130444577
0.7833333333333333,0.825931405542115
0.7166666666666667,0.8291781454632143
0.75,0.8351083747233993
3.9,3.8474374648141962
4.0,3.8319337990310114
2.683333333333333,2.8331794143738493
2.716666666666667,2.833808079330573
2.6666666666666665,2.8273295115704964
3.95,3.833828561905415
3.933333333333333,3.8466875037290236
3.966666666666667,3.8336972433333876
0.7166666666666667,0.8298873179793849
3.9166666666666665,3.835955192783699
0.6833333333333333,0.8462453891608064
3.816666666666667,3.8365995179996917
3.85,3.824937570779534
1.7666666666666666,1.821663543831467
2.0,1.8334957548407862
0.9,0.8288196314881521
0.6666666666666666,0.8452675375509736
3.7666666666666666,3.8379717747796076
1.8,1.8232164993581685
0.8333333333333334,0.8350870059596888
0.8666666666666667,0.8275279748439823
3.9166666666666665,3.8308095755097664
2.95,2.831815994703243
1.8833333333333333,1.8107501796779892
1.8,1.8170763830123853
1.9666666666666666,1.8306341126524746
3.9833333333333334,3.8275193229094118
2.9166666666666665,2.8388906383565335
3.716666666666667,3.8303216038519845
3.9833333333333334,3.830516421915495
1.85,1.8363048568236175
1.7166666666666666,1.8381250934970956
2.85,2.8274675145131822
3.7333333333333334,3.819498577759974
0.8166666666666667,0.833508234536139
0.8666666666666667,0.83727160033674
1.9833333333333334,1.816200965105272
0.9833333333333333,0.8295004926178383
1.8166666666666667,1.83258991821224
2.7,2.829569335431484
0.8,0.83898589141314
2.7333333333333334,2.8389050676603746
0.7333333333333333,0.8489541304975073
3.8333333333333335,3.827143091305925
3.75,3.8359223228691093
1.9833333333333334,1.8514609518421954
0.8666666666666667,0.8337385607399364
0.9833333333333333,0.8321388006761439
1.8666666666666667,1.8385313774561607
2.816666666666667,2.8460808722818753
2.9166666666666665,2.8237165611066466
0.7,0.8384943597726093
3.966666666666667,3.829151205094043
4.0,3.840160789356671
0.7,0.838833794172574
2.683333333333333,2.8303685023633345
3.783333333333333,3.8352384413202882
2.8333333333333335,2.831409327855695
3.816666666666667,3.8317419335241
1.8166666666666667,1.8245661586043584
3.683333333333333,3.8333601129966235
0.85,0.8278635228186693
1.95,1.8260582854630687
2.7666666666666666,2.831756726895361
2.8333333333333335,2.8413018761619218
2.9166666666666665,2.834017077183439
1.85,1.8384024608642489
0.9833333333333333,0.8212215810655014
2.6666666666666665,2.860779435590025
3.75,3.836808856542102
1.9833333333333334,1.8341307235495683
1.85,1.8278131504514592
0.7666666666666667,0.8183392131825967
2.7,2.838022897560914
1.8166666666666667,1.836953659390945
3.816666666666667,3.820102300716993
0.7,0.8280284139706308
3.95,3.839514351113684
1.7833333333333334,1.8332157307476509
3.95,3.8408170015777254
1.6666666666666667,1.8259210099207663
3.9166666666666665,3.8386072279034016
2.816666666666667,2.840564374231067
3.9,3.8361111331263475
0.8666666666666667,0.8355829967960188
3.816666666666667,3.840983943571914
2.85,2.8204999044401693
2.683333333333333,2.8427221550920483
3.8,3.8250631088555593
1.9666666666666666,1.846193116851635
0.8166666666666667,0.8338076691733832
2.966666666666667,2.8342401550563436
0.8833333333333333,0.8289364474339598
0.75,0.8259353289664016
1.85,1.837887309023024
1.8,1.8276705714132957
0.9166666666666666,0.85412597969165
2.816666666666667,2.8235976983418607
1.9833333333333334,1.829093443159856
2.75,2.8410974043314576
2.8833333333333333,2.8182925986242453
2.95,2.857819375480417
1.8666666666666667,1.8107656532288081
3.716666666666667,3.8335387549870363
3.783333333333333,3.8311261495772
1.8833333333333333,1.8302649022770123
0.6833333333333333,0.8352109700974101
3.8333333333333335,3.8362389637590617
2.933333333333333,2.8338756178567412
2.8666666666666667,2.828693134828924
0.75,0.8432131605584103
0.8,0.838668313145455
0.9333333333333333,0.8301418982418763
0.8833333333333333,0.8295864853592992
3.75,3.8510954370203483
1.6666666666666667,1.8365885466936314
3.8833333333333333,3.84267985030976
3.816666666666667,3.8444514126128855
1.8,1.836969641189191
1.7666666666666666,1.829326702156612
0.9,0.8370137698950246
0.8166666666666667,0.8351842990388798
0.8166666666666667,0.8293479039384075
1.9333333333333333,1.8217867453684988
1.9333333333333333,1.8123572860308903
1.9166666666666667,1.8322217339933717
3.85,3.8330412121725908
3.8833333333333333,3.8392060108627764
2.9833333333333334,2.8337713302900416
3.966666666666667,3.8428565211602352
1.9333333333333333,1.8329200461073258
1.9166666666666667,1.8349091563742617
1.9333333333333333,1.8263043402721046
3.716666666666667,3.846499627911078
1.7666666666666666,1.820490710846044
3.816666666666667,3.825793364483377
3.85,3.8265514202130966
0.9833333333333333,0.822001548690591
2.716666666666667,2.835752929598141
2.8,2.829252178609006
2.933333333333333,2.8302142056954547
4.0,3.827081350594904
0.7166666666666667,0.830754491821557
2.683333333333333,2.8463970206180056
2.6666666666666665,2.83158673500534
2.683333333333333,2.827512222901782
2.8833333333333333,2.829130175592498
1.7,1.8309631766131653
2.8,2.8406672104787174
3.7333333333333334,3.848782307026226
1.7333333333333334,1.8464966956412923
0.8333333333333334,0.829293576062704
2.0,1.8394298923814625
2.95,2.825309886529106
2.716666666666667,2.8512141362240193
0.9666666666666667,0.8369936718913625
1.7833333333333334,1.8272875352226083
2.6666666666666665,2.8378669677304935
1.0,0.8335513489295246
3.75,3.833547119866826
2.716666666666667,2.850348444746183
3.8666666666666667,3.837412056410376
0.7666666666666667,0.8394615502219246
1.7666666666666666,1.8464919381542941
0.7333333333333333,0.8360526237654401
2.933333333333333,2.8198485785731537
0.9,0.8428908409312277
3.8666666666666667,3.842232059020368
3.816666666666667,3.832054314178643
2.783333333333333,2.8424311507077547
2.7666666666666666,2.829730574527146
0.9833333333333333,0.8222354015197643
1.8166666666666667,1.8343892636037118
1.9333333333333333,1.8409099895808625
0.8666666666666667,0.8399098941594425
0.8166666666666667,0.8293758265720301
3.683333333333333,3.835907136955005
0.8166666666666667,0.835372448387606
2.783333333333333,2.821983252549868
3.95,3.8323150067785052
2.9,2.8367313277242134
0.8833333333333333,0.8361991661953853
3.85,3.834811032587374
2.9833333333333334,2.8299385786409834
1.75,1.8409914762901018
2.816666666666667,2.8370976034693047
3.816666666666667,3.835329248879842
2.85,2.8366568920596587
3.8333333333333335,3.8435385335477177
3.9833333333333334,3.8295475774588983
1.8333333333333333,1.8520364611020128
1.8166666666666667,1.852337438451281
2.0,1.830550177786521
1.9666666666666666,1.8338378439460743
2.966666666666667,2.84453834982393
2.8,2.836105357440992
1.8833333333333333,1.833929616125931
0.7666666666666667,0.8362231942927604
1.9666666666666666,1.8368247637041808
0.9333333333333333,0.8338279648348081
0.85,0.833249373935326
3.0,2.8331365143710734
1.95,1.841134505705536
2.7666666666666666,2.836814665829331
3.0,2.8323231326111658
0.8,0.8421088384936533
0.7666666666666667,0.8335033139443456
1.8833333333333333,1.8260582854630687
2.816666666666667,2.8584954589767175
0.8333333333333334,0.8453300167450968
2.783333333333333,2.825288562118201
2.9833333333333334,2.8313016557593005
1.8,1.8392610321794058
3.7666666666666666,3.805949938512435
0.9833333333333333,0.8193014986681385
3.716666666666667,3.8467222712971307
1.6833333333333333,1.8288303176909677
3.8833333333333333,3.830766401013045
3.966666666666667,3.8305350563356826
0.6833333333333333,0.8333031095709826
0.9,0.8389411674012621
2.716666666666667,2.840242170652224
1.8166666666666667,1.8243236642122735
3.8333333333333335,3.8203264606271965
3.8666666666666667,3.831996028395084
0.8166666666666667,0.8442116983978313
0.8166666666666667,0.8255802784191165
1.9833333333333334,1.8613855383768507
3.0,2.8350416249038735
0.6833333333333333,0.8363842114972523
0.9666666666666667,0.8188906808751996
0.8,0.8441123623745065
2.933333333333333,2.8398103768899845
2.9,2.8451661196517026
0.7666666666666667,0.831639392177093
0.6666666666666666,0.8379762110651113
3.85,3.840183365394649
1.7,1.8270968089993773
3.683333333333333,3.833956990824017
1.95,1.8293174659597937
1.9666666666666666,1.847093414079485
3.8,3.839413923070137
1.9666666666666666,1.8394456400343788
3.9833333333333334,3.8367073462477377
3.933333333333333,3.8222155944413716
3.816666666666667,3.8218165945890927
2.783333333333333,2.8485147047988306
3.95,3.8331289403163873
0.8833333333333333,0.8391179466371361
0.9833333333333333,0.843522456798462
3.95,3.8321588874448467
2.8,2.8309122937919273
3.783333333333333,3.832949661652933
3.95,3.8268644121497077
3.9833333333333334,3.8264069695124237
4.0,3.8448598219018995
0.7666666666666667,0.8463292608353333
3.8333333333333335,3.8385082599148537
1.9,1.825021405665214
2.933333333333333,2.828961191311302
0.8333333333333334,0.8343520683409583
1.9,1.8170213221590104
0.7333333333333333,0.8332457974411858
1.7666666666666666,1.83266364849825
1.8166666666666667,1.8539400660596883
0.7,0.8511611447521739
1.7333333333333334,1.823687591250824
3.683333333333333,3.8307562701329427
3.8333333333333335,3.835512767019777
1.7666666666666666,1.824323651083108
1.9166666666666667,1.83258991821224
3.816666666666667,3.8326830289120757
2.966666666666667,2.835994730502002
3.7,3.831668691311923
3.8666666666666667,3.824576404332903
2.966666666666667,2.839285757870727
0.8166666666666667,0.8249180624147785
0.8666666666666667,0.8310514887843332
2.683333333333333,2.8324624436637826
3.8833333333333333,3.8317022928304034
0.75,0.8352231367572311
2.816666666666667,2.8223419247683057
2.95,2.829644449411295
2.716666666666667,2.8384151149146493
1.7333333333333334,1.814626551626468
4.0,3.8315088004057354
0.7,0.8280082994980809
3.683333333333333,3.819928579501684
0.9833333333333333,0.8344397830847224
0.7166666666666667,0.8365640731689102
0.6833333333333333,0.8410130844206588
2.85,2.829892470693279
0.95,0.8412285881917053
2.7333333333333334,2.835940885204368
2.8333333333333335,2.836256529528967
0.8166666666666667,0.8326982737091388
0.9666666666666667,0.8460150629087779
1.9,1.8295672576147817
2.75,2.839602331246521
3.0,2.825090541463794
2.6666666666666665,2.8477107157107557
2.933333333333333,2.8495858713294906
0.7833333333333333,0.8353984436257127
0.8666666666666667,0.8335936655910768
2.816666666666667,2.8424018686880923
3.783333333333333,3.8339065940567334
2.95,2.837843671713495
0.9833333333333333,0.8445934314114303
2.7333333333333334,2.8312344263758957
0.8166666666666667,0.8303935679963138
3.0,2.8383821561575946
3.85,3.829699731614675
0.9,0.8379098293482595
0.9666666666666667,0.8379366228338873
1.7166666666666666,1.8410470489743458
3.9833333333333334,3.8264069695124237
2.716666666666667,2.826358587149544
0.8,0.8384199637241041
1.7833333333333334,1.8222897897034716
3.95,3.8337304599293778
1.8166666666666667,1.8339014467694983
3.95,3.839387899194586
2.85,2.837180082274942
2.6666666666666665,2.8501384736682684
1.7166666666666666,1.8344620033801267
1.6666666666666667,1.8387044655853257
0.9666666666666667,0.8376641785645798
1.8166666666666667,1.8310007975223264
0.7333333333333333,0.8343177764375719
2.783333333333333,2.8403212921501715
3.9833333333333334,3.818126887125274
0.7166666666666667,0.83695268637653
3.9,3.845380659002893
3.9166666666666665,3.845140638328621
1.6666666666666667,1.8354633755810912
1.7333333333333334,1.823803789849139
0.8,0.8243750781071683
2.9,2.8408480769399573
3.0,2.8245229287504996
3.683333333333333,3.8429888764346907
2.75,2.8414802347558945
0.7666666666666667,0.8475454835086844
2.85,2.8396900232796383
2.7666666666666666,2.839964680863434
2.8,2.8359062614863153
1.7166666666666666,1.8382990324804354
0.8666666666666667,0.8170486822929273
1.9333333333333333,1.8332610241575906
0.6833333333333333,0.8421909677963484
3.8333333333333335,3.8257277735998714
2.9833333333333334,2.840928320362735
3.9,3.827948997759709
2.783333333333333,2.833345071063819
3.9166666666666665,3.8358091780603996
1.8,1.8366804100131284
0.7333333333333333,0.8280814938454766
1.9333333333333333,1.835944994845029
0.85,0.8480551289432131
3.716666666666667,3.8411641430307015
2.816666666666667,2.8397962746218623
2.966666666666667,2.8370031536932676
0.7833333333333333,0.8218195086450948
3.7333333333333334,3.8245483414552965
0.95,0.8396901091946414
3.7,3.830549788101436
0.7166666666666667,0.8415793519854509
3.8833333333333333,3.8285619776144824
3.966666666666667,3.828468421324314
3.7,3.83527573038604
1.8666666666666667,1.8086866851922843
0.6666666666666666,0.8334533281240348
0.9666666666666667,0.8325622868228838
2.75,2.8432231162728505
2.75,2.8319116405521796
1.8833333333333333,1.8338851202571522
2.75,2.8343260464064803
2.9833333333333334,2.837905615168522
3.8666666666666667,3.8305007130124062
3.683333333333333,3.8327356716620478
3.7333333333333334,3.830996411208919
1.8333333333333333,1.8217738595371744
1.9,1.8342063457100917
3.9833333333333334,3.8364837470606767
0.7166666666666667,0.8194476164330741
2.8,2.838384664850935
0.7166666666666667,0.8313429887017526
3.716666666666667,3.835364334185899
3.85,3.830790067496587
3.8333333333333335,3.8311705417735995
1.8666666666666667,1.8273578194514297
3.8,3.83231041973544
3.683333333333333,3.8325505826244615
2.9166666666666665,2.849720894122823
0.8833333333333333,0.8449067019022565
2.7666666666666666,2.831630058102898
1.95,1.833741434955576
1.7166666666666666,1.8399875062489628
0.6666666666666666,0.8374618273823867
3.683333333333333,3.8368648591554977
3.783333333333333,3.8261443807042266
1.7833333333333334,1.8355644288050559
3.9,3.834303651025036
4.0,3.8353539878911977
0.9666666666666667,0.8326341921859144
2.7666666666666666,2.8299181725063245
1.95,1.8215424236334399
0.6666666666666666,0.8319935565842976
3.95,3.8301691746480913
0.6833333333333333,0.8327490457063427
3.8333333333333335,3.8361301714353386
0.95,0.8357889615237655
2.75,2.830747742771702
3.9,3.8402421137008456
0.8166666666666667,0.8363388985298214
3.683333333333333,3.8319467728055265
0.75,0.8345500947298438
2.816666666666667,2.8358169520959353
0.9833333333333333,0.8248024632046094
1.85,1.8368560868578285
3.8666666666666667,3.8348108899254942
0.9333333333333333,0.8303322530122064
0.8666666666666667,0.8343873167003497
0.7166666666666667,0.8304144836848821
1.9333333333333333,1.8394858164166608
1.75,1.829003718991917
0.7833333333333333,0.8314996489110549
1.9666666666666666,1.825029267361195
1.7833333333333334,1.823769381905274
0.6833333333333333,0.8266089767701763
3.8,3.8282223008810106
1.7833333333333334,1.8150943755460063
0.6666666666666666,0.8428366525058071
3.85,3.8292422773359105
3.9833333333333334,3.8435194794630076
0.8,0.820052358310984
3.683333333333333,3.820199017913448
1.8666666666666667,1.8362407936957803
3.8333333333333335,3.827338422357023
1.8,1.834193711097365
2.85,2.8175571683777956
0.6833333333333333,0.8257288320968637
2.716666666666667,2.8327097621596966
3.8833333333333333,3.835006699588441
3.9833333333333334,3.8394833064102096
2.7,2.819444224180216
1.7166666666666666,1.8351660840100186
3.783333333333333,3.8369469595703225
1.8,1.828989339613495
2.9,2.857252305986117
2.7666666666666666,2.8400219557607382
3.85,3.832299902906133
3.783333333333333,3.8249847149239122
0.7,0.839551996935513
3.783333333333333,3.843709768945369
2.9833333333333334,2.8307257396720416
0.8166666666666667,0.8261689689373264
3.8833333333333333,3.8372860232582444
1.85,1.8221142609268668
1.7666666666666666,1.8424639961847344
3.8833333333333333,3.827017244612666
0.8833333333333333,0.8372392274751438
3.6666666666666665,3.8325515752969994
3.95,3.82694085058026
1.8,1.8279195708468605
1.9833333333333334,1.8127488842195931
0.9333333333333333,0.828172701275258
3.683333333333333,3.8303001527249325
3.683333333333333,3.830454451155315
1.9666666666666666,1.8223321428506418
0.9,0.8397196799535246
3.9,3.8317676945936814
0.8666666666666667,0.8286331662957811
0.85,0.8304713959568611
3.8,3.8372209825999533
3.8,3.8353858749706866
2.7333333333333334,2.8362521470365762
2.783333333333333,2.8330887912048377
2.7,2.8336600992210945
3.85,3.826427309900922
1.9666666666666666,1.8362620890451564
3.716666666666667,3.82076464260994
2.683333333333333,2.8404651772862457
2.0,1.8377392434359496
1.9166666666666667,1.8321956090440559
1.75,1.839653649769308
0.7166666666666667,0.8381496727267804
2.8666666666666667,2.8368074534625483
1.7,1.8268021554262075
0.9,0.8363082448574439
1.7666666666666666,1.830374965247551
0.85,0.8363290503133364
2.85,2.8306325572269366
0.7,0.8335932590564912
1.7,1.837697729729549
2.8833333333333333,2.8394411935572816
1.8,1.821992513753038
1.9333333333333333,1.8440405087512324
0.9,0.8231222351152476
4.0,3.836832212737393
2.8,2.842036617687034
2.7333333333333334,2.8259743072421
3.783333333333333,3.8152935788671662
0.7166666666666667,0.8395209262723082
2.933333333333333,2.8389672388579044
2.9,2.8317599217405576
3.783333333333333,3.833940448053647
1.8166666666666667,1.8371399815684282
3.85,3.8340392993364247
2.6666666666666665,2.834475461386534
2.8833333333333333,2.8515078234176743
1.6833333333333333,1.8337179574535272
2.683333333333333,2.8423544295060204
3.9166666666666665,3.835216583836451
0.7166666666666667,0.8335131729918239
0.9833333333333333,0.8273733600165559
0.9166666666666666,0.8237202132132659
1.7833333333333334,1.8407306310457827
1.0,0.825277978142498
1.8,1.833178534125428
2.75,2.829665268512706
3.783333333333333,3.839064645422297
1.6666666666666667,1.8239980721722437
3.7,3.830546814369007
2.8,2.8353925846000823
1.95,1.8267345135902666
0.7333333333333333,0.8302886068814582
1.8166666666666667,1.8276262006051782
1.0,0.8350081496654665
0.75,0.8166446576525381
3.95,3.823980212607658
2.0,1.8263433509911704
0.9166666666666666,0.8292152217897123
2.9166666666666665,2.853704372470877
0.9833333333333333,0.8150153476443275
1.9166666666666667,1.8128448643554413
0.7,0.8387542147719137
2.966666666666667,2.8322232252832076
1.9,1.8359846210238964
0.8666666666666667,0.8307648733874791
3.8333333333333335,3.825560279576375
2.9,2.8340705809726514
4.0,3.8430602084367216
0.7333333333333333,0.840965675992334
2.95,2.8349073194102177
0.6666666666666666,0.8219187065354683
1.9333333333333333,1.8275718993637036
3.9833333333333334,3.830418985432112
0.7,0.8414715551226625
0.7833333333333333,0.83212422707689
0.9333333333333333,0.8284881550730645
1.7,1.850043736176479
3.8666666666666667,3.8245218635434144
1.0,0.8303894255844237
2.966666666666667,2.8331838190716043
0.9833333333333333,0.8343101528469383
0.9833333333333333,0.8391421728431431
2.8333333333333335,2.8256976938639218
2.783333333333333,2.836218018839856
2.816666666666667,2.8396900232796383
1.7666666666666666,1.8346951937371
0.75,0.8459683035912365
0.7333333333333333,0.8340057220471696
1.7166666666666666,1.8244158244355715
3.966666666666667,3.8210468184614244
0.7666666666666667,0.8253610570734737
2.933333333333333,2.8485759593832887
0.7833333333333333,0.838163840120447
3.8,3.8253291692036697
0.9,0.8563052106753054
1.9666666666666666,1.833248481301906
0.8833333333333333,0.8354635098947008
2.9,2.83803576437248
2.8,2.8383566942991676
2.9833333333333334,2.836520600246221
0.9833333333333333,0.8256853043545105
1.9166666666666667,1.8314097051764362
1.7166666666666666,1.8313307473190708
2.9166666666666665,2.8512819840961767
1.9166666666666667,1.8300162255507266
2.0,1.8247249561671506
0.9833333333333333,0.8352814026111985
2.85,2.8346316000222695
3.9166666666666665,3.8426393932000398
2.8666666666666667,2.827448309617651
0.8833333333333333,0.8286295115467233
1.8333333333333333,1.8275342209360352
2.95,2.828432321059125
0.6833333333333333,0.8497043997550032
2.683333333333333,2.834341594676159
0.8333333333333334,0.8448934453739132
2.683333333333333,2.830783573086294
2.8833333333333333,2.838947400192314
3.8333333333333335,3.8282223008810106
1.7,1.8288475220903302
3.7333333333333334,3.830769474073869
1.6666666666666667,1.8255659850980057
3.7,3.819993958577345
3.7666666666666666,3.8268387108279738
0.7833333333333333,0.832726811249655
1.6833333333333333,1.8365332856586805
2.716666666666667,2.832787604585951
1.9166666666666667,1.827671002143719
2.966666666666667,2.8408641338547995
3.85,3.837812031032871
0.9666666666666667,0.8415732382935489
1.8166666666666667,1.8191189002036747
1.75,1.8334882954968563
2.7333333333333334,2.833903534801089
1.7666666666666666,1.8364704581846762
0.7666666666666667,0.83724440166069
0.7333333333333333,0.8363994691737243
0.8166666666666667,0.8362125746629764
3.7666666666666666,3.8280620949502278
2.7666666666666666,2.833124804756311
1.95,1.836138799111431
1.8666666666666667,1.8397511068579147
2.933333333333333,2.8367313277242134
2.9166666666666665,2.845354880246094
2.8666666666666667,2.8251039676747793
0.7833333333333333,0.8420557067401576
3.0,2.840542804680793
0.85,0.8265794224611797
0.9833333333333333,0.84061141702302
3.966666666666667,3.8371603381081743
1.6833333333333333,1.8327335986148006
2.8,2.8412296408717146
0.8333333333333334,0.8313641680539808
2.933333333333333,2.8398925661432917
2.9,2.8364597147533392
1.8333333333333333,1.8332928660904397
2.783333333333333,2.8387860509374816
1.9333333333333333,1.8351083992139754
0.9333333333333333,0.8321757436605657
0.9833333333333333,0.833314451765068
3.8833333333333333,3.8385628414184025
0.8666666666666667,0.8453875086726989
3.816666666666667,3.8368100063456847
3.95,3.8422711353095456
3.75,3.8392880958602342
1.8833333333333333,1.8322309161249108
0.6666666666666666,0.820052358310984
2.6666666666666665,2.8361106890560217
3.8,3.8371192534967076
3.8333333333333335,3.81699581772439
0.6666666666666666,0.8506324778783962
0.85,0.8344561968929597
2.7333333333333334,2.830198970641906
0.9,0.828025637267085
2.9,2.834708358303087
0.8333333333333334,0.8401000164247092
3.716666666666667,3.8429580607382805
1.8166666666666667,1.8340432547797787
1.75,1.83198491032271
1.9333333333333333,1.8271873609474016
0.6833333333333333,0.8371456498110003
0.8333333333333334,0.820339023460955
1.9833333333333334,1.839839387711921
0.9,0.8384769045338771
3.966666666666667,3.8258384243589916
2.75,2.8335839647531618
0.6833333333333333,0.8325602911975222
2.8,2.8367510566694203
3.75,3.8335633628433157
0.8,0.8455634762795572
0.7,0.8284269103166405
0.8833333333333333,0.8281880895772773
2.6666666666666665,2.8339671975413046
1.7333333333333334,1.8001066471177032
3.8833333333333333,3.8346817517723077
3.816666666666667,3.834318654974725
2.816666666666667,2.8217831773443938
1.9333333333333333,1.8171356335414504
3.85,3.8330443957705493
3.9833333333333334,3.8345441203410457
2.9833333333333334,2.8456823685613495
3.966666666666667,3.8406663702584205
2.8,2.819600760539872
3.85,3.835329248879842
0.95,0.8262958740376334
1.7,1.8387746300698433
0.7166666666666667,0.8286355272599906
0.7666666666666667,0.833491375037184
2.8,2.831080173008009
1.9333333333333333,1.8433251718575718
1.0,0.8440874650005712
0.9333333333333333,0.8324632750911488
1.9833333333333334,1.8354517618742099
1.95,1.8387352561452746
3.8,3.837509734155649
1.75,1.8281403009588724
1.9666666666666666,1.8395207927856263
0.9666666666666667,0.8453041132889848
0.7333333333333333,0.8355290301190067
4.0,3.8151307125824787
2.683333333333333,2.8333408983294452
2.8666666666666667,2.829374271637023
3.716666666666667,3.8565211976442417
3.9833333333333334,3.8264539776911164
0.8833333333333333,0.835438102463411
1.8,1.8213779069735068
0.8166666666666667,0.8397409136388297
1.8,1.8462216120748007
0.9333333333333333,0.8355542584373056
0.9833333333333333,0.8328621359328371
1.9666666666666666,1.8403862788159957
3.9166666666666665,3.836736760961494
0.8833333333333333,0.830519127527404
1.6833333333333333,1.8279885432917826
3.683333333333333,3.8280124918292513
2.85,2.8417904920504857
2.95,2.841985730806803
3.966666666666667,3.840613821554251
0.7333333333333333,0.8330241627698676
3.75,3.8187029499879936
3.75,3.8196637746524367
3.0,2.8380157867767264
3.716666666666667,3.837031857986487
2.0,1.8407892844947094
1.9833333333333334,1.818340361376421
0.8,0.8324259248156113
0.8333333333333334,0.8310458373438391
0.9166666666666666,0.8288183959031075
3.7333333333333334,3.8392062621189753
3.783333333333333,3.8438734905532446
3.8333333333333335,3.834205584010878
0.85,0.8405007180925681
1.6833333333333333,1.831885068299699
3.933333333333333,3.8307874954591083
1.6666666666666667,1.8174250189119165
1.7,1.8273737578231732
4.0,3.833522177903189
1.8833333333333333,1.8529889535774111
0.9666666666666667,0.8461280581709418
0.6833333333333333,0.8391063035296428
2.783333333333333,2.8343466119815917
3.9833333333333334,3.8322707538106107
1.7,1.8273216058061197
2.8666666666666667,2.83890769927111
2.95,2.8353413462009254
2.933333333333333,2.8334397289695397
2.683333333333333,2.823991062835192
3.8,3.8378148243831074
1.7333333333333334,1.8412511216474647
2.6666666666666665,2.8422175192407906
2.8833333333333333,2.845129426207216
1.7,1.840358600441825
1.7833333333333334,1.8277967972419182
3.8333333333333335,3.8235920837797064
0.8166666666666667,0.8464392013410155
1.95,1.8378526817298586
0.9666666666666667,0.8364832905945074
1.7,1.8206309861105956
3.7,3.8358333207648077
3.816666666666667,3.8122496725631363
3.95,3.853625038522606
2.8833333333333333,2.827398547859035
0.9666666666666667,0.8400156207707365
1.9333333333333333,1.8418994523211536
3.6666666666666665,3.827489061762735
0.9833333333333333,0.8391358249419706
1.85,1.841101239593768
3.9,3.8340506459794117
0.8333333333333334,0.8435891417831591
3.85,3.823879122679315
2.8,2.8331535530018623
0.85,0.8131403340231781
2.0,1.8416273282528204
2.9,2.831416844311381
1.75,1.8389121956611705
2.8833333333333333,2.8241236093150093
3.75,3.8311095173282634
0.7333333333333333,0.8217739171407494
0.9166666666666666,0.8346823842499377
0.9833333333333333,0.8273263050286818
2.783333333333333,2.83025252077199
2.9166666666666665,2.82692687284219
3.683333333333333,3.8415550795915334
2.716666666666667,2.8255666213716153
0.9166666666666666,0.829646073501649
3.8833333333333333,3.8313719162925635
2.783333333333333,2.83249905873018
2.933333333333333,2.8309410949935274
0.85,0.8220860934350427
1.75,1.823872408476831
1.8333333333333333,1.8325631085009544
1.8666666666666667,1.8243140367030615
0.8833333333333333,0.8314167161801272
0.7666666666666667,0.8276125638805312
2.683333333333333,2.823855622826143
3.95,3.839690488372617
2.9,2.8373526317928093
1.7666666666666666,1.837659631137634
0.8,0.8276529023755441
2.8,2.8340612223598667
3.0,2.8330962238210016
0.7666666666666667,0.8358475034414704
0.9,0.8396119884454122
3.7333333333333334,3.8345313462689243
1.8,1.8240414920729169
1.7666666666666666,1.8226224994052527
1.8666666666666667,1.8345192154997354
2.9833333333333334,2.8353614890461905
3.7333333333333334,3.82405825321699
2.8333333333333335,2.8308464797413775
0.75,0.8263028604924899
1.8833333333333333,1.8278957105867344
3.7666666666666666,3.835922185829201
0.7833333333333333,0.826917185636435
2.7,2.8340705809726514
2.7333333333333334,2.839840548350484
0.8833333333333333,0.8218366551084706
2.0,1.835927725808891
2.8666666666666667,2.8519150263709645
0.8166666666666667,0.8364511837279762
3.9166666666666665,3.8445409478356454
1.6666666666666667,1.843701436294982
3.9,3.8327248613090394
3.0,2.839142160496471
2.8333333333333335,2.832355548848449
0.7333333333333333,0.830950938004881
0.7833333333333333,0.8420013926689377
2.933333333333333,2.8248790864947666
3.816666666666667,3.833092561064288
3.9,3.8215084960551153
1.7833333333333334,1.8321759199589378
1.6833333333333333,1.8313322273327228
3.966666666666667,3.8301967470040434
3.6666666666666665,3.825012740389123
3.966666666666667,3.8433877126643274
0.8833333333333333,0.8221913300229307
1.85,1.8224689881179543
1.8666666666666667,1.8263284926514505
0.8,0.8339163780538928
1.9,1.8334424320585996
0.8666666666666667,0.8307448910810584
2.9166666666666665,2.838371966354745
2.816666666666667,2.838618258740845
0.8833333333333333,0.8397801628969721
3.816666666666667,3.827351665550771
2.8,2.82638172206191
2.8,2.8419344680673264
2.7666666666666666,2.835978517555936
2.85,2.8281136493186225
1.6833333333333333,1.8406047936405534
2.9,2.8310716308172443
2.6666666666666665,2.8363384558885962
0.7666666666666667,0.8409781548285354
0.7166666666666667,0.8322006212960431
1.9666666666666666,1.8332205087029911
2.966666666666667,2.8265817027156515
1.7666666666666666,1.8351678489580856
1.7333333333333334,1.831935108035367
0.8,0.843810841130568
3.8666666666666667,3.830910734419094
1.8166666666666667,1.8326311838659586
0.7166666666666667,0.8270339629087371
0.7666666666666667,0.8371610994340195
3.0,2.834894343360411
4.0,3.8280303312544772
2.816666666666667,2.829765640897781
1.6666666666666667,1.8393739373584603
2.933333333333333,2.843520453990073
3.6666666666666665,3.826232566084438
3.933333333333333,3.8304578215612097
3.9166666666666665,3.8281743502535908
2.8833333333333333,2.8330890284808627
3.683333333333333,3.8422614763828973
2.95,2.822210263095587
0.85,0.8326378896205305
2.7333333333333334,2.8387803902784783
3.783333333333333,3.8340743229808094
3.95,3.8245722794073225
0.8166666666666667,0.8291951627131047
1.7166666666666666,1.836248981872387
2.8,2.8381979794298093
4.0,3.816035035354497
1.9833333333333334,1.8315570916882244
0.8,0.8228551696803089
3.716666666666667,3.8241397137553905
0.6833333333333333,0.8375851429474919
3.816666666666667,3.835497952642634
1.6833333333333333,1.8366233443075246
1.6833333333333333,1.8319047277546892
2.6666666666666665,2.831073964559059
1.85,1.8302310194503346
2.8,2.85540912712595
0.8333333333333334,0.8429235521300575
2.8833333333333333,2.8388377321664473
2.0,1.8443709749965647
2.6666666666666665,2.8136924548741713
0.7666666666666667,0.8357790787919649
0.7166666666666667,0.8334919744992717
3.75,3.8333462131797655
1.8166666666666667,1.8414489900804176
1.9166666666666667,1.835108210581893
3.966666666666667,3.8315264533074695
2.75,2.839959595351218
2.7,2.8270253505546172
2.9833333333333334,2.8396900232796383
0.85,0.837944875522689
0.7333333333333333,0.8283181404387442
2.683333333333333,2.8331724637264135
1.6833333333333333,1.823770596913362
3.9166666666666665,3.842947479009831
0.7166666666666667,0.8379082990998231
1.8333333333333333,1.84332732954583
1.9166666666666667,1.846915925651216
1.8833333333333333,1.8210027316283814
3.85,3.8294802056685895
1.85,1.8307841293235552
3.966666666666667,3.845700216250187
1.8333333333333333,1.8412000513515747
3.6666666666666665,3.8358333207648077
2.7,2.8336600992210945
0.6666666666666666,0.8377865413534326
2.9166666666666665,2.826509653604233
2.85,2.8471945650901813
2.8333333333333335,2.835265665741637
3.9833333333333334,3.8162766265710086
0.8666666666666667,0.8402964228029463
2.783333333333333,2.8291302317407387
3.7,3.842845026875426
3.966666666666667,3.8406044762994593
0.9166666666666666,0.8403062388314992
0.9,0.8312785895331141
1.8833333333333333,1.8381338865286685
3.8666666666666667,3.828136889639862
2.716666666666667,2.8235325401294826
1.9,1.8393323282103635
2.9833333333333334,2.825288562118201
1.6666666666666667,1.834794042389617
2.816666666666667,2.8360096814451476
0.7666666666666667,0.8279242254174091
0.7,0.8398523427545888
2.9833333333333334,2.8342773326654953
3.9166666666666665,3.818202616486955
3.8,3.8391274686889947
1.8666666666666667,1.8301300777773697
0.7833333333333333,0.8402006898313822
1.6833333333333333,1.8428026175400711
3.966666666666667,3.8530335340474666
1.7,1.8476125551477924
3.75,3.8323700121609385
1.7,1.8335203103212268
3.85,3.8228229209110065
1.7,1.8367386264602783
2.7,2.839579095928923
1.95,1.8274700378106765
1.9833333333333334,1.835182775505613
0.8333333333333334,0.8264935257771322
0.7166666666666667,0.8364876528057615
0.75,0.8282907583070389
2.6666666666666665,2.8305916521582075
2.9,2.846126425355592
1.8166666666666667,1.81385231677447
1.7666666666666666,1.8424508671648783
2.95,2.8315750297426363
2.9833333333333334,2.8358214819932495
3.783333333333333,3.833038348861044
0.85,0.8359626814420623
3.0,2.8333408983294452
1.8833333333333333,1.8212900950395925
1.7333333333333334,1.8318016092033431
1.6666666666666667,1.8406370360142859
2.75,2.84357237156546
1.85,1.8370836955585192
3.966666666666667,3.8370181727168085
3.8,3.8288793837678985
0.9166666666666666,0.8346890891340359
2.716666666666667,2.847176265113311
3.95,3.841152484814489
2.8333333333333335,2.8394436348801304
1.7166666666666666,1.836383158810371
1.9833333333333334,1.8407699430285027
2.933333333333333,2.824154562132339
1.8,1.8308158278288715
3.7333333333333334,3.831307436120131
0.8,0.8340908695707612
3.933333333333333,3.8320888864591596
2.85,2.8336360578003803
3.683333333333333,3.833199353810886
2.8833333333333333,2.8197862533745433
2.75,2.8291283431932466
3.8333333333333335,3.8261350633727966
2.6666666666666665,2.8337056098653197
1.6833333333333333,1.824595155258901
3.8666666666666667,3.8383750570429997
2.816666666666667,2.825323870118018
2.716666666666667,2.837272476377519
2.8666666666666667,2.8431275448043447
1.7166666666666666,1.810899177590876
1.9666666666666666,1.8409147627644435
3.8666666666666667,3.8334749472973937
0.6833333333333333,0.8540314092807622
2.683333333333333,2.840750680314821
1.7666666666666666,1.8342083133572686
3.7666666666666666,3.82694085058026
3.783333333333333,3.826567523526984
0.8666666666666667,0.8378354257617576
3.95,3.8354008538778332
1.7666666666666666,1.8291777116209973
2.7666666666666666,2.8328687694862924
1.8333333333333333,1.8343563836706975
0.75,0.8374924172664353
1.9833333333333334,1.8283550086455833
3.9,3.827811163725773
3.783333333333333,3.8249911420135096
3.75,3.8418647119275278
0.9833333333333333,0.8314632918397895
2.683333333333333,2.827237641850487
2.716666666666667,2.829250981264862
1.7666666666666666,1.816009380382087
1.75,1.8148862893935018
3.816666666666667,3.83212992838854
2.7333333333333334,2.833605816289195
3.0,2.8384221802319916
2.0,1.820369333178873
2.7666666666666666,2.837064459787566
2.9833333333333334,2.8296857715557953
2.95,2.8424937599163926
3.0,2.837060419342095
0.7833333333333333,0.8393511756747771
1.6666666666666667,1.8270372776478703
1.8666666666666667,1.8229119229632251
0.9833333333333333,0.8322140754185058
0.7,0.8299661750910973
1.7666666666666666,1.839112979875049
3.9,3.8359696055166825
0.7,0.8246538636085878
2.95,2.829967040201136
2.9166666666666665,2.8497585005272867
1.75,1.82564560734932
2.933333333333333,2.8388905501485526
2.7,2.8405487816372097
1.0,0.8387156370944067
2.9833333333333334,2.851136478368433
3.6666666666666665,3.826815514166887
1.9833333333333334,1.8421254648095757
2.9,2.828818014381706
0.7166666666666667,0.8247250796367231
0.9166666666666666,0.8385811422103813
1.9833333333333334,1.8394933384449816
0.7333333333333333,0.8323473320632376
1.8,1.8268373578777726
0.9666666666666667,0.8432420768877588
2.75,2.840576306445326
0.6833333333333333,0.8477253738776337
0.8666666666666667,0.8369332370943456
3.7,3.834881922222527
0.6833333333333333,0.8257719432066082
1.7,1.8141699224813927
3.8833333333333333,3.8368194034231253
3.9166666666666665,3.8233797245347443
3.7,3.8321925211521473
3.8333333333333335,3.836234098631311
0.95,0.831919540244191
0.9333333333333333,0.826086543700792
3.9833333333333334,3.8488993499240096
3.8333333333333335,3.835153714282736
1.8166666666666667,1.8298791059966866
0.95,0.8328691970468937
3.9833333333333334,3.8145639189748386
1.8333333333333333,1.825720091178409
3.6666666666666665,3.833250894846365
1.9166666666666667,1.8320437665956657
2.0,1.8285432729041622
0.9166666666666666,0.8306235984084178
2.7,2.8223906425092333
0.8,0.8301173442895418
2.8,2.833961327913587
0.7666666666666667,0.8335131729918239
3.716666666666667,3.824035179583614
0.6666666666666666,0.824542635315494
0.9666666666666667,0.8295242244159141
1.9333333333333333,1.8390520663367333
2.716666666666667,2.838840146395457
3.966666666666667,3.83260133838397
0.9333333333333333,0.8177534934522758
3.8333333333333335,3.836130403013936
2.9,2.8324116142869933
0.8833333333333333,0.838743680814691
0.8833333333333333,0.83176286896492
1.9333333333333333,1.8265596590414794
1.9666666666666666,1.8301486950228332
1.7666666666666666,1.83098395298253
1.75,1.8351841391477408
3.716666666666667,3.843846633696076
2.8666666666666667,2.8329736058518695
3.7,3.8363554683591676
0.8,0.8098677742685315
0.75,0.8355461491773756
1.6833333333333333,1.8316889673401189
1.7333333333333334,1.8324096071387779
2.8666666666666667,2.8444628999087986
1.7833333333333334,1.818586518894302
0.8,0.8281762453690034
3.8333333333333335,3.824013473617379
2.0,1.827527156076438
3.7,3.82551666103688
0.85,0.8250812204656053
3.966666666666667,3.827940692266878
4.0,3.8353332036019436
1.8666666666666667,1.817371564247412
3.966666666666667,3.836574466798167
1.85,1.841611105194226
3.816666666666667,3.8300596714383004
3.933333333333333,3.834937142086833
3.75,3.829547415127213
0.7166666666666667,0.8246946566652416
3.966666666666667,3.83686888488503
4.0,3.815150141370279
1.0,0.8350024051256191
2.933333333333333,2.8367394503485412
0.85,0.838668313145455
0.8,0.8309693896194161
0.8333333333333334,0.823227577022694
0.7833333333333333,0.8347051177651378
3.8833333333333333,3.838251377640895
0.85,0.824657902285086
0.9333333333333333,0.8387894848401952
0.7333333333333333,0.8363239496954487
0.7333333333333333,0.8264408314567498
1.95,1.8364645789747704
3.6666666666666665,3.826094946910575
1.8666666666666667,1.8268062718910483
3.933333333333333,3.817669703441073
3.716666666666667,3.851190778831117
0.7,0.8274314263970575
0.8333333333333334,0.8301963370690032
3.8833333333333333,3.819921420906084
2.85,2.8279414427799576
0.9166666666666666,0.8368888275080282
1.8,1.8122174942854818
1.8166666666666667,1.831401436720924
0.85,0.8298152190088035
4.0,3.850849502303169
3.9166666666666665,3.838464244029002
3.8,3.8308891691136266
3.95,3.8231160637105743
2.7666666666666666,2.8330906674364384
1.8,1.8270727438039673
0.7,0.8457303139816811
2.7666666666666666,2.836723401058701
3.85,3.823021005690639
0.75,0.843943247304832
2.8833333333333333,2.8538922024867985
1.8833333333333333,1.8299722494038801
0.8166666666666667,0.8356284958837291
2.683333333333333,2.834160306109357
2.9833333333333334,2.83652692885112
0.7833333333333333,0.8198591263376543
3.7666666666666666,3.843185556725856
0.8666666666666667,0.8331141789555729
3.6666666666666665,3.826970310944164
3.9,3.8353332036019436
2.9166666666666665,2.833013823156369
0.7666666666666667,0.8257064359729747
0.7333333333333333,0.830243424600576
1.95,1.8172676050368937
0.7,0.8414516013841975
1.7,1.8194335131842234
3.716666666666667,3.826760304285779
0.7833333333333333,0.8337507016376863
0.7833333333333333,0.8373698470226547
2.8666666666666667,2.833272247626829
3.8666666666666667,3.83650156576
1.9,1.8329466969418056
1.6833333333333333,1.8346478150589918
0.9833333333333333,0.8419038269811783
3.8833333333333333,3.828274187063294
1.9,1.8412008134546627
1.7833333333333334,1.8433974474915855
1.8,1.827454913230949
0.8666666666666667,0.8404089513561818
2.966666666666667,2.8366287296038566
2.7333333333333334,2.8362656521869125
3.816666666666667,3.838010704408518
1.7166666666666666,1.8206870000842499
0.7833333333333333,0.8346108855275152
2.85,2.8531423449281994
1.8833333333333333,1.825633802174924
3.9,3.835364334185899
0.7333333333333333,0.8407754145464982
2.8333333333333335,2.8341273255807704
2.9833333333333334,2.8333106129737136
3.8333333333333335,3.8466080413470833
2.95,2.8359356700272556
3.933333333333333,3.830401297575238
1.7,1.819100473056447
1.9,1.8326772604399029
3.85,3.8293178953055915
2.75,2.8319717393793553
0.6666666666666666,0.8351623371968422
1.6833333333333333,1.8030380338808945
3.95,3.833461831496609
3.8,3.8203637848581695
2.9,2.8485542147639364
1.85,1.8298962819498927
1.7,1.8259615620729088
0.9833333333333333,0.8340558488052339
3.9,3.829671041215355
1.85,1.8353513023042507
1.7333333333333334,1.8408692913152824
1.8333333333333333,1.8318670327888134
1.95,1.823770596913362
1.9,1.8285610450703609
0.9166666666666666,0.8510521093866693
2.9833333333333334,2.83299296347695
2.933333333333333,2.841627026979213
2.6666666666666665,2.8264996475689212
3.9833333333333334,3.8186197261880412
0.9833333333333333,0.8277067934287525
2.683333333333333,2.8368355842817423
3.8333333333333335,3.8388578906568323
3.8666666666666667,3.82258474114707
1.8,1.8285158281705431
2.8666666666666667,2.8447196707957927
0.75,0.8406003273483204
3.6666666666666665,3.8310550680643667
3.75,3.8362894059704087
0.9,0.8393100744972013
2.966666666666667,2.8246129605325194
3.966666666666667,3.824363413450762
1.8333333333333333,1.8403314680808736
3.9166666666666665,3.833534870093725
2.95,2.839840768322003
1.7833333333333334,1.8323235613336413
1.7,1.8299788845380545
0.9666666666666667,0.8309535074174392
0.7666666666666667,0.8280842527591755
3.966666666666667,3.83358291544449
0.7333333333333333,0.8244523110290578
0.7,0.8369646878258672
3.6666666666666665,3.8366122861330982
2.8666666666666667,2.8446754941699766
0.7333333333333333,0.8361942873324612
3.95,3.8372413021212997
0.95,0.833745475032845
2.9,2.836916785525018
3.6666666666666665,3.825951876521017
1.7,1.832993064324316
3.8833333333333333,3.837249537209966
1.8166666666666667,1.831518403957888
3.7666666666666666,3.8303991995162887
3.816666666666667,3.8513191361186285
2.9,2.825903293900837
2.9,2.839224935511954
2.85,2.843169547486255
0.8,0.8368265308061964
2.783333333333333,2.8263571388802338
0.6666666666666666,0.8214390585220653
0.9166666666666666,0.8374899244029786
2.9833333333333334,2.8288436523120306
3.8,3.8362431743040566
0.8333333333333334,0.8213989958026399
0.7166666666666667,0.8346774548781543
1.7666666666666666,1.8387492113936235
1.9333333333333333,1.838094330313237
0.9333333333333333,0.8186570005897269
2.933333333333333,2.8218317399584105
1.8833333333333333,1.83925911603315
3.816666666666667,3.8408582174922596
4.0,3.8406044762994593
0.8666666666666667,0.8216118419675564
2.7333333333333334,2.840995281273065
0.7166666666666667,0.8362125958330172
0.7666666666666667,0.8371725560760794
1.7666666666666666,1.83892420307415
2.933333333333333,2.844235209199994
3.9166666666666665,3.8438930281794574
2.0,1.8317087645550552
0.8166666666666667,0.8402270808826341
1.7666666666666666,1.840961731646409
0.6666666666666666,0.8342096451980556
0.7333333333333333,0.8260601378723742
0.8833333333333333,0.852148869119191
2.6666666666666665,2.8269779142247686
1.9333333333333333,1.8192010003726358
3.7,3.848782307026226
3.6666666666666665,3.827527563474589
0.6833333333333333,0.8341696669288412
1.8833333333333333,1.8316577099726197
3.75,3.8330517915185975
3.966666666666667,3.8244306881768972
2.7,2.836854210667003
2.8333333333333335,2.860779435590025
3.933333333333333,3.8225837992837253
2.8833333333333333,2.8259588877275355
1.75,1.8273194293766217
1.7666666666666666,1.830199649108881
1.75,1.8389238389673976
0.8833333333333333,0.8221913300229307
1.0,0.835373608092162
3.8333333333333335,3.8308581793233145
1.9,1.8334930422229305
2.6666666666666665,2.825109205333645
3.783333333333333,3.828879024406844
0.7666666666666667,0.820901241101071
1.6666666666666667,1.8288313964945022
3.9833333333333334,3.8279442938055945
3.716666666666667,3.831889024890162
3.7666666666666666,3.8299133557175598
0.8833333333333333,0.8443202246815694
0.7666666666666667,0.8257342309933519
0.8166666666666667,0.8273736354737712
1.7333333333333334,1.8312804999043553
1.7333333333333334,1.8284011886313394
1.8833333333333333,1.8110171815376086
1.9333333333333333,1.8360653276919563
3.8,3.83491467607951
3.7333333333333334,3.8228867106865603
0.9833333333333333,0.8337601361419023
1.75,1.8234517533153778
3.7666666666666666,3.829840051225831
1.6666666666666667,1.8369519691589713
2.8,2.8375343692623334
2.85,2.8305884138470576
1.7333333333333334,1.84219742508316
2.816666666666667,2.819722748182311
1.8833333333333333,1.838095986580691
0.9666666666666667,0.8325001625224598
3.8833333333333333,3.841020028725991
0.8166666666666667,0.8373519202073144
2.7333333333333334,2.820370085782358
0.85,0.8354215257797526
0.8166666666666667,0.8392289556144727
1.7333333333333334,1.8329496290663485
3.8333333333333335,3.8313794494542033
2.8666666666666667,2.835749980842786
2.75,2.838020486149645
0.95,0.8334090145092112
1.85,1.832677916749221
3.7333333333333334,3.8300926101487978
3.6666666666666665,3.8445409478356454
0.7333333333333333,0.838833794172574
1.8166666666666667,1.8407377016281277
2.933333333333333,2.8376018274209223
0.9833333333333333,0.8294188274397013
2.816666666666667,2.838345841705296
2.9833333333333334,2.8450094508689947
0.9833333333333333,0.8471773094728452
3.9166666666666665,3.8269471803962434
2.933333333333333,2.835203029032345
2.8333333333333335,2.8209403032389972
2.8333333333333335,2.839812403604319
3.8666666666666667,3.841674177128448
1.8666666666666667,1.8298037658216177
3.7666666666666666,3.827416101989195
0.9666666666666667,0.8260168999461128
2.6666666666666665,2.83025252077199
3.683333333333333,3.830989519566628
1.75,1.8313500544291808
0.6666666666666666,0.8115532004101462
1.9333333333333333,1.8292528407673858
0.7333333333333333,0.8281866755629094
3.8,3.8345372304508967
3.9,3.8273625548490395
4.0,3.8368668258240475
3.6666666666666665,3.833316396717073
0.6666666666666666,0.8343483428792713
2.966666666666667,2.830980708796125
0.7,0.8306701786553385
2.9,2.8301691483051075
0.8333333333333334,0.831843991465171
1.6666666666666667,1.8481802581176003
1.75,1.835042744510177
1.85,1.8308883674243637
2.8833333333333333,2.8410779028959827
2.7,2.8226934447613536
3.966666666666667,3.854135283112052
0.8833333333333333,0.8299661750910973
1.75,1.8421089321562745
3.85,3.835158172894557
3.7333333333333334,3.830062148496054
2.7,2.8396412364447574
1.7833333333333334,1.824837970731472
3.85,3.830753277258313
1.9833333333333334,1.818718774168799
1.8,1.8320429821051152
2.8,2.8352320450531363
1.7333333333333334,1.8307938857251094
1.8666666666666667,1.8280023271754027
3.933333333333333,3.8291272563012932
1.9,1.8394689852859267
2.9166666666666665,2.8368791612954807
1.8166666666666667,1.8367976794481782
2.8833333333333333,2.8244690804431194
0.9,0.8294230680447001
2.9,2.8447397614741265
3.8833333333333333,3.826567523526984
3.716666666666667,3.837231781192114
2.966666666666667,2.8309197293553545
2.9,2.8470767113458715
2.8833333333333333,2.8419508001615013
2.9833333333333334,2.824487535961529
3.8333333333333335,3.8190018812269155
3.9,3.8316095561078716
1.6833333333333333,1.8313750608882708
1.9333333333333333,1.8320592488331715
2.0,1.8283550086455833
0.7333333333333333,0.8390688574641194
1.7666666666666666,1.8276691569824266
2.7666666666666666,2.8157696200312206
3.683333333333333,3.819931458154373
3.6666666666666665,3.823405763624036
2.683333333333333,2.8469791382706178
3.933333333333333,3.831733863360289
2.8333333333333335,2.8427639717076674
0.95,0.8507131809812992
0.8666666666666667,0.8448648877439295
1.7166666666666666,1.823256516266028
3.7333333333333334,3.821550473464947
1.75,1.8367354621493226
2.7,2.8136924548741713
3.6666666666666665,3.831143374689278
1.6833333333333333,1.8145006897080151
2.7,2.8360446338731657
0.8,0.8282919338294664
2.8833333333333333,2.8337782766947646
1.0,0.8345324340865339
1.85,1.8336571312718317
3.933333333333333,3.8420972345903186
0.9166666666666666,0.8420444223864304
1.7833333333333334,1.831190231197683
2.9166666666666665,2.8358934069153316
2.95,2.83890769927111
1.95,1.8356603790176127
2.8833333333333333,2.852580705339891
0.8833333333333333,0.8350758852197864
0.9833333333333333,0.8370763943374584
3.8333333333333335,3.8317802611719234
3.7333333333333334,3.8259843392197412
2.95,2.837476155631549
3.933333333333333,3.820666286126295
2.966666666666667,2.827726709165615
1.9,1.821456770123783
1.9166666666666667,1.8250981437705789
2.85,2.8344465261049057
1.8333333333333333,1.843185518981255
3.933333333333333,3.844578449643487
0.9833333333333333,0.836705666468421
2.75,2.827719879449903
3.683333333333333,3.8209055403656884
3.95,3.8339573248618466
3.6666666666666665,3.8429651184667364
1.8333333333333333,1.8305805337977554
1.0,0.8384679616115766
1.7166666666666666,1.8197806242074603
1.7,1.8344908944416836
0.8,0.8325926045037052
1.85,1.833150750248194
0.7166666666666667,0.827326583708144
0.9833333333333333,0.8326756394073942
3.6666666666666665,3.828879024406844
0.8333333333333334,0.8340913482914892
3.816666666666667,3.8422988199012975
1.9,1.839653649769308
1.9333333333333333,1.8326072713145083
3.85,3.8384030228408585
0.9833333333333333,0.8402160777448021
2.7,2.8311699781605864
3.95,3.8245218635434144
0.7333333333333333,0.8389401249348218
3.8666666666666667,3.82097288183766
3.7666666666666666,3.8353334209257977
3.75,3.8238422019666927
3.8666666666666667,3.8201768376241163
0.8333333333333334,0.8320810172127987
1.6666666666666667,1.8326780051379825
0.9333333333333333,0.845613337457711
1.8333333333333333,1.8331197154502408
3.7,3.84332770587663
0.9833333333333333,0.8451829035220288
1.7333333333333334,1.8216740308185055
1.7,1.8327985863736895
3.95,3.8471157353113887
1.85,1.8452027897077117
0.6833333333333333,0.8220938944134596
3.8666666666666667,3.825184664341346
3.9,3.821083292854794
3.716666666666667,3.8310717180407203
2.7666666666666666,2.8345628037331165
2.6666666666666665,2.8379521588407335
2.9166666666666665,2.82813881006535
3.783333333333333,3.8412793545810024
2.8333333333333335,2.83491002091824
1.6666666666666667,1.8278046167208708
2.966666666666667,2.8455102545039797
3.8666666666666667,3.8289969390053953
3.7,3.8273545528826047
0.9,0.8346830728096114
3.966666666666667,3.82942623947855
3.7666666666666666,3.8364584866486457
1.9166666666666667,1.8262842861897435
1.9333333333333333,1.8281098139555416
1.7666666666666666,1.8312043309556552
0.7,0.8371725560760794
3.966666666666667,3.8304465704278243
2.8666666666666667,2.8397998664456967
2.783333333333333,2.8421354360362203
3.75,3.8405129776500724
1.8166666666666667,1.83630609159793
1.8166666666666667,1.82295572881383
1.6833333333333333,1.8309403754814522
0.9,0.821444035461676
1.95,1.8315211369705062
0.9166666666666666,0.8265058983883279
1.8833333333333333,1.8273006193927241
3.7666666666666666,3.831802382722985
0.8166666666666667,0.8271315661820806
0.9833333333333333,0.8319597531731016
3.8,3.8165528782750853
2.7666666666666666,2.8528303477879295
2.966666666666667,2.8218317399584105
0.7166666666666667,0.8218744115168305
0.7333333333333333,0.8523660010786912
0.8666666666666667,0.8357684861243173
1.8833333333333333,1.8321986262793721
0.7666666666666667,0.8268731598736015
0.7166666666666667,0.8315710456358686
2.716666666666667,2.837066705260117
2.7,2.842219735009465
3.933333333333333,3.8277333802290525
3.95,3.8368648591554977
2.7,2.8284397676116955
2.7,2.8397962746218623
2.816666666666667,2.8466172290335323
1.6666666666666667,1.8195480627834417
3.0,2.8418278006378466
3.9833333333333334,3.8365458691578813
3.816666666666667,3.8366776261178326
2.816666666666667,2.8400590743064615
0.95,0.8305824478868647
3.7666666666666666,3.825206742929609
3.8833333333333333,3.82258474114707
2.7,2.8347230508042447
3.716666666666667,3.846868342368875
3.8333333333333335,3.8429580607382805
3.85,3.831360315163179
0.9666666666666667,0.8392766297519835
0.7333333333333333,0.8342199575241864
3.9,3.836005677857766
3.783333333333333,3.8220667581781202
1.8666666666666667,1.844376738629342
2.8333333333333335,2.8336434819780707
0.8833333333333333,0.8442278848559498
2.716666666666667,2.8236340707243874
1.7166666666666666,1.837094191092549
2.716666666666667,2.835344452107472
2.7666666666666666,2.8013032874752746
3.783333333333333,3.8353492508255687
3.716666666666667,3.832005244700081
3.9166666666666665,3.83751697259977
2.85,2.8359532897951514
0.9166666666666666,0.8394686964577356
3.9833333333333334,3.837826385943041
0.6833333333333333,0.8303550186771947
2.8333333333333335,2.83245107765966
3.816666666666667,3.820450916988704
2.7,2.8339238200710715
0.7166666666666667,0.8319578278914088
0.7833333333333333,0.8443964999820948
1.6833333333333333,1.8399567656743923
3.8,3.8282223008810106
3.7666666666666666,3.831595325167497
3.85,3.8210468184614244
2.933333333333333,2.8141014293767124
1.6666666666666667,1.8214597768998113
1.7833333333333334,1.8265064072515886
3.966666666666667,3.851323650905195
0.7166666666666667,0.8336075434549655
1.8833333333333333,1.8368483734838055
3.816666666666667,3.837274952231672
2.9833333333333334,2.8573077214166474
2.8333333333333335,2.832996443224788
2.7,2.8319116405521796
0.7,0.8304144836848821
1.9833333333333334,1.8436565557562203
0.8,0.8302454912614465
0.7333333333333333,0.8336039905410759
1.7,1.8268793346451826
1.9666666666666666,1.8353445267982789
2.6666666666666665,2.834536998438444
2.7,2.8335656587012865
3.8333333333333335,3.8431656141510517
1.9166666666666667,1.8419279488845652
2.716666666666667,2.8388056342963317
0.8833333333333333,0.836242083514231
3.7,3.8343487955415156
2.7666666666666666,2.8421100536545483
0.9,0.8351858148849526
1.75,1.836696910763159
2.783333333333333,2.8492147131316665
1.9833333333333334,1.842805229414123
2.8833333333333333,2.8444244148882887
2.816666666666667,2.8462638078417974
2.8,2.828846789115514
1.9333333333333333,1.8328291713984166
2.9,2.833037969871458
0.7,0.8210850869484864
1.8166666666666667,1.8243183103371334
2.0,1.8418015456525205
1.75,1.8374405789069066
1.6833333333333333,1.8443709749965647
1.95,1.8316131400485332
3.95,3.834399589931723
1.6666666666666667,1.8320137074287997
1.8666666666666667,1.8214415118557197
4.0,3.8390960886277656
0.8333333333333334,0.8471306438315938
0.7833333333333333,0.8435123050252135
0.75,0.8274446085702414
3.8833333333333333,3.838147639065764
3.8333333333333335,3.823633932404345
2.8,2.839142160496471
1.8666666666666667,1.8165582050841598
2.85,2.8339699163853913
0.95,0.8208069038417812
1.8166666666666667,1.8251450149866772
1.6833333333333333,1.8384680777400757
1.85,1.8450943848432433
1.85,1.831902344213594
1.7833333333333334,1.8450943848432433
0.8833333333333333,0.8288002353773298
0.95,0.8423849574977844
0.9666666666666667,0.8270206720831043
1.0,0.8314153216064436
2.7333333333333334,2.8351959400096938
2.9,2.8462638078417974
3.8666666666666667,3.8317738213166344
2.966666666666667,2.833232250327919
0.95,0.8287833257072695
2.8,2.827397554547227
2.95,2.8300382922253404
3.966666666666667,3.8286453328790793
0.6666666666666666,0.8341449094793459
2.966666666666667,2.830335186608321
1.8666666666666667,1.8106448590157758
0.9166666666666666,0.8231694566758938
3.95,3.8235779422992953
2.7666666666666666,2.835723953300299
0.7333333333333333,0.8379828458837699
2.816666666666667,2.832372407603531
0.6666666666666666,0.8294912093233268
0.6666666666666666,0.8287030299517321
0.6833333333333333,0.8458076991170614
2.966666666666667,2.839919180691549
3.0,2.8301495104030834
2.95,2.840242170652224
1.8166666666666667,1.8441125109462728
0.9166666666666666,0.8368834357108167
0.8,0.827224385593935
4.0,3.8272869335950817
0.9333333333333333,0.848021139502361
2.716666666666667,2.8197810934719687
4.0,3.8220993261814638
3.8333333333333335,3.8213273040387343
1.7666666666666666,1.8391164937966424
0.7166666666666667,0.8243397162550973
1.75,1.8243791779219378
0.95,0.8342333778804927
0.75,0.8370034689359622
2.8,2.8312603330112758
3.683333333333333,3.8156751013480035
3.95,3.8314177077802456
3.8333333333333335,3.837253561318032
1.9666666666666666,1.8246828873181378
1.7833333333333334,1.8393068430655626
0.7333333333333333,0.8312256359766975
1.8166666666666667,1.833233987187831
3.7,3.831462813360345
3.933333333333333,3.829451123555635
3.8333333333333335,3.8207591191078425
3.0,2.838466502993596
2.683333333333333,2.8408525890155443
0.8666666666666667,0.8370717313793185
2.933333333333333,2.8167815409792714
1.7166666666666666,1.825713175380384
3.966666666666667,3.8309015904404577
1.8666666666666667,1.831204897988813
2.9833333333333334,2.8350757621958222
1.8,1.8293340724993479
3.9166666666666665,3.8384133577391153
2.75,2.8182925986242453
1.9833333333333334,1.8046676050936683
2.8333333333333335,2.814769876195127
2.7,2.8440727640520835
1.8833333333333333,1.8470536449429185
3.85,3.8397218852417723
1.0,0.833188884430523
0.8,0.8247689094993352
1.8666666666666667,1.8423782706663483
2.716666666666667,2.8376018274209223
0.8666666666666667,0.8197271943043485
1.85,1.8442273340164599
2.8,2.8349978215414753
2.8333333333333335,2.8278212668524714
0.6666666666666666,0.8400512878919593
3.816666666666667,3.825678370486346
1.7666666666666666,1.8195480627834417
2.8666666666666667,2.837646786708471
3.95,3.828172309071902
1.9,1.8388659281344097
0.75,0.843044732779181
1.6666666666666667,1.8320116390410635
2.683333333333333,2.8349786744866
0.8333333333333334,0.8371118482259279
3.8,3.8428463792918603
3.95,3.8345627507877316
3.9833333333333334,3.836656918266603
0.8333333333333334,0.8241385864313002
3.933333333333333,3.8321709178921783
2.8333333333333335,2.8231458139320775
1.7333333333333334,1.838730088496536
1.9,1.8260786827141637
3.95,3.828908196201169
1.9833333333333334,1.8360560796251328
0.7833333333333333,0.8267015451448636
1.95,1.8402957156154571
3.716666666666667,3.824150687912304
3.85,3.8167169909837413
1.7833333333333334,1.8178180112958389
0.7666666666666667,0.8337119820561003
3.75,3.8332241437595713
2.9,2.8387697589706
0.7166666666666667,0.8357936567512784
2.966666666666667,2.8312439073631714
0.75,0.8329440443125908
3.683333333333333,3.8159374794884258
1.0,0.8312811179330395
2.75,2.848019939097248
0.7166666666666667,0.8361335569450924
0.9166666666666666,0.8500167075748243
0.8,0.8245967052743047
0.85,0.8332457974411858
0.6666666666666666,0.842674620697328
3.716666666666667,3.8507463724336266
2.933333333333333,2.831609159116328
3.966666666666667,3.836525458366992
3.783333333333333,3.831366514728471
0.6666666666666666,0.8359452346800176
0.8166666666666667,0.841781790020956
2.75,2.8327011891823073
0.6666666666666666,0.8227337113418437
0.9166666666666666,0.8456055856622126
1.85,1.8398032547345406
2.8666666666666667,2.8339555246730805
1.7666666666666666,1.8370976505275323
0.85,0.8423301207561316
2.783333333333333,2.8342229087187873
0.8833333333333333,0.8365779361599291
1.6833333333333333,1.8362439518122242
2.783333333333333,2.8516449436345614
3.8,3.8430103251077448
1.7166666666666666,1.8217000736301656
2.7,2.8449660843516518
1.75,1.8313361235243457
1.8666666666666667,1.8277423636630752
2.85,2.8299955201038944
3.6666666666666665,3.840448655540626
0.8,0.8310720242086991
1.9833333333333334,1.825870783464868
3.8,3.8548449824187854
1.7166666666666666,1.8224699777904387
2.75,2.8332113304460576
3.9833333333333334,3.829124869095123
0.7166666666666667,0.8434422862058668
2.683333333333333,2.8367568623392923
3.966666666666667,3.8416309084455356
2.966666666666667,2.8381145828002383
0.7666666666666667,0.8295242244159141
2.966666666666667,2.8198030919250403
0.8666666666666667,0.8246342370515652
3.85,3.831988351398224
2.8,2.836244598559596
1.8666666666666667,1.8295389714937793
0.8,0.8363982353057348
3.683333333333333,3.825447850942821
0.9166666666666666,0.8307536030163492
1.8833333333333333,1.8264281207503779
2.783333333333333,2.8253302195276957
2.6666666666666665,2.839682205943806
1.0,0.8310351539941325
0.7,0.8500426022961902
0.85,0.8255529181324823
2.933333333333333,2.8322904845266264
2.85,2.8317771663897826
1.9833333333333334,1.8310971485004766
0.9166666666666666,0.8321098759186384
0.6833333333333333,0.8361086004147376
2.9,2.8462470502972974
3.9833333333333334,3.8398822599809916
1.85,1.8401498747169192
2.9,2.8405165496194287
3.6666666666666665,3.817551355766293
2.8,2.83535563467847
2.683333333333333,2.8135326805437457
2.95,2.829728864925383
2.783333333333333,2.845963908820724
2.966666666666667,2.8437020149419623
2.683333333333333,2.828943944201887
0.95,0.8305874232972192
3.683333333333333,3.8258102261035005
0.7333333333333333,0.8233878973893191
1.0,0.8340329014365078
0.6666666666666666,0.8237803481949922
0.9666666666666667,0.8436362403705605
0.75,0.8409604870577831
0.8833333333333333,0.8230277565341911
0.7,0.8386098029144736
1.8,1.8263358728572614
1.6666666666666667,1.8298791059966866
2.8,2.8398652634685386
3.933333333333333,3.8139312315421923
3.816666666666667,3.8220183091197266
1.8,1.8303211816320164
2.75,2.8311051897810686
2.8666666666666667,2.8321387971471217
4.0,3.8357080640674983
0.8833333333333333,0.8320414222352852
3.683333333333333,3.8384099910986786
0.9166666666666666,0.8511673541135885
3.8666666666666667,3.8300596714383004
0.8,0.8302606187571981
1.9333333333333333,1.836643622657727
0.75,0.8240415702313787
0.9,0.8358980497023686
2.816666666666667,2.8522911590739524
3.9833333333333334,3.8352608229851226
2.6666666666666665,2.8307454530783036
1.7666666666666666,1.822099458891793
2.85,2.831093086274924
1.9,1.8414489900804176
3.933333333333333,3.8340626966002738
1.95,1.8332264617194556
3.9,3.8484471669075835
3.7333333333333334,3.830509450894926
1.8833333333333333,1.8366791289176336
1.85,1.8300156931628626
1.7,1.8303072860360623
1.9833333333333334,1.8406856558621172
0.9833333333333333,0.8297857525265009
1.8,1.8193673418900638
3.816666666666667,3.8351841367082242
3.75,3.8284903548709788
2.966666666666667,2.839142846072527
1.7166666666666666,1.825834545503687
1.85,1.8220870759002386
1.9333333333333333,1.825416974838992
0.6666666666666666,0.8252011646233137
1.6833333333333333,1.8410077967474583
3.7666666666666666,3.832809568884292
3.7,3.8289005004392607
3.75,3.8343219695752295
3.0,2.8350462299272383
0.9333333333333333,0.830735043741819
1.85,1.834364549564183
0.7,0.8347086204753994
3.683333333333333,3.8521366282175804
1.8,1.8253696317160992
2.85,2.839766478342964
3.9,3.831562844839603
1.8333333333333333,1.8425488942710013
1.9,1.831644706551144
2.683333333333333,2.82975111851094
0.75,0.8344567948252838
1.7333333333333334,1.8198420231016235
0.7666666666666667,0.8231007548890362
1.8333333333333333,1.8166548327331646
1.75,1.8292294342197528
1.7666666666666666,1.835998371255033
0.95,0.8387335739122793
2.783333333333333,2.83345549373152
0.95,0.8407820099176873
3.75,3.8336378003085447
1.9166666666666667,1.8313561500368538
0.8166666666666667,0.8377122095859025
1.8333333333333333,1.8184098391647077
1.9833333333333334,1.8223771119237089
3.75,3.82960327341051
3.9,3.8308477726858614
2.6666666666666665,2.8406497145416534
1.7333333333333334,1.8214889396482667
2.7333333333333334,2.8358481865589904
2.7666666666666666,2.8411084157960333
3.95,3.84678471052754
3.85,3.8489477706656787
2.7666666666666666,2.8362541798019123
1.9333333333333333,1.8278438796817966
0.95,0.8239674098754642
3.783333333333333,3.8385201243524376
2.9,2.835029871513184
2.9166666666666665,2.8362499002211843
1.8,1.8129557373119516
0.7666666666666667,0.8392575705480726
1.9666666666666666,1.8251651840114136
2.7666666666666666,2.8380448083711958
1.8166666666666667,1.822774277897318
2.8666666666666667,2.831824600422121
3.8,3.834318654974725
0.95,0.8376804795148202
2.7666666666666666,2.8312439073631714
3.75,3.8337137351052366
1.8666666666666667,1.8264557210610528
1.9666666666666666,1.831266843814185
2.8,2.8375750414020775
2.933333333333333,2.8443861599573914
3.716666666666667,3.83302567694992
2.9,2.838826166897876
1.95,1.8290434922242726
3.783333333333333,3.8412632948278915
2.7,2.8376890019047067
2.8,2.8308169040369897
0.9666666666666667,0.8368754423427024
1.8,1.8207102410116727
2.683333333333333,2.844039628273584
2.9166666666666665,2.8419069956515006
2.6666666666666665,2.838474597305742
0.7333333333333333,0.8440125650289323
3.75,3.823627185829518
2.6666666666666665,2.835287215123072
1.9833333333333334,1.8210161279715822
3.716666666666667,3.834124894573856
2.783333333333333,2.839326065602259
3.8666666666666667,3.836572314682682
3.9,3.8279932202080302
0.8666666666666667,0.8390829502976657
0.7333333333333333,0.8377098867313196
1.7166666666666666,1.8421089321562745
3.9,3.831004648721505
1.6666666666666667,1.8338851202571522
0.8,0.8323068299153167
2.8,2.847525115794541
1.7,1.8339117887881036
0.7833333333333333,0.8214390585220653
0.7833333333333333,0.8374924172664353
3.783333333333333,3.8296432975472032
0.6666666666666666,0.8243038407368677
0.8833333333333333,0.8209579297042906
2.8666666666666667,2.844186990889435
1.7166666666666666,1.8450281120421002
3.7333333333333334,3.8316877198376784
3.933333333333333,3.828412982552919
3.85,3.8435222906299966
3.716666666666667,3.8309769535720966
2.933333333333333,2.8398925661432917
2.8666666666666667,2.825965972089961
0.7,0.8387282151776357
0.7666666666666667,0.8461845333614251
0.8666666666666667,0.8211668224357384
2.933333333333333,2.837436111233566
1.6666666666666667,1.8384486164808191
0.8833333333333333,0.8305748462431126
2.75,2.8310888214358716
2.95,2.8253115415662404
1.6833333333333333,1.8252526214011633
2.816666666666667,2.8441617795795624
0.8,0.8392464842126346
0.8333333333333334,0.8540265208552009
2.966666666666667,2.830757231051872
1.9,1.825669209775027
0.9666666666666667,0.8402749516980497
1.0,0.8292742154967304
1.7833333333333334,1.83163782857091
3.9,3.830096986054124
2.7333333333333334,2.833751288192963
1.7,1.8482926242596087
1.7833333333333334,1.8164562424443182
0.8333333333333334,0.8374661967551608
2.85,2.845232213071207
2.8833333333333333,2.830735438644964
1.0,0.8269342208261388
1.7833333333333334,1.8315309200272087
3.783333333333333,3.8420596003172305
2.8833333333333333,2.8160264365499694
4.0,3.8361301714353386
0.85,0.8287302211721577
1.7666666666666666,1.828891440515204
3.783333333333333,3.832940698381808
4.0,3.8241397137553905
3.966666666666667,3.8302488834392556
0.9833333333333333,0.8350944519842518
3.933333333333333,3.835440027070756
2.7333333333333334,2.8251580097720854
3.85,3.823633932404345
3.7666666666666666,3.823276034009368
1.9333333333333333,1.8326381082293661
1.75,1.8266495659458994
1.7666666666666666,1.8405305739941724
1.8166666666666667,1.8227827433534933
1.7,1.8347028183564655
3.95,3.8350104284544737
1.7833333333333334,1.8128946545752904
3.8666666666666667,3.8301690669139923
2.7333333333333334,2.828863950128113
1.8833333333333333,1.8320352578840826
3.8333333333333335,3.8214068117171376
2.683333333333333,2.8281571470654594
3.8,3.8297007156112217
3.8,3.8443794644076066
3.816666666666667,3.8414079389358404
3.716666666666667,3.8331619905974077
3.8833333333333333,3.8302390963962507
0.75,0.8309618268855344
3.683333333333333,3.8339057096576488
1.9833333333333334,1.835925581890062
0.85,0.8385059862993459
2.6666666666666665,2.8395913601948632
0.8833333333333333,0.8325398019015641
0.7666666666666667,0.8413595892036758
2.8333333333333335,2.830984104449088
2.75,2.8245768073066317
2.8333333333333335,2.839611467267312
1.6833333333333333,1.831094727322478
3.8,3.8288813066096092
3.95,3.834798166241835
0.9166666666666666,0.8255010400431408
3.8,3.8338083753868855
3.9833333333333334,3.8385201243524376
2.0,1.8260861413965785
2.966666666666667,2.8289103892843843
1.8166666666666667,1.8174333272533585
2.75,2.8346102086516756
2.8333333333333335,2.8298256145074645
3.9,3.8372172037586982
2.9833333333333334,2.8387669685856576
3.0,2.7990225421117354
0.9166666666666666,0.8302744365244579
1.7,1.838095986580691
0.9166666666666666,0.8357851364922582
1.7166666666666666,1.8318852007833017
2.0,1.8378026985797502
1.9166666666666667,1.816071631231796
2.9833333333333334,2.8280003425328744
3.8,3.827385520314406
4.0,3.829671041215355
2.6666666666666665,2.832145478631142
2.9,2.830331698032947
3.7666666666666666,3.825738343864621
1.9333333333333333,1.8343626769893246
2.9,2.8457441017050824
0.8166666666666667,0.8266352325347409
1.8666666666666667,1.8383011630254444
2.7,2.8404663061472957
1.85,1.820919839366417
1.9,1.8285040099772594
3.6666666666666665,3.8271244553209116
1.7333333333333334,1.8297034318483705
2.7,2.8374783795792586
1.7,1.823256516266028
2.9833333333333334,2.83482454208042
0.9166666666666666,0.8464720683136313
2.9833333333333334,2.842783013315259
3.9833333333333334,3.8345077338725253
0.9666666666666667,0.8443628825236464
0.9666666666666667,0.8262461735381633
1.9666666666666666,1.813615609594875
1.8,1.826948072990656
3.8833333333333333,3.8229504911399976
2.8,2.8356133917742654
3.933333333333333,3.8382515271943185
1.0,0.8357062174242845
3.0,2.8460301311721863
2.9,2.836876859443768
0.8333333333333334,0.841781790020956
3.816666666666667,3.8354608987608163
3.6666666666666665,3.819921420906084
0.6666666666666666,0.8395878444707084
3.0,2.837833572997046
1.8166666666666667,1.8268118282405588
1.8166666666666667,1.826622377939453
2.85,2.8336434819780707
0.6666666666666666,0.8264062226196812
3.85,3.8273395975902944
1.85,1.824193192546868
4.0,3.829266891302786
1.8833333333333333,1.8156367825775572
3.966666666666667,3.826227788521747
0.6833333333333333,0.8299666787556188
3.9,3.8296279435887413
2.933333333333333,2.834215380068993
2.95,2.8167053722804
1.7833333333333334,1.8356836648976549
4.0,3.8494225308781687
0.9666666666666667,0.8291485018882833
2.783333333333333,2.831093086274924
1.7333333333333334,1.8428787454292068
1.8666666666666667,1.8374325887229006
1.8666666666666667,1.840247043056943
1.95,1.8377885087650623
1.95,1.8431934527750258
2.966666666666667,2.8384007951981234
2.683333333333333,2.815018921215058
3.966666666666667,3.8159374794884258
1.9666666666666666,1.8311854979306972
2.7,2.838901712063277
0.8166666666666667,0.8332854174110296
2.85,2.8360446338731657
1.9333333333333333,1.8307710184933847
1.6666666666666667,1.82613678179709
3.816666666666667,3.826839275164495
1.9166666666666667,1.8314496308642956
1.9,1.8369331613935005
1.7333333333333334,1.8467035458042524
3.95,3.831929102637958
2.95,2.838331082239938
0.9,0.8196989799827524
3.9,3.83600662769774
1.7333333333333334,1.8302572573177311
2.0,1.8425977645592044
2.85,2.8368074534625483
0.7833333333333333,0.8462719218503818
3.816666666666667,3.8465360418692893
1.7833333333333334,1.8398414124206708
2.7666666666666666,2.8291543582150416
1.9,1.8142950150342865
1.9166666666666667,1.8343719551593025
1.0,0.8388100148972817
1.9833333333333334,1.8281230011151433
2.9166666666666665,2.8268227421191887
3.9166666666666665,3.8303859489526126
0.6833333333333333,0.827657588350501
2.8666666666666667,2.8383558786942946
2.716666666666667,2.832177172870445
3.683333333333333,3.838838085682068
2.7,2.831998997384121
2.9833333333333334,2.842468029035093
3.783333333333333,3.8293431800157065
1.95,1.8344277704299659
0.8166666666666667,0.8303616455528899
2.6666666666666665,2.841803542154583
0.7666666666666667,0.846434875795961
2.85,2.8493906605167236
2.933333333333333,2.8419389130946717
2.7333333333333334,2.84857359955255
2.7666666666666666,2.84116545700475
1.7166666666666666,1.8397978163404554
2.966666666666667,2.8571982595927756
0.95,0.8205365505171218
0.9,0.8481158992964629
1.9666666666666666,1.837990210379863
3.95,3.826151518340114
3.9833333333333334,3.8419677521163034
3.933333333333333,3.8308538270627626
0.9833333333333333,0.8319874509771574
1.7333333333333334,1.8369581389876257
1.7166666666666666,1.837902960589324
1.7666666666666666,1.8303501799001112
2.783333333333333,2.8306325572269366
2.816666666666667,2.849365292841176
3.783333333333333,3.8263287091226044
1.6833333333333333,1.8391048898992142
0.9666666666666667,0.8293502355812568
0.8833333333333333,0.8268529871591405
3.75,3.8288847128878865
3.8,3.815150141370279
2.933333333333333,2.829879973220834
2.7333333333333334,2.845589637630056
3.7666666666666666,3.8451406770752556
3.783333333333333,3.833594287174071
3.8833333333333333,3.8344581212715805
3.9,3.8342006915192695
1.8666666666666667,1.8250895628420358
2.9166666666666665,2.8329814903440917
2.7666666666666666,2.8414658915792925
3.8,3.8507463724336266
3.683333333333333,3.827119027849575
2.8666666666666667,2.839840548350484
2.8333333333333335,2.8308145950947425
2.9,2.850103538900674
0.6666666666666666,0.8376694610728187
3.95,3.831428993740502
0.6666666666666666,0.8328397681162025
1.7666666666666666,1.8237362082002568
3.933333333333333,3.8381885553925774
0.7833333333333333,0.8277415876788409
0.9166666666666666,0.8236377712002612
1.8833333333333333,1.8230995440479043
3.783333333333333,3.8288571086659875
0.9833333333333333,0.8455053728245869
1.7166666666666666,1.8394840445655993
0.8833333333333333,0.8349788196834189
3.6666666666666665,3.8241654062376824
3.8666666666666667,3.8303262591839355
1.7833333333333334,1.8382683690184636
3.95,3.8442957614598208
1.9,1.8410443619469294
1.9166666666666667,1.830829991656794
1.7666666666666666,1.835049653036394
0.8666666666666667,0.8498742625526008
2.7666666666666666,2.835736666446832
3.9166666666666665,3.8144246944051803
2.9166666666666665,2.8386232237875864
3.9,3.834785735295627
3.7333333333333334,3.8176983074622224
3.7333333333333334,3.8330981644930375
3.8333333333333335,3.8295922562397875
2.933333333333333,2.826195789221493
3.683333333333333,3.839064645422297
2.816666666666667,2.8368543182563326
3.7333333333333334,3.8339030308238544
0.9666666666666667,0.835709786163803
2.8666666666666667,2.836151616961975
1.8833333333333333,1.8341815717258638
3.933333333333333,3.826713828589368
2.95,2.8354994638345996
1.7333333333333334,1.8212369088317102
1.0,0.8401409427285168
2.7,2.8253703417973264
3.8,3.8319337990310114
3.8333333333333335,3.8241401884572803
0.95,0.8358231704799178
1.75,1.8282037621235745
1.9333333333333333,1.8241966844316073
1.7833333333333334,1.8280343418664038
2.8666666666666667,2.827613692632998
3.6666666666666665,3.831200373277797
1.9833333333333334,1.8329343437619245
2.8666666666666667,2.852395678232152
2.9833333333333334,2.829770122849826
1.7166666666666666,1.8462069117215114
0.6666666666666666,0.8521958826401288
3.7,3.823899047582758
0.9,0.84101019315351
0.9333333333333333,0.8391547421939931
1.95,1.8314978888185403
0.6833333333333333,0.8348392427854731
1.8166666666666667,1.8210969963961645
3.95,3.8283090943536124
0.6833333333333333,0.8211027529035735
0.7666666666666667,0.8406322622816136
1.6666666666666667,1.838797758208211
2.7666666666666666,2.8485542147639364
3.6666666666666665,3.828211195237307
2.8833333333333333,2.8371614572997856
2.8,2.8521677166604436
0.85,0.8364568289919637
1.9333333333333333,1.8325654591884963
2.933333333333333,2.831453150096365
3.6666666666666665,3.8296291679313623
3.8,3.832864513746448
3.7666666666666666,3.8411416832461716
2.85,2.8331861005465964
0.6666666666666666,0.8329010477020931
1.7166666666666666,1.8386040490779565
3.933333333333333,3.8292185656852933
2.0,1.8359650527989428
2.716666666666667,2.8336600992210945
2.8666666666666667,2.828928256336574
3.9833333333333334,3.8406381229052973
0.9166666666666666,0.8484776057912629
3.75,3.837688151870245
0.9333333333333333,0.8365612732037994
1.0,0.8471006038517425
0.7166666666666667,0.8313295700909282
2.75,2.8339832243817398
2.683333333333333,2.822145649402623
0.8166666666666667,0.8381825714963261
3.816666666666667,3.8340743229808094
3.7,3.838412448430383
1.75,1.8265662512186507
2.0,1.830751795142508
2.75,2.821616232758199
1.9333333333333333,1.8322732567392537
2.783333333333333,2.832598638140979
1.7666666666666666,1.8548527219064583
0.8166666666666667,0.825938970451984
0.8333333333333334,0.8324385024376662
3.95,3.837808833311198
0.9666666666666667,0.8522135935885993
2.9,2.829441072334214
2.8,2.8290560067998625
0.8333333333333334,0.8314741662184256
1.9166666666666667,1.825015002365981
0.7833333333333333,0.8228166407380649
1.7,1.8357303945859595
1.9666666666666666,1.7998118726379206
3.8,3.8300806696847367
3.95,3.821293941979333
3.85,3.8354574596929116
2.783333333333333,2.8439153750783053
1.9666666666666666,1.821428020664383
1.9833333333333334,1.8437215035821435
3.716666666666667,3.8192742584311112
0.9,0.834917811233627
1.9666666666666666,1.833924472837367
3.7333333333333334,3.8304722892077776
3.966666666666667,3.826970310944164
3.95,3.830482077146482
3.7666666666666666,3.8342380899588067
2.75,2.826254920791713
1.95,1.8283526434177124
3.8833333333333333,3.8377691323717857
3.9,3.8305599886429484
0.95,0.845943602330845
0.7333333333333333,0.834139101888319
0.95,0.8324348458211728
0.7,0.8380368035435523
2.75,2.8378360943417857
2.7666666666666666,2.82263640523283
3.95,3.8313367578860653
3.9,3.82842483958111
2.8666666666666667,2.8268022190381936
0.8666666666666667,0.8324067397355567
3.6666666666666665,3.8512058663923243
1.9,1.8252773123702268
2.95,2.836545193584738
0.9166666666666666,0.8309584729840348
3.9,3.83690135380202
3.85,3.836045584846735
2.8,2.8469828298014153
1.9,1.8477953284606474
3.783333333333333,3.8284519444531524
0.85,0.8394886540000122
4.0,3.838818867672385
0.85,0.8246112521427835
4.0,3.8402421137008456
2.0,1.8250702024190901
2.75,2.8417227403647582
3.8,3.838875127458646
1.8833333333333333,1.815877547063745
0.85,0.8362622124843676
2.75,2.839834585721968
1.9333333333333333,1.8354262820494247
1.7,1.821668953693049
2.933333333333333,2.822150481724729
1.95,1.8394750917094413
1.7666666666666666,1.83309597412366
3.8666666666666667,3.817666672607306
2.9166666666666665,2.829154942836397
2.7,2.8485288329546337
1.9666666666666666,1.850676523587301
2.783333333333333,2.837700666137861
1.7166666666666666,1.8114495663299164
3.8666666666666667,3.8249847149239122
2.933333333333333,2.838700538347309
1.7,1.840707729848784
3.8,3.824931992430655
3.816666666666667,3.8337958023301244
0.7666666666666667,0.8488632186681951
3.8,3.8333462131797655
1.8,1.8434359279216557
2.816666666666667,2.829177184628279
1.7333333333333334,1.8301676419502555
2.7666666666666666,2.8458210088165243
1.9666666666666666,1.8164160215120344
2.8666666666666667,2.8344316175451887
2.8666666666666667,2.844948526281471
2.716666666666667,2.8602927128812117
1.7166666666666666,1.836178604899386
1.6666666666666667,1.8429022064083076
2.7666666666666666,2.838971293514113
2.9166666666666665,2.830116900522798
2.966666666666667,2.831838832425152
0.9166666666666666,0.8362968422921813
2.783333333333333,2.8400778720776647
1.9666666666666666,1.835729070175267
2.7333333333333334,2.835770660352159
3.95,3.818776712517117
1.0,0.834806291613771
1.6833333333333333,1.8263054015866158
1.7,1.8263702909110406
3.783333333333333,3.8357202041929686
2.7666666666666666,2.842593367898427
3.8666666666666667,3.8294802056685895
1.7666666666666666,1.8285255466701438
3.85,3.833615759506964
0.6833333333333333,0.8337732917695191
3.85,3.827672191066106
0.7833333333333333,0.8360950065017461
3.8666666666666667,3.8406381229052973
1.0,0.8225902383645969
1.9,1.8159292382783292
3.816666666666667,3.8400466261864796
1.7166666666666666,1.8287402946769624
0.7833333333333333,0.8393401444109486
2.9833333333333334,2.8387860509374816
2.8333333333333335,2.8515871257316694
1.85,1.8262666948954713
1.0,0.8199479132551657
0.7666666666666667,0.8242603014473932
0.7833333333333333,0.8364568289919637
2.95,2.8309410949935274
1.75,1.831293527189159
1.8833333333333333,1.8209708483449947
1.8166666666666667,1.8276243695766974
2.75,2.8238734729804453
3.75,3.8406381229052973
0.95,0.830735043741819
2.8333333333333335,2.8290452514666726
1.7666666666666666,1.8353017701099776
2.7333333333333334,2.83804212444926
0.7666666666666667,0.8321224273552257
2.816666666666667,2.8323358900174367
1.7,1.8374854044940065
0.9666666666666667,0.8332753063495291
0.9166666666666666,0.8229640251536948
0.85,0.8402323632752963
2.683333333333333,2.8368466625492768
3.8833333333333333,3.84332770587663
3.8666666666666667,3.82406215661054
0.85,0.8352968286281823
2.95,2.820296056497613
2.966666666666667,2.840758394056463
2.8333333333333335,2.8264028901768707
3.8,3.8332588239882677
0.75,0.8350015587236957
2.9166666666666665,2.8428434636953988
0.75,0.8224450040675468
1.8833333333333333,1.8439255903247298
4.0,3.8282906266261905
0.85,0.8392750150502677
1.9333333333333333,1.824551784266744
3.7,3.837560954042926
1.8833333333333333,1.8242308245112309
1.9833333333333334,1.8335520514669537
0.6833333333333333,0.8406171876763479
2.0,1.8342318940446019
3.7,3.8257353498635083
3.783333333333333,3.8276100775444957
3.7333333333333334,3.819877398210019
2.8333333333333335,2.839770584191366
3.8,3.8387838884461956
2.783333333333333,2.8503097785295055
2.8,2.843252900531618
2.716666666666667,2.830738660870944
3.816666666666667,3.8223671729738116
0.7833333333333333,0.8228806170239915
0.9666666666666667,0.8324486257797388
0.9833333333333333,0.8317823426564972
2.783333333333333,2.8489924461582037
0.9666666666666667,0.8275539741719936
3.783333333333333,3.8472383902414604
3.716666666666667,3.8349038193030798
3.933333333333333,3.834277529549439
3.9166666666666665,3.8281351198711686
1.95,1.8167002139378834
2.85,2.838551733990385
0.7833333333333333,0.836883041836825
0.8,0.8403304443748357
3.816666666666667,3.8437201116165993
3.85,3.825627267689965
2.783333333333333,2.8329064255886385
2.8333333333333335,2.8450929146797006
1.7333333333333334,1.8260786827141637
1.7333333333333334,1.8208456682579452
3.95,3.8495688361017106
0.95,0.8213404807570734
0.8333333333333334,0.8323681766165336
3.9,3.84005599946619
1.8666666666666667,1.8210161279715822
0.8166666666666667,0.8371294082634406
3.85,3.832794516857139
2.8,2.8277634488169383
1.7666666666666666,1.8450747471874027
2.9833333333333334,2.8498721875515973
0.6833333333333333,0.8250233643182198
0.6666666666666666,0.8407703885700333
1.9,1.842902940139619
0.9833333333333333,0.8352366716718643
1.7833333333333334,1.843166705103839
0.8666666666666667,0.8279624206556565
3.933333333333333,3.8349692291192907
1.8666666666666667,1.8334779958212553
1.9666666666666666,1.834739217593292
3.8333333333333335,3.8309576387219306
2.716666666666667,2.835821395671881
3.6666666666666665,3.8224010371760686
2.933333333333333,2.839938978573421
2.9166666666666665,2.8334609674115234
1.75,1.8362504683570462
3.8833333333333333,3.831844834215197
0.8833333333333333,0.8393100744972013
0.95,0.8270490301298843
0.7333333333333333,0.8387288408732466
3.7333333333333334,3.83711148974969
1.85,1.8384249166824684
1.7333333333333334,1.8167647629875676
2.7,2.8282132588113797
0.8,0.8459260347135036
2.7333333333333334,2.83096980628384
0.7833333333333333,0.8474231332296338
2.8833333333333333,2.8358830430415862
0.8166666666666667,0.8372378023728012
2.683333333333333,2.8447816775950874
0.8333333333333334,0.8317432935328872
0.8833333333333333,0.8335936655910768
2.8,2.8399801455447142
0.7833333333333333,0.8346935352846785
2.6666666666666665,2.8337954917975905
0.75,0.8378639803734795
3.716666666666667,3.822029183930319
1.7833333333333334,1.8310030480114412
0.8166666666666667,0.831923039619111
3.9833333333333334,3.830259417942044
1.8833333333333333,1.8347182542267282
1.7,1.829415824615924
3.933333333333333,3.8397104597230025
0.8333333333333334,0.822364784704029
0.9666666666666667,0.8300698110670005
1.7333333333333334,1.841452925570248
3.9166666666666665,3.841288040043374
1.9666666666666666,1.8340976178670751
0.85,0.8377689517385437
1.6833333333333333,1.833955067116806
1.6666666666666667,1.8236697557979369
0.7166666666666667,0.8393707910542275
2.9833333333333334,2.837383049536512
1.8333333333333333,1.8378983714282953
3.8,3.8236407293692993
2.8,2.832409889451345
1.7166666666666666,1.8107656532288081
2.85,2.8440510316162384
3.85,3.8408582174922596
0.9666666666666667,0.8272314473014787
0.95,0.8486331325543796
2.9166666666666665,2.8252733125821385
1.9666666666666666,1.825291039966757
2.8,2.8406672648597806
3.816666666666667,3.841642800859519
2.7,2.8308464797413775
2.7666666666666666,2.835570089033557
3.8,3.8280135680247316
3.8666666666666667,3.828620090206003
0.7166666666666667,0.8420768258115191
2.7333333333333334,2.84184994195367
1.9166666666666667,1.8407444695889623
2.8833333333333333,2.8421505173551918
2.8333333333333335,2.8295538893180554
1.7666666666666666,1.829420562892966
3.7333333333333334,3.807965771445165
1.7,1.8370275313472657
1.0,0.8225090891293613
3.683333333333333,3.827619252765447
1.95,1.8275069707717047
2.716666666666667,2.8321369594329244
3.816666666666667,3.8337720272002453
2.783333333333333,2.838835777580895
3.6666666666666665,3.833525925561601
1.6833333333333333,1.8206804365763667
0.75,0.841455026038922
0.7,0.8246690252671799
2.966666666666667,2.8362339619124377
2.8333333333333335,2.834614731750177
3.8333333333333335,3.8300530933758528
0.85,0.8172798791329812
0.9333333333333333,0.8353477279049318
0.7666666666666667,0.8269130649221963
3.6666666666666665,3.8287705307211013
3.7,3.838747889528554
1.0,0.8403673089900553
2.8666666666666667,2.8315528974984607
1.7333333333333334,1.8264803500454119
0.8166666666666667,0.8277436604353764
3.716666666666667,3.82823194062882
2.933333333333333,2.8256016711786454
3.783333333333333,3.8270072461129785
2.9833333333333334,2.8383924378689596
1.9333333333333333,1.8216943489261246
1.8333333333333333,1.8361498015441264
1.9666666666666666,1.833074062253038
1.7166666666666666,1.8229837011740468
3.8333333333333335,3.8338319580342644
3.9166666666666665,3.830171158064746
1.8666666666666667,1.8291841416864085
1.7833333333333334,1.8519007319149947
0.7666666666666667,0.8274948561743305
1.8,1.83630609159793
0.85,0.8316523924927958
0.6666666666666666,0.8397196799535246
3.933333333333333,3.8364589887111054
1.7333333333333334,1.836965801503062
1.7666666666666666,1.8251651840114136
3.8,3.835070136677148
3.0,2.837646786708471
3.9166666666666665,3.8408582174922596
2.9,2.834758013043928
0.7333333333333333,0.8312803202286773
0.75,0.837043850377039
0.7,0.8223798660970034
1.0,0.8455634762795572
0.9666666666666667,0.8222143253231121
1.9666666666666666,1.8445504574728742
2.683333333333333,2.8252335539135993
0.9,0.8363846480422071
0.9833333333333333,0.8409372532132242
2.6666666666666665,2.82624011723744
0.7166666666666667,0.8340474195438128
2.8,2.8319506357248656
2.8333333333333335,2.8353580423805607
2.9166666666666665,2.8261709455761337
3.8666666666666667,3.8433856598952976
2.716666666666667,2.8232289753928397
3.6666666666666665,3.831890125081206
0.7333333333333333,0.835937904686778
0.8666666666666667,0.8443202246815694
0.9333333333333333,0.8300713221674559
2.7666666666666666,2.842939307093733
1.7,1.8320843522598027
0.9166666666666666,0.8310579453210025
2.9166666666666665,2.832954113299229
2.8333333333333335,2.848051353445933
1.7833333333333334,1.8403669932764868
3.7666666666666666,3.8377407853050056
0.8666666666666667,0.8425973327657075
0.8,0.8431500754977255
1.8666666666666667,1.8196122254811726
1.9333333333333333,1.8382109342691055
2.683333333333333,2.8306352222796267
2.7666666666666666,2.8437602980388648
0.7666666666666667,0.8368277955347441
3.0,2.8348790260222625
2.9,2.8393310881511127
0.9333333333333333,0.825663146721734
1.8,1.8322561386782723
3.75,3.829591479361927
1.0,0.8307448910810584
0.6833333333333333,0.8279624206556565
0.6833333333333333,0.833252536387813
0.9,0.8335664125200133
1.7666666666666666,1.834295183139248
0.9833333333333333,0.8354666579321659
0.8666666666666667,0.8389411674012621
2.9166666666666665,2.8299361495929363
2.9833333333333334,2.8450094508689947
1.8666666666666667,1.8352797738630824
3.8666666666666667,3.8277008353354165
0.8,0.8506940593730173
0.95,0.8293099750813342
1.9,1.846441291512533
1.8666666666666667,1.8278202830633037
3.8833333333333333,3.8477855671432106
0.7833333333333333,0.831014142287824
3.6666666666666665,3.841195518723471
0.8666666666666667,0.8320331808680964
1.8333333333333333,1.8367272369512018
3.783333333333333,3.834652442764299
1.8833333333333333,1.8200172650273387
2.933333333333333,2.8398652634685386
0.8,0.8275077591615392
2.7,2.827726709165615
3.683333333333333,3.8352825814083866
1.7166666666666666,1.834107302082343
0.9333333333333333,0.8344498893279648
2.9,2.830815913095876
1.7166666666666666,1.8194114869340354
1.85,1.8294462840491728
2.683333333333333,2.829814186630115
1.95,1.8342002685407977
1.7,1.845459428441252
2.8,2.8454924407778988
2.683333333333333,2.8372857739034316
3.8833333333333333,3.835781254809716
3.816666666666667,3.8583685877090277
3.85,3.840889000302801
1.7,1.850082061600991
1.9833333333333334,1.832259023212993
3.85,3.8332214978006998
1.9,1.8367341448182606
1.8166666666666667,1.8179168688993184
0.95,0.8360377198364952
1.7333333333333334,1.8343463411688763
2.783333333333333,2.8295393376788307
3.8666666666666667,3.835700701521266
0.9,0.8308047316376403
2.933333333333333,2.8383746533637044
3.716666666666667,3.8422988199012975
0.85,0.8356959655679865
0.8166666666666667,0.8353880766998687
3.933333333333333,3.8332617198041827
3.8,3.8298321963644946
0.9833333333333333,0.8410467878165803
3.9833333333333334,3.8321709178921783
3.933333333333333,3.8368780305067287
3.7666666666666666,3.8497979617962956
1.0,0.8309303067267044
0.75,0.8338315402324088
3.716666666666667,3.8340392993364247
1.7166666666666666,1.8386640976010977
0.8833333333333333,0.8324365507577198
1.8833333333333333,1.833784169207413
1.0,0.8325673412579065
3.85,3.8316304353179156
0.7666666666666667,0.8179194820580026
2.933333333333333,2.846946094145928
0.7833333333333333,0.8346468981275406
3.9833333333333334,3.8281246869737533
1.75,1.831299264195942
3.8833333333333333,3.8285111947703387
3.8333333333333335,3.8280101825432418
1.9333333333333333,1.825584628060688
0.6833333333333333,0.8220499089882027
0.7833333333333333,0.831587014662944
3.716666666666667,3.839804804870079
2.7333333333333334,2.8318944259214924
3.683333333333333,3.8243363723588017
2.783333333333333,2.841572752131957
1.9666666666666666,1.824061279634012
1.7333333333333334,1.828889379243904
3.75,3.840343509362644
0.9,0.8246946566652416
0.6833333333333333,0.8445888958491312
2.9166666666666665,2.8391657379892257
1.6666666666666667,1.8472156020703132
0.7666666666666667,0.8491717542483721
1.8833333333333333,1.8366667246691344
0.9,0.8409604870577831
1.8333333333333333,1.821746629857557
1.7,1.8246109320245723
3.816666666666667,3.845524806653989
1.9333333333333333,1.8268834743756646
0.8,0.8343647099301517
1.6833333333333333,1.8330298136736585
2.75,2.844610700930505
3.6666666666666665,3.8220632303013184
0.7,0.821486026525955
0.8,0.8328621359328371
3.8666666666666667,3.8305073917348262
1.7833333333333334,1.8283304078690765
0.85,0.8325141664039066
2.8666666666666667,2.8359347084506665
1.85,1.8270685627771357
0.7166666666666667,0.834720366092634
0.9333333333333333,0.8223798660970034
2.683333333333333,2.8331681961593618
1.7333333333333334,1.8318965003734358
1.0,0.831750771166239
1.7833333333333334,1.8272256964069888
4.0,3.8389568859348513
2.8333333333333335,2.83158673500534
2.0,1.8365755283098224
2.75,2.8367239110847726
0.85,0.824784281390575
2.8,2.834474908275216
0.8166666666666667,0.8357721901701843
0.6666666666666666,0.8309522456531556
0.7166666666666667,0.829211788651913
0.8833333333333333,0.8357399671632395
1.7166666666666666,1.828049724958317
1.8833333333333333,1.8360021127687285
0.95,0.8449838651446757
2.7666666666666666,2.8266926283435496
1.75,1.83522576367842
3.716666666666667,3.841032869060341
3.783333333333333,3.8427393416719333
3.783333333333333,3.8406898770046025
1.7333333333333334,1.8440370285508132
2.6666666666666665,2.83323119489834
3.9166666666666665,3.8446098634027193
1.6833333333333333,1.843381299065141
0.95,0.833762496160421
3.95,3.8155783496018394
3.8,3.8265448453219677
2.9833333333333334,2.8427223191787396
0.8333333333333334,0.8292515885144566
3.716666666666667,3.8300596714383004
1.7166666666666666,1.8211137625978273
1.9833333333333334,1.8370640924004882
1.0,0.838341428897906
2.75,2.841390273140454
1.8666666666666667,1.8339117887881036
3.8,3.8466080413470833
3.716666666666667,3.821049190554013
2.9166666666666665,2.8408593536067808
1.85,1.8322549426158392
2.783333333333333,2.831168751388285
4.0,3.8393431195675434
2.9166666666666665,2.8323329137163267
2.8833333333333333,2.8349936108185876
3.0,2.8443455457861058
1.8166666666666667,1.8248793648190489
3.7,3.8401853144740694
3.7,3.8292754797778037
2.9166666666666665,2.8440355961109276
1.75,1.8210615152197887
0.7833333333333333,0.8352493482702268
2.7,2.848256334726437
3.933333333333333,3.8288813066096092
3.9166666666666665,3.8408063923763547
2.933333333333333,2.829250981264862
2.8333333333333335,2.8385401068899303
0.6833333333333333,0.8217963239040971
2.8333333333333335,2.8365749876131754
2.95,2.8364577186293207
3.85,3.837536453799647
0.7333333333333333,0.8238285579874972
1.8833333333333333,1.836050634129399
1.7666666666666666,1.834422356173167
2.9833333333333334,2.8313451346944998
0.7833333333333333,0.8384496211830279
0.9333333333333333,0.8278956134889512
1.9833333333333334,1.8392852566627735
0.6666666666666666,0.8403801041126225
0.6666666666666666,0.8308595027443794
0.9166666666666666,0.8467663721458876
3.9833333333333334,3.809164332210149
2.783333333333333,2.8481230605309333
3.75,3.8340484539481605
3.783333333333333,3.8211574802128463
2.7666666666666666,2.8400307925589403
0.9166666666666666,0.8311360623753786
1.7333333333333334,1.8293981830258639
0.8333333333333334,0.8422359353687413
0.7666666666666667,0.8401060058662744
1.0,0.8389608096831934
2.783333333333333,2.846278226548443
2.716666666666667,2.8432478647653188
1.7333333333333334,1.8426014394845456
3.9833333333333334,3.8401274062016175
3.9833333333333334,3.845366813199974
3.7333333333333334,3.84118344284763
1.6833333333333333,1.8445828384448277
1.8166666666666667,1.8346168628495467
0.75,0.8309457360793732
1.9166666666666667,1.8248667777711702
0.8166666666666667,0.8315484334797921
1.95,1.844664589882666
3.9833333333333334,3.8212635252471965
2.8833333333333333,2.8332757889112257
3.683333333333333,3.8397775122223634
2.95,2.832403227687448
0.85,0.825569762307712
1.7333333333333334,1.8373021942656411
2.8333333333333335,2.8268755091080457
2.0,1.8385737414116474
3.716666666666667,3.829540243346738
2.8833333333333333,2.8289861943971357
1.85,1.825365092298251
0.9,0.8431167915441425
0.9833333333333333,0.8333673870938462
1.75,1.825200967914769
0.8,0.8188825489168385
3.95,3.834206848068321
0.6666666666666666,0.8335372628507994
3.8833333333333333,3.827633185462962
3.9833333333333334,3.815614194497215
1.8666666666666667,1.81959328229956
0.7,0.8515351974398534
1.7166666666666666,1.83098395298253
3.8,3.838469299844284
1.9,1.8381723858109331
3.933333333333333,3.8315158830703537
3.716666666666667,3.8344042647819507
2.933333333333333,2.839358414526892
1.9333333333333333,1.8309326556915746
0.7,0.8415254191431264
3.966666666666667,3.8340525635917992
3.9166666666666665,3.851323650905195
3.783333333333333,3.830726178723182
0.8333333333333334,0.833373617376256
0.7833333333333333,0.8364848305442871
2.95,2.838835777580895
2.966666666666667,2.840890201283027
3.9833333333333334,3.8364303599379888
2.9833333333333334,2.850559049503748
2.9166666666666665,2.8257291894949415
3.966666666666667,3.8280288209135085
1.9,1.8240667790595517
1.6833333333333333,1.846087937453258
2.95,2.8288436523120306
0.7666666666666667,0.8398649388417637
2.8333333333333335,2.840230290429
1.9,1.850053266378501
0.7,0.8430015646469036
3.8,3.8363911461944182
4.0,3.8386746987815674
2.85,2.842448524133407
2.8666666666666667,2.8280815077121986
0.9166666666666666,0.8407025882493777
3.75,3.827167313750654
3.9833333333333334,3.8326885112569613
2.85,2.833833506140406
2.683333333333333,2.8365539593178553
0.8,0.8421072494466675
0.7833333333333333,0.827536327466551
2.7,2.814769876195127
1.6666666666666667,1.831450232864631
2.9,2.8390624083161913
0.7666666666666667,0.8246690252671799
2.966666666666667,2.838220849848885
2.8833333333333333,2.8264028901768707
3.683333333333333,3.831208121591144
3.7,3.8288386685228732
3.7333333333333334,3.836537719331437
4.0,3.853885249550247
3.816666666666667,3.8284902429950076
2.683333333333333,2.843987526138392
0.9833333333333333,0.8342011367234723
1.7,1.8283430766990258
3.933333333333333,3.8262622075169674
3.6666666666666665,3.825972893553522
0.7,0.8255644397883403
3.6666666666666665,3.8294802056685895
3.6666666666666665,3.8326866551285668
3.816666666666667,3.8252301826805994
2.9,2.846946094145928
0.8333333333333334,0.8305610630428646
1.7,1.8332413343984664
1.9333333333333333,1.8434335345057484
0.7,0.8340931485296297
2.8833333333333333,2.830210365649839
1.75,1.8431486868611564
2.75,2.8243241249337796
0.6666666666666666,0.8277236951642044
3.816666666666667,3.8232742748162103
1.9666666666666666,1.8309832479541206
3.8333333333333335,3.8272377729884983
2.7,2.8373094900563256
2.85,2.8330962238210016
1.8166666666666667,1.8330035129437474
1.0,0.8205931596703343
1.8333333333333333,1.8350939848832208
2.75,2.8376281938351324
3.783333333333333,3.850050445683709
2.8,2.8418493153732953
1.9166666666666667,1.8298728766274155
2.816666666666667,2.8392621122399833
2.933333333333333,2.8413060589471884
0.7166666666666667,0.8387708753407549
2.0,1.8449300469619812
2.783333333333333,2.8357406814215596
2.9,2.8230433415323324
1.6666666666666667,1.8353453499265657
3.8833333333333333,3.8509998038251694
2.8666666666666667,2.8324626136214506
0.8333333333333334,0.8263060863135681
3.966666666666667,3.8263357370904116
0.8833333333333333,0.830951894791085
1.9166666666666667,1.8325125153859179
2.0,1.8369607195850852
2.8666666666666667,2.84690483048374
1.7833333333333334,1.8383011150000033
3.8833333333333333,3.82908172830869
3.716666666666667,3.8256821985246665
2.7,2.8364577186293207
3.7666666666666666,3.8316099815107054
1.9333333333333333,1.8346961718136279
3.6666666666666665,3.8365890792274824
0.9666666666666667,0.8390564449983693
3.9833333333333334,3.822165343848442
1.9666666666666666,1.8334314269745633
2.9833333333333334,2.8337782766947646
2.95,2.8437953339455166
1.7,1.8363602672506882
1.85,1.831902344213594
1.9333333333333333,1.8302869662857628
1.8333333333333333,1.8277552704990263
2.816666666666667,2.8462969217186767
1.8,1.8375004956683119
1.9666666666666666,1.8261143292024204
2.85,2.8332590685273016
0.7,0.8356204739901818
3.816666666666667,3.8372142339514586
0.75,0.8369804843983347
1.75,1.8293417659732907
3.816666666666667,3.826042661081202
2.7,2.845059604206399
2.7666666666666666,2.833356537130611
1.7,1.8305121666991044
2.683333333333333,2.836124112816191
0.9166666666666666,0.8247856916139752
1.7833333333333334,1.8359650527989428
0.8833333333333333,0.8411652040738286
2.6666666666666665,2.8523281439200834
1.7166666666666666,1.8275872004614901
3.75,3.834831270822261
3.8666666666666667,3.8284902429950076
2.8,2.8365800150626557
2.9833333333333334,2.824788619113732
3.716666666666667,3.850108551377878
1.8,1.8326122924147261
3.783333333333333,3.8289055814280903
3.816666666666667,3.836535074698564
1.75,1.8314393559902615
0.75,0.8449391843017297
3.966666666666667,3.821617177487048
2.75,2.8300426520905217
3.816666666666667,3.8169778822390805
1.9833333333333334,1.8293023480345412
2.7,2.826346927119348
2.7333333333333334,2.836617749312914
2.9,2.833418248985796
1.0,0.8370366662230728
3.966666666666667,3.8260154650704368
0.8,0.8276076753124086
1.9333333333333333,1.837972708021362
2.716666666666667,2.8327631580441595
1.7333333333333334,1.836855623504439
0.85,0.8359042947987152
3.7,3.8350712327558982
0.7,0.828659365498158
2.0,1.8260848941445005
0.7833333333333333,0.8313134431268473
2.95,2.812416939385115
0.9,0.8360899023219517
0.7,0.8438381799282506
3.8666666666666667,3.8271894979738197
2.7,2.8320147199359393
2.716666666666667,2.840879447880547
0.9,0.8386566679112124
0.9666666666666667,0.8281614587167244
0.9833333333333333,0.8281881007055556
3.6666666666666665,3.829709858809236
1.0,0.8559788349603455
2.8666666666666667,2.8263106391092867
1.95,1.8208196495999565
1.7166666666666666,1.8394719678900118
2.683333333333333,2.8327128670631003
2.8,2.8359850647616365
0.9166666666666666,0.8210339510790229
0.8833333333333333,0.8361611168811253
0.6833333333333333,0.8232617508224637
1.7,1.8332508254202842
3.7666666666666666,3.8394833064102096
1.9833333333333334,1.825753364675429
2.8,2.835500032022616
0.9833333333333333,0.8445546692743403
2.95,2.8367298840874144
3.8666666666666667,3.840098512538887
0.85,0.83727111559898
2.966666666666667,2.83798669429165
1.7833333333333334,1.8389850340026108
2.8666666666666667,2.849225009110391
1.9166666666666667,1.8351942931432417
3.7,3.846030865969535
2.6666666666666665,2.8363384558885962
0.7,0.8353409974185972
1.8,1.8332979581566051
1.9333333333333333,1.8464491335435809
2.683333333333333,2.8350077515708056
2.783333333333333,2.828468596335422
2.9833333333333334,2.840873138880423
1.8833333333333333,1.8273006193927241
3.0,2.8401063593687814
3.8,3.8255355157244066
3.7,3.8390270819170547
1.9333333333333333,1.8349338432067333
2.783333333333333,2.830959110154676
1.9666666666666666,1.8045978815394181
0.95,0.8332612364941353
0.95,0.8319840587928993
2.95,2.8396522232635975
0.85,0.8342334028984133
2.8333333333333335,2.839593119640908
2.9833333333333334,2.825680695635758
1.9333333333333333,1.828713644961289
1.75,1.842871676102678
1.8666666666666667,1.8271249843766741
3.783333333333333,3.822974735200977
1.7,1.836883224969877
1.8666666666666667,1.821992513753038
1.8,1.825802688256082
3.8333333333333335,3.845293032063934
0.8333333333333334,0.8351957628839338
2.75,2.8440961977431316
2.85,2.8573077214166474
0.8166666666666667,0.8275687613500886
3.816666666666667,3.836535074698564
3.95,3.8353633561718357
0.6666666666666666,0.835551971962267
3.683333333333333,3.8377719208932293
3.933333333333333,3.8472120094334885
3.7333333333333334,3.8288423913336125
1.7833333333333334,1.8357456828345502
3.683333333333333,3.8494225308781687
3.8333333333333335,3.835404133945644
3.8666666666666667,3.850363533029902
1.9833333333333334,1.8302649022770123
0.7333333333333333,0.84816600632671
2.6666666666666665,2.8363874939956135
2.683333333333333,2.830825860582707
0.6833333333333333,0.8298815468045171
3.966666666666667,3.8316371669237905
2.8,2.8277524754874857
3.9833333333333334,3.830377405486944
1.85,1.8238372233677254
2.8833333333333333,2.8302640647275026
3.966666666666667,3.82768947324613
1.8166666666666667,1.8368576328244826
1.0,0.8294320930708432
2.966666666666667,2.837515721094907
2.8833333333333333,2.8292233389454213
1.8,1.8309978337035093
2.0,1.835430370418066
0.8333333333333334,0.8357806710249632
2.75,2.8383627974027217
0.8833333333333333,0.8305125190643203
1.7333333333333334,1.8249870297526345
2.85,2.8324569905496118
1.6833333333333333,1.8383498627757067
3.9833333333333334,3.8307142919187864
1.9,1.8306957275487319
2.75,2.8450841369963693
3.75,3.8385493364853325
3.85,3.824363413450762
2.75,2.8243834990013124
2.7,2.8364128415994503
1.8,1.8342709840220814
2.75,2.831956395142506
3.8833333333333333,3.8400454000376607
3.7333333333333334,3.827261765584101
2.7,2.8362339619124377
2.716666666666667,2.8323146714792853
1.85,1.848732600213453
1.8833333333333333,1.8387746954741642
2.933333333333333,2.829765640897781
3.8,3.8488624884198037
2.933333333333333,2.8349144461306657
1.7,1.8203280557420334
3.8,3.8421825774388623
2.0,1.8195366786932028
2.7,2.8337294134520175
0.6666666666666666,0.8281168499681903
1.8166666666666667,1.8390377587603646
2.7,2.8283541734162823
1.95,1.8407701977957445
2.816666666666667,2.8522911590739524
2.8333333333333335,2.8329459811940785
1.8833333333333333,1.8207086260548875
2.683333333333333,2.8452906172491073
3.7333333333333334,3.8289426402868827
1.8666666666666667,1.834739217593292
1.8666666666666667,1.8349630748988286
1.75,1.8272440376475614
1.0,0.8300058121422369
4.0,3.8286976058784377
2.0,1.8402008614278218
0.8666666666666667,0.8490228307853639
3.75,3.840992573509906
1.9833333333333334,1.8334957548407862
2.716666666666667,2.8433478868860322
1.9,1.8275710072492777
2.9,2.8426845088101675
3.716666666666667,3.828594931514796
0.7333333333333333,0.8392380883169979
1.6833333333333333,1.8452132726046424
0.8833333333333333,0.8348919890531421
3.8666666666666667,3.8324529077770113
2.75,2.8447993116598975
0.8,0.8449391843017297
0.75,0.8296669976967909
2.933333333333333,2.8352377047194177
2.683333333333333,2.833896976991686
2.7666666666666666,2.8349043750738496
3.7666666666666666,3.849436423661987
3.7333333333333334,3.8195945537240426
3.816666666666667,3.8203080787278894
3.85,3.8339485391295973
3.783333333333333,3.828542592193194
1.85,1.840466766457152
3.783333333333333,3.8276241608695174
1.8,1.8405421713623662
3.8833333333333333,3.847588865189233
0.7833333333333333,0.8407481134399477
2.0,1.8375380956060483
1.7833333333333334,1.8315844309472333
0.9833333333333333,0.8247002094629827
2.8,2.8518866312368574
3.7333333333333334,3.8263357370904116
1.95,1.8364052141930136
1.7666666666666666,1.8318955872086462
1.7166666666666666,1.821443747858336
3.7,3.822149463783308
3.7666666666666666,3.8331019099830588
1.7833333333333334,1.839390781643733
1.85,1.8273194293766217
2.0,1.8382258165540881
0.75,0.836641305810049
1.7,1.832751218658253
0.85,0.8311506971762723
4.0,3.8369529906978688
0.6833333333333333,0.8271733750281178
1.6833333333333333,1.828206277032116
1.9166666666666667,1.84015749953494
2.783333333333333,2.8263225636332603
2.0,1.8356867250209439
3.7666666666666666,3.83326397131317
0.9166666666666666,0.8461932549488451
3.9,3.830346519845445
4.0,3.8330517915185975
3.75,3.847044544280334
1.75,1.8321653636193431
1.9,1.8427642774216755
1.9333333333333333,1.8196970861892166
2.95,2.8172653546267337
2.7666666666666666,2.830663706373707
2.716666666666667,2.835146381044027
4.0,3.8514943428996173
1.75,1.8353691411474364
1.7166666666666666,1.8317929716623238
2.783333333333333,2.8464411380047583
1.95,1.8309092762340022
1.6666666666666667,1.829922447778292
0.8166666666666667,0.826738719844809
2.9833333333333334,2.8352261647090358
3.683333333333333,3.8309385674725007
0.7333333333333333,0.8283779592853052
1.7333333333333334,1.8326190819015886
2.816666666666667,2.832905126433587
1.85,1.8303343928331994
1.7333333333333334,1.8407377016281277
2.0,1.8263043402721046
0.7333333333333333,0.8350732620823282
1.8833333333333333,1.8230200534849588
2.8333333333333335,2.838311259904933
0.8333333333333334,0.8295332093923058
3.95,3.8293431800157065
3.8666666666666667,3.833297624205124
2.8833333333333333,2.832236364193622
0.8333333333333334,0.8249593691582444
0.7333333333333333,0.8331678005108825
2.8666666666666667,2.827831766243764
2.783333333333333,2.840995281273065
2.933333333333333,2.8375212277633954
0.6833333333333333,0.8282932485199879
1.85,1.827560069658383
0.9,0.8381502128743052
4.0,3.834888537875116
2.8333333333333335,2.84830092374913
3.9833333333333334,3.8355985515102176
0.9666666666666667,0.8323703426098493
0.95,0.8387166814177605
3.7333333333333334,3.8194743396236004
2.716666666666667,2.8387890814809875
1.7833333333333334,1.8371758943831025
3.6666666666666665,3.8371116988303196
2.7333333333333334,2.827164747906189
3.933333333333333,3.8289275653880237
3.8,3.8277333802290525
1.8166666666666667,1.8197846719817958
1.95,1.838028921749713
3.6666666666666665,3.8417038181440057
3.75,3.8321876495697014
1.7666666666666666,1.8356766510425424
1.8166666666666667,1.8312801005204837
0.8833333333333333,0.8435726123024588
1.9833333333333334,1.8408520265515926
0.8,0.8291282795347201
2.95,2.836457967542378
3.8,3.83948298662722
0.8833333333333333,0.8368032674948559
1.9,1.8404877582360217
3.966666666666667,3.8364013561902692
1.9666666666666666,1.83511839647438
2.8,2.8386065753019007
3.7666666666666666,3.8454474495630673
0.95,0.8369852518537093
3.783333333333333,3.826030154227518
2.95,2.8250876060526067
0.9833333333333333,0.8391764366486794
3.683333333333333,3.825787498444224
0.75,0.8232420357722209
2.716666666666667,2.8314710766521336
3.6666666666666665,3.8262023041240822
0.85,0.8210028312379006
3.933333333333333,3.83869121138033
0.8666666666666667,0.8262108040061922
2.683333333333333,2.852334866040897
3.683333333333333,3.817011539630509
1.7833333333333334,1.833617781335373
3.8,3.829699731614675
3.95,3.833064049668078
2.7666666666666666,2.838551733990385
1.85,1.8304487397366982
2.683333333333333,2.841404546023556
1.6833333333333333,1.8400745745121
2.75,2.8412537724438534
3.716666666666667,3.829644159990742
2.9166666666666665,2.8329612668317954
0.95,0.8312953154288681
2.8666666666666667,2.8334489628420854
1.75,1.8367354621493226
1.75,1.8288328476392237
3.7666666666666666,3.8304306187652366
0.8666666666666667,0.8298503590434474
2.8666666666666667,2.83467806538758
1.7833333333333334,1.828826485206745
1.7666666666666666,1.837864379668204
0.75,0.8195070336533962
2.816666666666667,2.8306747662755414
3.9833333333333334,3.833035239534175
3.9833333333333334,3.8207591191078425
3.966666666666667,3.850050445683709
2.9166666666666665,2.8348036763501265
1.85,1.8117065652157864
0.7666666666666667,0.8175060388491989
3.9166666666666665,3.826738436393358
2.683333333333333,2.8351775569189086
2.9166666666666665,2.8320679710087178
2.783333333333333,2.8389050676603746
0.7666666666666667,0.8345519201762458
0.8666666666666667,0.8245967052743047
0.7833333333333333,0.8364987405144959
1.7,1.8365885466936314
2.0,1.8266251777745581
1.85,1.8362147988464121
1.9,1.8313750608882708
2.8666666666666667,2.825160687170509
2.683333333333333,2.8353480095177046
3.9166666666666665,3.8309931038794347
1.6833333333333333,1.8323332384671354
3.75,3.8251008539009934
2.0,1.821001796993345
3.716666666666667,3.8471961355463495
2.8,2.832496614092363
2.783333333333333,2.8216336399591118
0.7,0.8307921148970009
0.9833333333333333,0.8416211099978809
2.95,2.818190613152946
3.7666666666666666,3.8274635917861057
0.8666666666666667,0.8437881233517246
3.8666666666666667,3.8165757578371045
1.6833333333333333,1.8308175498426345
2.783333333333333,2.834812306994916
3.8666666666666667,3.834208590417483
0.9166666666666666,0.8331053551247827
3.683333333333333,3.8335373763992675
0.7,0.8270206720831043
3.716666666666667,3.832090508246053
2.8333333333333335,2.8400851032211074
3.9833333333333334,3.8352608229851226
1.95,1.8166125433414493
0.8833333333333333,0.832550196847702
2.933333333333333,2.8363017723133273
2.7,2.823477241524857
1.6666666666666667,1.8239771224639347
0.9333333333333333,0.8359320729692741
0.9666666666666667,0.825924475199479
0.8833333333333333,0.8361979033455843
1.9,1.8310538891650756
0.9833333333333333,0.822674485063966
0.9666666666666667,0.8327922697802805
2.9833333333333334,2.8343786593107434
3.6666666666666665,3.828249067741684
2.683333333333333,2.836641787668629
0.85,0.8345405835199052
3.8,3.8387343490887322
3.8333333333333335,3.835951219363415
2.8,2.8364128415994503
1.8166666666666667,1.835027837694889
3.8,3.840105580648895
1.6833333333333333,1.829186974183892
3.783333333333333,3.830367917888148
3.816666666666667,3.834907052118135
2.8666666666666667,2.8350801967357437
1.95,1.8331646312318772
1.7166666666666666,1.8265547923092342
0.9333333333333333,0.8403160652057359
0.6666666666666666,0.8292085837376559
1.7,1.8075864414625444
3.816666666666667,3.8315490872565228
2.9,2.8329996631460985
0.95,0.8351280866222875
1.85,1.8311401134920073
1.9833333333333334,1.8211792745857012
3.8,3.829946285429658
3.716666666666667,3.8509283985909013
1.9666666666666666,1.835430370418066
1.7333333333333334,1.830829991656794
3.9166666666666665,3.8425519564217274
0.9666666666666667,0.8443628825236464
2.6666666666666665,2.835899588968015
1.9833333333333334,1.840227532307124
2.6666666666666665,2.8274893070702705
4.0,3.8189138405438747
0.7666666666666667,0.8280387527445816
1.95,1.8266812134273653
0.9666666666666667,0.8335660826616929
2.816666666666667,2.8317363129836566
3.75,3.845948875525656
3.9,3.8472120094334885
2.8333333333333335,2.831476163777919
2.933333333333333,2.83194344956953
0.7333333333333333,0.842429049112424
1.85,1.8222304603207662
2.9833333333333334,2.8389390708447877
0.8,0.8279725026470074
2.7666666666666666,2.827693415041568
1.9166666666666667,1.8324499459227637
1.6833333333333333,1.8308219933728334
3.8333333333333335,3.8310592554070357
0.8,0.8326778391339724
1.8,1.8449994390338202
0.95,0.8305610630428646
1.85,1.8214078292134597
2.8833333333333333,2.831990041423885
1.7833333333333334,1.8399641792984196
1.9166666666666667,1.833910151017469
2.8666666666666667,2.843295089648331
3.0,2.845598658160027
0.75,0.8234138786063819
1.95,1.8326914912605445
1.75,1.8234517533153778
0.9333333333333333,0.8385722549027759
1.7,1.8488454878567928
3.9833333333333334,3.8309688285005343
3.8833333333333333,3.8347827879743113
3.95,3.8247744368303636
0.95,0.8313376332798861
1.9166666666666667,1.828984279500569
0.7833333333333333,0.8402994504255514
0.9833333333333333,0.8268547255850346
2.0,1.8264523186212391
3.716666666666667,3.8337872605745447
1.7,1.8322354947239088
1.7333333333333334,1.8405872066923197
3.8833333333333333,3.828340972605117
1.85,1.8237342669558976
2.683333333333333,2.819770260838798
3.95,3.834851148141874
0.7166666666666667,0.8342643567212074
0.9833333333333333,0.8236351138539793
0.95,0.8414593389289422
2.6666666666666665,2.826117412229601
1.9333333333333333,1.8296297930929415
2.683333333333333,2.835797014486733
1.6666666666666667,1.8342318940446019
2.816666666666667,2.838984946243136
0.9666666666666667,0.83102299349556
2.75,2.8304668149106913
3.85,3.834908906911133
2.8833333333333333,2.8299827361076764
3.8666666666666667,3.8423045916711533
3.9166666666666665,3.837181454239137
1.75,1.8255501040951847
3.9833333333333334,3.83292747077128
1.8666666666666667,1.8294173599249632
1.9,1.8284767193148619
1.9333333333333333,1.8349209925315921
2.8333333333333335,2.8316521315570946
3.0,2.831490890203853
0.7166666666666667,0.8456381269154966
3.9,3.8380277500575968
1.8666666666666667,1.834193711097365
1.9833333333333334,1.8201784449580365
1.8833333333333333,1.8216256380886247
2.816666666666667,2.8451253651933954
3.716666666666667,3.851099843652289
3.966666666666667,3.818681006876893
1.8,1.825449321537103
2.95,2.8425739128084455
1.7333333333333334,1.8174250189119165
3.6666666666666665,3.836234098631311
2.7333333333333334,2.8336530738783203
3.966666666666667,3.8334820430640804
0.7666666666666667,0.8266499886873772
0.9666666666666667,0.8488447503609996
1.9666666666666666,1.8326780051379825
2.966666666666667,2.840134426428702
1.8166666666666667,1.8370976505275323
2.933333333333333,2.828588890964895
0.8,0.8419038269811783
0.7,0.8335011480302361
3.6666666666666665,3.8335492492113867
2.933333333333333,2.834302619326893
0.6833333333333333,0.829125306416807
0.9166666666666666,0.8319787965653183
0.6833333333333333,0.8342505948129356
3.0,2.8330755213637064
0.9833333333333333,0.8289701680813973
1.7333333333333334,1.8496654438242048
2.95,2.8353068896534275
3.7333333333333334,3.84498878364313
1.9166666666666667,1.826884628599971
2.85,2.833500620553143
2.8833333333333333,2.847875599271149
2.9833333333333334,2.833771928153227
2.7333333333333334,2.8496890540570776
1.7166666666666666,1.8345064374898619
1.75,1.8266459622589206
2.716666666666667,2.829499238734726
2.0,1.8335882896567268
2.683333333333333,2.859054790637218
0.8333333333333334,0.8283995880950793
1.8333333333333333,1.8334073061958975
0.8,0.83379547474189
3.716666666666667,3.83194023278084
3.683333333333333,3.83727567531837
2.95,2.8375172915935867
1.0,0.8349359174837383
2.783333333333333,2.843507363191953
1.9333333333333333,1.8336571312718317
2.9833333333333334,2.8336434819780707
0.9666666666666667,0.8320413492021818
2.75,2.826061261391963
2.7,2.8302982042974842
3.7666666666666666,3.831412205695168
2.6666666666666665,2.8244637501530114
1.7,1.844283826377119
1.0,0.8392944382648726
1.6666666666666667,1.828096786344332
0.95,0.8202183609834366
1.8833333333333333,1.8351092911548295
2.9,2.8251580097720854
3.783333333333333,3.8455365676142907
0.6666666666666666,0.832985523866396
1.0,0.8451806555888527
1.8,1.8334161570336858
3.6666666666666665,3.8231292531056713
1.95,1.828872078968342
2.933333333333333,2.843295089648331
1.75,1.833954579567879
2.9,2.8260264884158066
0.8666666666666667,0.8422936847981939
1.85,1.8388654723352837
0.7333333333333333,0.8316620870132705
3.966666666666667,3.8239379484291187
1.7333333333333334,1.8451193828450607
1.7666666666666666,1.8347865949968958
1.7,1.8467035458042524
2.9166666666666665,2.8378981240880243
0.7833333333333333,0.8297192044977578
1.9666666666666666,1.844620615276604
3.9,3.831366514728471
0.9166666666666666,0.8308610906246667
3.783333333333333,3.843608077333849
3.85,3.8308891691136266
3.9833333333333334,3.8373819243173672
3.716666666666667,3.8213701296037006
0.7666666666666667,0.8314158697149031
3.8333333333333335,3.8416946063315067
3.7,3.819601104248388
1.9666666666666666,1.828161846980988
1.85,1.8351238588118781
1.9666666666666666,1.8334410787633346
3.75,3.8403169380215614
2.6666666666666665,2.841802106889877
3.6666666666666665,3.8333302073276254
1.7166666666666666,1.83098395298253
2.7,2.8373057317746073
3.9833333333333334,3.8363306446331387
0.7166666666666667,0.8379687110706453
2.9166666666666665,2.8482480059114517
2.95,2.8327388260408672
1.8666666666666667,1.8313019000834314
3.716666666666667,3.8366122861330982
2.9,2.846222711520568
2.783333333333333,2.840879447880547
2.933333333333333,2.836624801641942
1.8,1.8259713771395796
0.8333333333333334,0.8360790377456744
1.6666666666666667,1.8302245876528231
2.8,2.839840768322003
0.7,0.8290448832402906
3.783333333333333,3.836013096905561
0.75,0.8361545083332037
1.9333333333333333,1.825209979032322
1.9666666666666666,1.8251555795480676
0.8333333333333334,0.8328441187752361
0.8333333333333334,0.8281880895772773
3.6666666666666665,3.83561324549686
0.8,0.8346518468930649
1.8,1.833929616125931
3.85,3.8577525502640473
0.7166666666666667,0.8416665873615581
3.933333333333333,3.842228215470239
0.85,0.8326490039709574
2.8666666666666667,2.8243834990013124
1.85,1.8118472593025503
3.6666666666666665,3.8392610908774834
3.0,2.844992001844247
3.683333333333333,3.8389553540963193
1.7,1.8359924293509788
3.783333333333333,3.837031857986487
4.0,3.8521592354522096
0.75,0.8409372532132242
3.716666666666667,3.8247888732228796
1.8166666666666667,1.8332139772747558
3.683333333333333,3.833035239534175
1.9333333333333333,1.8265995946137397
1.9333333333333333,1.8269346898245589
1.8833333333333333,1.8325654591884963
2.75,2.826534399681741
1.9833333333333334,1.8337842639222266
3.683333333333333,3.8305282587816576
2.7666666666666666,2.824089231313091
1.7833333333333334,1.8208915810509791
2.7333333333333334,2.83818284669895
3.7,3.826169634337248
3.75,3.842461237595634
1.95,1.8184098391647077
3.6666666666666665,3.8385201243524376
0.7,0.838846005748362
3.6666666666666665,3.835153714282736
1.9,1.8430399206602823
0.9833333333333333,0.8128607908493123
1.8666666666666667,1.8342845240164238
3.816666666666667,3.8388297923550065
1.6666666666666667,1.815920668270415
3.8833333333333333,3.8375823080924376
0.7833333333333333,0.8248093790888931
0.6833333333333333,0.8310458373438391
2.933333333333333,2.833601123052314
0.8,0.8566161593608038
2.8833333333333333,2.816522492607594
1.7833333333333334,1.828006112108038
0.9666666666666667,0.8254501529749945
0.9,0.825938970451984
0.9833333333333333,0.8484519699584168
1.7666666666666666,1.837770692137577
0.9333333333333333,0.8417949189459228
2.683333333333333,2.830271211655218
0.8666666666666667,0.8224450040675468
1.0,0.8315666906462944
3.816666666666667,3.837412970411855
2.933333333333333,2.8470074421815372
1.7666666666666666,1.8360519324693714
2.75,2.839811731394471
0.7666666666666667,0.839285104302202
1.9666666666666666,1.835404262203721
2.8833333333333333,2.83205847603032
2.0,1.817837098225682
0.6666666666666666,0.8286871176678916
1.7333333333333334,1.8250702024190901
2.8833333333333333,2.8283045523002164
0.7,0.850401206910893
0.8,0.8354183029015242
0.7833333333333333,0.8408658604830888
0.75,0.8431500754977255
1.7,1.8210810321446176
0.7166666666666667,0.829958800770623
0.9666666666666667,0.8284846539337208
0.9,0.8387156370944067
3.716666666666667,3.827911454563057
2.9166666666666665,2.8296378197676733
0.9166666666666666,0.8398644749905371
1.9333333333333333,1.845433304923487
0.9333333333333333,0.8286544532830459
2.966666666666667,2.833743058957134
1.8666666666666667,1.8286164247183054
1.8166666666666667,1.8261122188560035
2.9833333333333334,2.842334826802374
1.75,1.8320376794160202
0.95,0.8438308200429347
3.683333333333333,3.8395615501795755
2.7333333333333334,2.8302798263471476
2.95,2.8555041730302686
3.7666666666666666,3.8409034155105335
1.8666666666666667,1.8433559916087063
2.8666666666666667,2.8392421964862034
3.933333333333333,3.8300727191063193
2.7,2.8351640325431604
2.783333333333333,2.8505503341238456
1.8333333333333333,1.8415265960378753
3.85,3.833038210614235
1.0,0.830505907689797
3.7,3.836477711236472
0.6833333333333333,0.8238669079712773
0.9,0.8345051889910632
2.0,1.8183883499230573
2.783333333333333,2.830044710813066
1.8666666666666667,1.832005797329546
2.683333333333333,2.8293268653434285
2.933333333333333,2.8318535402302762
1.6833333333333333,1.831984345512219
3.75,3.846499627911078
2.8833333333333333,2.8336360578003803
2.7333333333333334,2.8347134924305455
1.9333333333333333,1.8441122932292984
1.7333333333333334,1.8213703374965042
4.0,3.8341606653993754
0.9333333333333333,0.8124461202560223
2.933333333333333,2.8359983837560345
3.7666666666666666,3.824780775078488
2.8666666666666667,2.829499238734726
3.816666666666667,3.8489490781284332
1.7,1.8256357658743223
1.9333333333333333,1.8393054161213334
2.7,2.8442792802761114
1.7833333333333334,1.8291839306717557
2.75,2.8235876864404217
0.85,0.8295870288370898
0.6666666666666666,0.8374175931586499
2.6666666666666665,2.8391303645004506
3.7333333333333334,3.83001734935824
1.7333333333333334,1.827675706014445
1.7833333333333334,1.8354665428961214
0.9833333333333333,0.8264581591086696
2.95,2.827952348369235
2.0,1.822774277897318
1.7333333333333334,1.8520364611020128
3.716666666666667,3.823640636575427
0.8666666666666667,0.8362289879216773
3.0,2.8433903959722278
0.7166666666666667,0.8308800684730988
3.716666666666667,3.8322767245458245
2.7333333333333334,2.8177619888291345
1.8,1.8337815679519585
1.8,1.8318787206179585
2.9,2.820531340104351
3.716666666666667,3.82630662959783
3.9,3.838282349256476
3.816666666666667,3.8392244684100474
1.8,1.8392572448609212
0.9,0.8366464357908956
0.9666666666666667,0.8393978502389199
1.7833333333333334,1.8266373540184293
3.6666666666666665,3.856165657144891
2.95,2.8375750414020775
2.7,2.834281050666973
0.8666666666666667,0.8304198405776327
2.95,2.8463927999434913
0.9666666666666667,0.8297831882454523
0.8666666666666667,0.8286411309471302
3.8833333333333333,3.812337729692456
1.75,1.8317645654967993
0.7166666666666667,0.8287032359776509
0.9833333333333333,0.8461845333614251
1.8,1.8232147924096285
0.9666666666666667,0.8329932658933867
3.783333333333333,3.8378302154365525
2.8333333333333335,2.835290381956477
3.8,3.8352608675180737
2.8833333333333333,2.8352580566144927
0.9666666666666667,0.8286544532830459
0.7666666666666667,0.8255835801977237
2.8,2.8252382140067653
4.0,3.8342177810063003
1.9833333333333334,1.83266364849825
0.8333333333333334,0.8366415023789368
2.7,2.831671028361343
1.9166666666666667,1.8276806647408799
3.9,3.856353681782986
0.8,0.8329133569758441
1.9166666666666667,1.833276184498015
0.9666666666666667,0.8418837361954512
3.9833333333333334,3.8349685990253444
0.9166666666666666,0.8416053212807761
1.7333333333333334,1.8398414124206708
1.9,1.8398032547345406
2.9833333333333334,2.8391277355623092
1.7666666666666666,1.8333653183113112
0.9833333333333333,0.8200024621326013
0.8666666666666667,0.8380379161160819
1.9833333333333334,1.819534502962245
2.7333333333333334,2.830146765496416
1.7333333333333334,1.8244072832330593
2.8666666666666667,2.8579882857257184
2.9166666666666665,2.842981791214878
3.716666666666667,3.8267622365027605
2.0,1.8207219463520175
2.966666666666667,2.8331365143710734
1.6666666666666667,1.8250747140868762
3.933333333333333,3.822178778688617
0.9833333333333333,0.8490473053218238
2.9166666666666665,2.83494467165395
2.0,1.8074351432317857
3.933333333333333,3.8296887318217148
1.7666666666666666,1.8338252640067276
1.8166666666666667,1.8460358053509243
3.8666666666666667,3.8278482256344906
2.8,2.839964680863434
0.8,0.8256167529933286
3.716666666666667,3.8339022883763776
0.6666666666666666,0.8343814732860703
3.6666666666666665,3.8243232205835263
0.8666666666666667,0.8204691862672685
0.95,0.833682427707323
1.7833333333333334,1.8312349936412513
2.933333333333333,2.8387060417964913
2.9166666666666665,2.8309390679073494
3.8833333333333333,3.8299947196974116
0.95,0.8344980401068586
3.716666666666667,3.8512528708690446
2.9,2.836723401058701
2.816666666666667,2.8324751274628412
4.0,3.8383990990542363
2.9,2.830933126248682
2.7333333333333334,2.840588069077656
2.8833333333333333,2.839799711699269
0.9333333333333333,0.8264724252983247
2.8,2.838553273121318
3.683333333333333,3.834989278821134
1.8333333333333333,1.8434618858834304
2.0,1.8344620033801267
2.8833333333333333,2.831618799802074
0.7,0.8341445920714107
2.9,2.8315127114439975
0.75,0.8274032103079862
1.7333333333333334,1.8321134417182767
2.95,2.82330826117519
1.6666666666666667,1.8331794676205895
2.816666666666667,2.8305801255464984
1.9666666666666666,1.8371852238307715
2.683333333333333,2.8294556756299936
1.7166666666666666,1.8400586227846611
3.0,2.8337056098653197
0.8666666666666667,0.8357062174242845
3.8,3.830509450894926
3.6666666666666665,3.8307714422425194
1.0,0.8329008458782435
2.85,2.8201955530387823
1.9333333333333333,1.825800895453072
0.7833333333333333,0.8357684861243173
3.683333333333333,3.829649353367148
2.9,2.831330800843258
2.9,2.8435289806490855
2.9833333333333334,2.841766643316547
3.95,3.8363056134835904
2.783333333333333,2.8402337958075328
1.9666666666666666,1.8463550790366654
2.9166666666666665,2.8366070758835957
0.7833333333333333,0.8298951124074502
3.6666666666666665,3.829047919493702
1.75,1.8332622437774015
2.933333333333333,2.841592852893386
1.9,1.837990210379863
2.9166666666666665,2.8305161339843794
0.8833333333333333,0.8253152551545295
3.9833333333333334,3.8278753477800835
1.7166666666666666,1.8490958710627807
3.7666666666666666,3.8338319580342644
0.8666666666666667,0.8245657082620755
0.8833333333333333,0.8402219848076478
3.9,3.837498709115283
2.9166666666666665,2.8426390951535905
2.8333333333333335,2.831212809241923
0.8666666666666667,0.8343836214532804
3.0,2.8374608447902347
3.8833333333333333,3.829962095076135
3.95,3.8326866551285668
1.9666666666666666,1.8311716331740115
2.933333333333333,2.833773593158376
2.8833333333333333,2.8208361743698744
3.716666666666667,3.8334139824311113
3.8666666666666667,3.830612625498719
3.8,3.834448512493522
2.7333333333333334,2.8298256145074645
0.9166666666666666,0.8375420888075833
3.716666666666667,3.8411771113331836
3.933333333333333,3.840238023284889
0.9833333333333333,0.8396877616185289
1.7,1.84234527371878
3.9833333333333334,3.847219277996968
3.716666666666667,3.8152925663197554
1.9166666666666667,1.8302990891829334
1.6666666666666667,1.8328033390840341
2.683333333333333,2.8428098985722694
3.933333333333333,3.818139748906725
0.7333333333333333,0.8506009678448757
3.8833333333333333,3.8343501187329427
1.8166666666666667,1.8294960276062031
3.8666666666666667,3.834889799296664
1.7166666666666666,1.8327779326949767
2.7333333333333334,2.825090541463794
1.9,1.828505352658244
3.933333333333333,3.834399589931723
0.8,0.8353247418580646
1.9833333333333334,1.8403012378814037
3.0,2.8408041640262214
3.683333333333333,3.8422956010652145
0.9833333333333333,0.8339873840965147
1.8166666666666667,1.8372313603829107
2.6666666666666665,2.8317445358489373
2.8833333333333333,2.835070224626196
1.7333333333333334,1.8434624085168254
0.7,0.832946919807729
0.6833333333333333,0.834878478466293
3.716666666666667,3.834310064116004
0.8166666666666667,0.824921507115041
0.7166666666666667,0.8378464891977955
0.8166666666666667,0.8421092535615915
1.7833333333333334,1.8497133132433703
0.7833333333333333,0.8360543131236543
1.7,1.8309793400008858
0.95,0.8362990281889374
0.9666666666666667,0.8431375033465182
2.6666666666666665,2.8249866325730393
3.7666666666666666,3.842110609412091
0.7666666666666667,0.8247549701157223
0.9,0.8280751333135796
2.6666666666666665,2.8335837761740095
3.933333333333333,3.8381709556452175
3.8,3.81515437321629
3.7333333333333334,3.8308267699069596
3.8333333333333335,3.821745771488479
0.8,0.8332623209308235
1.85,1.8273060164892652
2.6666666666666665,2.8462448446837794
1.0,0.836421294203235
0.6833333333333333,0.8422747461050919
2.8833333333333333,2.83543443797123
3.95,3.8240251063233104
1.75,1.842236242939451
0.9166666666666666,0.8241315791611667
0.7666666666666667,0.8298503590434474
0.75,0.8236377712002612
2.85,2.829533300787748
1.9666666666666666,1.833741434955576
2.7333333333333334,2.8299552444424503
0.8666666666666667,0.835659549939514
3.8833333333333333,3.838747889528554
3.85,3.840121377672932
2.6666666666666665,2.8367847297297897
2.966666666666667,2.8333106129737136
3.816666666666667,3.836183828194146
2.6666666666666665,2.8374608447902347
3.7333333333333334,3.8355087880720773
3.6666666666666665,3.82026543234684
2.7,2.8319506357248656
3.75,3.8277008353354165
3.683333333333333,3.837514278973281
0.9,0.8480859675308444
0.8833333333333333,0.8458807689339571
1.6833333333333333,1.8301322812410439
1.0,0.8411799224939596
1.9833333333333334,1.8406493765223066
0.85,0.8269403635264428
1.7166666666666666,1.8239593978734687
2.9166666666666665,2.8255922576197396
1.75,1.8313965255651834
1.9666666666666666,1.8413546076685827
3.683333333333333,3.825823490818865
0.8,0.8272433681778046
0.7666666666666667,0.8287035665709229
2.75,2.828892253244986
3.95,3.822018309498516
2.85,2.842575955056603
0.8166666666666667,0.8266872260198348
3.7666666666666666,3.8390196378375463
2.9166666666666665,2.828028577759466
2.683333333333333,2.8398616282980056
2.8666666666666667,2.8392655725989164
0.9,0.8434422862058668
2.95,2.834643546954825
1.8833333333333333,1.8250907572705162
2.966666666666667,2.814263288737783
2.816666666666667,2.833407964210916
2.9,2.835481939280553
3.8666666666666667,3.824905430101093
3.8833333333333333,3.8323805584426527
2.7,2.849447671346078
3.0,2.819404391343006
2.75,2.8325719471362674
3.95,3.832678311607995
0.85,0.8199837239212856
3.783333333333333,3.832781387793762
2.75,2.8307957894976523
0.9833333333333333,0.8305912000208363
3.683333333333333,3.8288536719083255
2.7333333333333334,2.837603623453737
4.0,3.8353633561718357
1.8833333333333333,1.826156935752054
1.8,1.8302282098616545
3.0,2.8234018401431875
3.816666666666667,3.846251587779045
2.7666666666666666,2.83435524614711
2.7,2.8427381032711487
1.85,1.8259389564614663
3.966666666666667,3.827267141982136
2.7,2.8359356700272556
3.85,3.8397571881886456
3.9,3.824317538295121
1.8333333333333333,1.8309045952360896
0.6833333333333333,0.8380422785856513
2.933333333333333,2.8425436399248905
0.9166666666666666,0.8346035092360105
3.75,3.8369171924905503
1.9833333333333334,1.830924469698324
1.7333333333333334,1.8303217989926923
1.6833333333333333,1.8244747444027394
2.8666666666666667,2.852334866040897
1.6833333333333333,1.8399110651005555
2.933333333333333,2.83636652918754
1.6666666666666667,1.8350312186811695
1.85,1.8320975183298032
3.683333333333333,3.841168437672626
3.85,3.8304306187652366
0.85,0.8345257146642705
2.966666666666667,2.8342042545908357
2.9833333333333334,2.839980219123078
3.8333333333333335,3.8218390169623957
2.9,2.828181624916602
2.7,2.8315598287987287
0.7833333333333333,0.8312390795118033
3.8833333333333333,3.819184615620882
3.816666666666667,3.8289055814280903
2.6666666666666665,2.8328613385903356
2.0,1.8395260323063538
3.816666666666667,3.8266635935263285
2.6666666666666665,2.8256131662640773
3.933333333333333,3.8331619905974077
3.7666666666666666,3.8542093588594586
3.0,2.831118510805051
0.7833333333333333,0.8402006898313822
3.7666666666666666,3.8117609078190595
3.8,3.823021005690639
2.716666666666667,2.831118510805051
2.9,2.830270915350174
1.7666666666666666,1.8424236265547247
2.816666666666667,2.83299296347695
0.8333333333333334,0.833682427707323
1.6833333333333333,1.8322220433966363
0.9,0.8445512708043039
1.7,1.82507172621005
0.8333333333333334,0.8283580924166077
2.9166666666666665,2.8365751609132777
3.7666666666666666,3.821748532343461
2.9166666666666665,2.8310729653376097
3.85,3.826763280945587
3.8333333333333335,3.82476892219303
2.0,1.8326232460276715
1.9,1.8237362082002568
2.9833333333333334,2.842449488846938
3.9166666666666665,3.817016348003051
3.75,3.818139748906725
0.9833333333333333,0.8272433681778046
3.8,3.841012097442702
3.75,3.8366224768439796
2.9833333333333334,2.8445751192998983
3.966666666666667,3.8371115245595835
3.85,3.8410488418945423
2.75,2.8298835392985233
3.7666666666666666,3.850849502303169
1.7833333333333334,1.8403862788159957
1.7833333333333334,1.826877897917675
2.8333333333333335,2.8248453838202123
3.0,2.824788619113732
1.0,0.8331990804668508
1.7666666666666666,1.8377181332610786
0.7833333333333333,0.8436019084600638
2.816666666666667,2.8360194746424305
0.9333333333333333,0.8411789691999647
3.85,3.829540243346738
3.9166666666666665,3.825692426426258
3.8833333333333333,3.833520254024652
4.0,3.827347326835156
1.9666666666666666,1.8367096601385842
0.7166666666666667,0.8307385753821859
2.9166666666666665,2.8398103768899845
0.9166666666666666,0.8370034689359622
3.9166666666666665,3.8360689241052572
2.85,2.8417219490364256
3.8,3.8351104533360547
1.8666666666666667,1.8263243329463705
0.8333333333333334,0.8376750127244773
1.9333333333333333,1.8314984748618928
3.9166666666666665,3.8323207631727585
2.8,2.8299181725063245
2.6666666666666665,2.825829048436804
0.85,0.8440766202345976
1.7333333333333334,1.8345983399606638
0.7333333333333333,0.8289707057970982
3.95,3.8357179684610254
0.9166666666666666,0.8305275099085759
0.9666666666666667,0.8291390684007939
2.783333333333333,2.8426635186949825
3.6666666666666665,3.84404896523145
3.783333333333333,3.834889799296664
3.75,3.8332044937867646
3.933333333333333,3.816253609225342
3.716666666666667,3.8410123828253653
0.9333333333333333,0.8293188619984565
0.9166666666666666,0.8323890571442881
2.0,1.8353897986494574
0.8833333333333333,0.8366969432004083
0.9666666666666667,0.8407001503941625
3.966666666666667,3.820545080230518
1.8666666666666667,1.8412089940348995
0.8,0.8340936433721085
0.6666666666666666,0.8379255759160132
3.8333333333333335,3.8269576783217243
1.6833333333333333,1.829216774399075
0.7833333333333333,0.8476381519077957
1.7833333333333334,1.8393400743890314
1.85,1.8240194196737063
1.6666666666666667,1.8090599381502201
0.7333333333333333,0.8361349062288709
3.85,3.832619097644472
2.9833333333333334,2.8245225318168887
0.75,0.8278612735450943
3.85,3.8378479067008264
3.9166666666666665,3.8308013648413857
2.8,2.839612948796338
0.75,0.8448987470810212
1.85,1.8164160215120344
0.7833333333333333,0.8328959547754011
2.8666666666666667,2.845648216160231
3.7,3.8406908980917422
1.75,1.8441315124194884
0.9333333333333333,0.8297926441140117
2.816666666666667,2.8309710330018936
1.7166666666666666,1.830451057064179
2.7333333333333334,2.844004891717706
0.9833333333333333,0.8376303154835705
0.8666666666666667,0.8224969504184979
1.75,1.8227460207636854
3.95,3.8313186693026346
0.7666666666666667,0.8312679157869186
1.6833333333333333,1.8251825432703146
1.8333333333333333,1.8333331285007668
0.7,0.8341836326025905
3.95,3.8307401152998364
2.9833333333333334,2.839039679810696
2.0,1.8333449907557466
0.8666666666666667,0.8303397226680245
0.9833333333333333,0.823921889842187
3.683333333333333,3.8315024233022505
2.8833333333333333,2.830379945488054
1.85,1.824305616481036
1.8666666666666667,1.832062551893274
1.9666666666666666,1.8440370285508132
0.9166666666666666,0.8361335569450924
2.8,2.8372271593391063
1.9333333333333333,1.830865049300414
2.75,2.829271834477134
3.7333333333333334,3.828502490718479
1.0,0.8349122183698846
1.85,1.8124472058012433
3.7,3.817551355766293
0.7833333333333333,0.8500167075748243
1.8833333333333333,1.8222265012425405
3.7333333333333334,3.834941089385512
3.783333333333333,3.8530335340474666
1.7,1.817235484217132
2.966666666666667,2.8396522232635975
1.75,1.8360175170490305
3.9833333333333334,3.820199199738194
3.933333333333333,3.8412610146466846
0.9833333333333333,0.8473447473483644
1.75,1.8088571682929027
1.6666666666666667,1.8375874369018823
0.8666666666666667,0.8342334028984133
0.7166666666666667,0.8378638264240419
2.7333333333333334,2.836394450913371
0.9,0.8306658445512849
1.9333333333333333,1.8374546267001606
3.9166666666666665,3.8435681472482917
3.816666666666667,3.8189138405438747
2.966666666666667,2.8258840299462626
2.6666666666666665,2.8327936322194787
1.95,1.8343033747099151
0.7666666666666667,0.830247753322776
3.8333333333333335,3.841197099359473
1.9666666666666666,1.8172292239600016
1.9833333333333334,1.8104478422114711
1.9166666666666667,1.8330374511439667
3.0,2.8291302317407387
1.8166666666666667,1.8393244583197546
1.0,0.8679928653709404
0.8166666666666667,0.8277475683716924
0.7333333333333333,0.8202952183699839
3.8666666666666667,3.8280817859766243
0.6666666666666666,0.8269342208261388
2.7,2.8301676051855895
0.7,0.8303115897755937
3.933333333333333,3.8239460495533577
1.0,0.8334463352150567
2.9,2.8209403032389972
1.6666666666666667,1.8219757364769162
3.716666666666667,3.831552269349637
3.9,3.8365109279794805
1.6833333333333333,1.8351013479219818
0.8333333333333334,0.837344387644327
0.8333333333333334,0.8416665873615581
2.8,2.842147808273128
1.85,1.8322763366710866
2.7666666666666666,2.8442529850130107
2.933333333333333,2.8346659725804506
2.9166666666666665,2.833272247626829
2.85,2.840519161600578
2.816666666666667,2.838072209108912
3.783333333333333,3.8400561853843733
2.95,2.8446382706090065
1.7833333333333334,1.8327346405829967
2.9,2.835481939280553
1.9666666666666666,1.8104480587882776
2.966666666666667,2.83551650827505
2.8,2.830116956252316
0.9166666666666666,0.8369634537502413
2.6666666666666665,2.83055447408125
1.7666666666666666,1.832609984035516
0.8166666666666667,0.8317636936411072
1.9,1.817937776057538
1.9833333333333334,1.8293870604649314
1.8833333333333333,1.8394933384449816
3.9,3.8430832048390617
1.9333333333333333,1.822703684521395
1.9,1.8298879759239244
2.7333333333333334,2.8345950837442633
1.8333333333333333,1.8389154975352324
3.0,2.8374672416392133
2.0,1.8310933516180636
1.9833333333333334,1.8391755160652081
1.9166666666666667,1.8216740308185055
0.8666666666666667,0.8341749361437705
0.9833333333333333,0.8334036846387933
1.6666666666666667,1.8032952951256538
3.8666666666666667,3.828182656321179
2.75,2.8400851032211074
3.9833333333333334,3.834303651025036
3.0,2.837060419342095
0.7166666666666667,0.8343560516402907
1.7166666666666666,1.8229901435682427
2.7,2.837679530723467
3.783333333333333,3.8317547870823723
2.7333333333333334,2.822963652922443
1.9666666666666666,1.8389900879622343
1.95,1.8229907120811188
3.85,3.830036112589887
0.9333333333333333,0.8302092864356706
1.6833333333333333,1.8279235905112676
2.816666666666667,2.8368547459579307
3.933333333333333,3.825912739895492
3.9833333333333334,3.8271010571161925
0.9833333333333333,0.8432007807097076
4.0,3.8266819559845935
1.7666666666666666,1.8313748607911893
2.8,2.832339518766941
0.9333333333333333,0.8351945691359373
1.95,1.8200366436818922
3.8833333333333333,3.8236188960855504
2.7333333333333334,2.8366863178752943
3.95,3.8328565510301527
3.8666666666666667,3.8399799154608907
3.7333333333333334,3.8375210748459625
2.6666666666666665,2.8274432289641154
3.966666666666667,3.8388367446077485
3.6666666666666665,3.8283528631865935
1.75,1.8354150997447072
2.0,1.833061565109242
3.8833333333333333,3.819877398210019
3.7333333333333334,3.825890290609612
1.9333333333333333,1.8428676064256928
2.8833333333333333,2.8323481069456693
2.783333333333333,2.8334079872539486
1.9333333333333333,1.8331794676205895
3.9166666666666665,3.8420977610998306
1.7666666666666666,1.8387661479777384
1.7166666666666666,1.832062551893274
2.85,2.830879257511901
0.6833333333333333,0.8388714307844737
3.8333333333333335,3.8429241141446737
2.783333333333333,2.8397270187838717
2.966666666666667,2.844129498106168
2.95,2.830529753722599
2.6666666666666665,2.825396488727785
0.6833333333333333,0.8337042565105212
2.7333333333333334,2.8315572320630142
1.9833333333333334,1.8277369826264505
0.7,0.844517846115471
1.6833333333333333,1.8265541838114274
0.8666666666666667,0.8464282076036511
0.8833333333333333,0.8357291922798276
2.8666666666666667,2.8401663721059305
1.0,0.8295440134933167
3.85,3.84129220548812
2.8,2.8364207087460187
3.683333333333333,3.838894779591373
1.95,1.8350768598808218
3.75,3.8239083652955177
0.8666666666666667,0.8335590446178222
4.0,3.824298940461816
0.95,0.8357763773340713
2.9,2.840750680314821
3.7333333333333334,3.828029690576455
3.8666666666666667,3.8488993499240096
2.7666666666666666,2.8269462505128713
3.716666666666667,3.8308385374518177
2.8,2.845804309077528
1.7,1.835709911768045
1.9666666666666666,1.8230878966093638
1.9666666666666666,1.8244255334551385
1.9166666666666667,1.8382269826397075
1.7666666666666666,1.838369562431218
0.6833333333333333,0.8221266329733978
3.716666666666667,3.834072817848904
1.8666666666666667,1.842399562447213
1.8666666666666667,1.8303198839931483
3.7,3.837696166935981
2.933333333333333,2.8408037088434632
0.9,0.8310336608471863
3.966666666666667,3.825394689121636
0.9666666666666667,0.8417850212249723
0.8166666666666667,0.8300105477879555
1.8666666666666667,1.8276847684277449
3.95,3.828299320854681
0.6833333333333333,0.8546508012465587
1.8,1.8244710858595272
0.9166666666666666,0.842289676491563
2.8833333333333333,2.851367310621827
1.6833333333333333,1.8255060586105094
0.9,0.8306235984084178
1.7333333333333334,1.837138740379194
2.683333333333333,2.825160687170509
1.9333333333333333,1.8298573198772738
1.7833333333333334,1.8212369088317102
0.6833333333333333,0.8491972444622917
3.7333333333333334,3.832693714920455
2.85,2.8313904811427517
2.75,2.8344817533780287
3.8333333333333335,3.8305723903245963
2.7666666666666666,2.8387860509374816
0.9333333333333333,0.8327996545507229
3.95,3.834961401414008
2.966666666666667,2.836016915092154
2.9166666666666665,2.825597209435147
1.75,1.8334058344278439
1.9,1.825753364675429
2.816666666666667,2.8457966228248126
2.933333333333333,2.8401231532352424
1.8166666666666667,1.8295797859117786
0.7666666666666667,0.8231447601411968
3.7666666666666666,3.835769054335448
0.8,0.8289931608748379
2.783333333333333,2.8361560193658137
1.6833333333333333,1.8263953827978232
2.7,2.8411943938813264
2.75,2.833613815133755
0.8333333333333334,0.833081959796073
0.7666666666666667,0.8289454668590449
2.7333333333333334,2.8267246626531386
2.816666666666667,2.81647172119415
2.8666666666666667,2.83332915814731
1.9166666666666667,1.8326311838659586
2.85,2.8438272058030596
2.0,1.8284767193148619
2.7,2.843295089648331
3.7666666666666666,3.828520482625888
0.7,0.824836151848513
3.8666666666666667,3.8411771113331836
0.7666666666666667,0.8307927747326731
3.6666666666666665,3.8305798949964402
3.933333333333333,3.8390960886277656
0.7333333333333333,0.840361141847617
3.75,3.8274635917861057
2.7333333333333334,2.840565154879211
0.85,0.8368857646539221
2.8,2.8423544295060204
3.9833333333333334,3.8383445866521906
0.85,0.844095059941147
0.7833333333333333,0.8230993579848608
1.7666666666666666,1.836759763408463
1.7166666666666666,1.8250981437705789
1.7333333333333334,1.828161846980988
3.8333333333333335,3.8251525297576285
1.7166666666666666,1.829345696258062
2.6666666666666665,2.8438246513428918
3.7333333333333334,3.821433514779942
1.9,1.8435874757258823
3.6666666666666665,3.8413511948152763
0.8333333333333334,0.8399495854255169
1.75,1.8507502375076117
2.966666666666667,2.8388152640358726
1.9166666666666667,1.844738498957885
2.7333333333333334,2.8354171891771762
3.933333333333333,3.828114076621648
1.7666666666666666,1.8327644932671368
1.95,1.8412015156714552
1.8333333333333333,1.8297350710744646
3.8,3.84421902017295
3.716666666666667,3.841103610948379
0.7833333333333333,0.8432618786917334
3.9833333333333334,3.8330474938508674
2.8833333333333333,2.840360427413083
2.816666666666667,2.8315839366438365
0.6666666666666666,0.8211908995552971
1.9666666666666666,1.8259389564614663
0.8666666666666667,0.8280751333135796
3.7,3.8281413670620412
2.9166666666666665,2.838386113612466
2.683333333333333,2.8386232237875864
2.7,2.8372799654010623
1.75,1.81932082894973
1.8833333333333333,1.8319473122332304
2.783333333333333,2.8515871257316694
3.7333333333333334,3.827317916418719
3.8,3.8318385954596597
1.95,1.8187537924613904
0.9,0.8338458067778524
3.6666666666666665,3.83527573038604
0.8666666666666667,0.8461585378638411
2.6666666666666665,2.840341901844164
1.7,1.821392836444057
0.7833333333333333,0.8266751415170549
0.8833333333333333,0.8357090485970269
1.0,0.8346774548781543
2.8,2.839039679810696
1.7666666666666666,1.8471397709979889
3.6666666666666665,3.8323953351591267
1.9,1.8354722767796552
0.75,0.8278283403567878
0.7166666666666667,0.8417949189459228
2.9,2.8451234997651316
2.9166666666666665,2.83025252077199
0.7833333333333333,0.8409094607774676
2.7666666666666666,2.8517512848492923
3.8,3.847186898997815
3.7666666666666666,3.827929221631859
3.95,3.828867114092427
0.85,0.8421909677963484
0.8833333333333333,0.830955531097199
3.9833333333333334,3.831640217649979
0.9,0.8324348458211728
2.9166666666666665,2.8419344680673264
0.8166666666666667,0.8223413329708226
2.683333333333333,2.8321172884661
0.9333333333333333,0.8357765900082693
3.716666666666667,3.840430251526251
0.7333333333333333,0.8313977595569549
1.8166666666666667,1.8056804148967598
0.8333333333333334,0.8293803865259782
1.75,1.83683429528525
0.7,0.841857270644888
0.7833333333333333,0.8319670390520807
3.9,3.8399799154608907
3.683333333333333,3.841203116120047
1.8333333333333333,1.8289286889993612
2.783333333333333,2.8382194237140292
1.8333333333333333,1.8314145343963986
3.7,3.826763280945587
0.85,0.83467817571976
2.9,2.8316484043471335
3.75,3.824199143727806
1.9333333333333333,1.8193708195278904
0.6666666666666666,0.8350914624244088
0.7333333333333333,0.8289782399321496
1.75,1.827464758779637
2.6666666666666665,2.8327626650709603
2.8666666666666667,2.819959589456669
2.75,2.8365940863424925
0.8333333333333334,0.8312241061133773
3.716666666666667,3.845524806653989
2.0,1.8265995946137397
2.6666666666666665,2.84220880675561
1.6666666666666667,1.8404438629643465
1.85,1.8303922985255898
1.9333333333333333,1.8479799974470492
1.7333333333333334,1.831517860808341
1.8833333333333333,1.8283520672550413
3.85,3.8356903740084585
1.9166666666666667,1.837134041369728
4.0,3.8302392180306084
3.95,3.8408582174922596
1.7166666666666666,1.843458657135467
3.7333333333333334,3.8339057096576488
1.7166666666666666,1.832677916749221
1.7666666666666666,1.831693765569975
1.6666666666666667,1.8382566022706919
2.0,1.8203192476522971
2.7666666666666666,2.8322387007085386
0.75,0.8276101340566082
2.816666666666667,2.838219362844472
2.8,2.836193223638264
2.783333333333333,2.82877654936914
0.9166666666666666,0.8240000909101614
0.9,0.8330899269889888
3.9,3.8310634120869
2.7333333333333334,2.8345876176982276
0.8666666666666667,0.8312770506048208
0.8333333333333334,0.8451784476129853
3.8333333333333335,3.841642800859519
0.7833333333333333,0.8433773263770307
2.9833333333333334,2.8351451229197466
1.0,0.8296254198499321
3.85,3.833379795233488
1.7,1.819083067578434
1.7833333333333334,1.8398877615522466
0.6833333333333333,0.8201156732336375
1.7333333333333334,1.8436650851198186
2.8833333333333333,2.8198485785731537
3.9,3.835382400074494
2.8333333333333335,2.8178064566057834
0.8333333333333334,0.829985506717003
3.7666666666666666,3.8364227737088274
0.95,0.8451845013233532
0.6833333333333333,0.8447628758132063
3.9166666666666665,3.83526313295831
2.716666666666667,2.8357618978767856
0.7,0.8323653794188537
1.8833333333333333,1.8399902487118123
0.6666666666666666,0.8410447511894544
3.95,3.8390733168391824
3.933333333333333,3.823419703372817
2.683333333333333,2.849308370676425
2.7,2.8323555121031556
1.8,1.8377907981905626
1.9166666666666667,1.8445604200882952
3.816666666666667,3.8349043264655838
0.85,0.8342423014898388
2.8333333333333335,2.832585855050658
1.6833333333333333,1.8462634876056918
3.85,3.847274235692245
1.7333333333333334,1.8232794495280522
0.7166666666666667,0.8440347964831234
0.8666666666666667,0.837239382129578
3.9166666666666665,3.8326799168827193
2.933333333333333,2.8355655034259555
0.95,0.8219187065354683
1.8166666666666667,1.83128052341451
2.0,1.824777935275177
0.8333333333333334,0.832423075541898
1.7833333333333334,1.8317271886203976
1.9333333333333333,1.8141876044964966
2.683333333333333,2.8438743420849617
0.9666666666666667,0.8365285578988586
3.7,3.831413222230946
2.966666666666667,2.831476163777919
3.9,3.820552357753428
0.9166666666666666,0.8349711517701511
2.0,1.8462209625543176
1.7833333333333334,1.8347966743171111
3.0,2.8358018647550596
0.7166666666666667,0.8288876033772007
3.6666666666666665,3.8173352026856286
3.75,3.829825770116764
1.9833333333333334,1.8400767423947963
1.9333333333333333,1.8319794793588593
2.95,2.834926315307199
0.7666666666666667,0.8286945807832715
0.85,0.8453625247767618
1.9166666666666667,1.8361824858854374
0.6666666666666666,0.8389953684627165
0.9666666666666667,0.8329842699949661
3.816666666666667,3.8108461677383434
0.7833333333333333,0.8340527263348032
1.7666666666666666,1.8366163246593032
1.8666666666666667,1.8323214401847974
2.8833333333333333,2.830066793698628
0.9666666666666667,0.8379250765951747
3.9,3.8296038507586645
2.716666666666667,2.839796916107438
2.8,2.839509300033853
2.966666666666667,2.836172884863862
2.7333333333333334,2.8326676837379754
0.9833333333333333,0.8236351138539793
2.85,2.837310904597595
2.9,2.835925726024909
2.9833333333333334,2.8380713183991686
1.9833333333333334,1.8281098139555416
1.6833333333333333,1.8497604554125857
0.85,0.8264565475293744
0.9,0.8440823219896455
0.8666666666666667,0.8238922399341433
1.9166666666666667,1.8198890531491194
1.8166666666666667,1.835922135334277
0.8333333333333334,0.8366739709087951
2.85,2.8438272058030596
3.6666666666666665,3.8349692291192907
3.9166666666666665,3.8248618086457196
2.8,2.829970001007328
3.966666666666667,3.826223641463681
2.716666666666667,2.847656668052232
2.6666666666666665,2.8429012256226427
1.85,1.8352353604220069
1.8333333333333333,1.8403811683200109
3.966666666666667,3.833254669655452
3.8,3.8329916334465177
1.9666666666666666,1.8138195864067646
2.6666666666666665,2.8462516074374817
1.9833333333333334,1.837005926497145
3.8,3.8338899858321285
0.75,0.8456624791529732
1.7166666666666666,1.817935297201866
2.6666666666666665,2.827302093767936
1.7666666666666666,1.8001066471177032
2.9833333333333334,2.8339845855003953
2.7333333333333334,2.827028468510266
3.716666666666667,3.83084916048936
1.75,1.8318955872086462
1.7,1.8336139440402517
3.7,3.827426726194342
1.9,1.8270709751112215
3.7666666666666666,3.834192095952192
0.75,0.8270851655822079
3.783333333333333,3.851242917403482
2.85,2.8381607621489233
1.7666666666666666,1.8380724041289378
1.9333333333333333,1.8310612230255165
0.6833333333333333,0.8410232975783422
1.8833333333333333,1.8330035129437474
3.7666666666666666,3.832794516857139
3.75,3.833649983235068
2.966666666666667,2.83493156192239
1.8166666666666667,1.8317031341488297
1.8666666666666667,1.825456346554044
3.75,3.8295658857522117
1.7,1.8509857767598752
1.85,1.8344229374973196
3.7,3.8247744368303636
1.95,1.8423698235058066
0.8333333333333334,0.8231370201042238
3.816666666666667,3.830392017314759
3.683333333333333,3.8211742875944186
3.716666666666667,3.830465150220326
1.0,0.8337701587245145
1.8833333333333333,1.8268834743756646
0.9833333333333333,0.8374246029173175
0.7333333333333333,0.8294594184538693
1.6833333333333333,1.8265640777758418
1.7333333333333334,1.8284509893322314
3.8833333333333333,3.8540638148208455
1.8166666666666667,1.8470536449429185
2.683333333333333,2.8305801255464984
2.683333333333333,2.83797570970608
2.8833333333333333,2.832089533229089
0.85,0.8282111970609695
2.7333333333333334,2.8329949026592582
3.8,3.836817409946099
3.6666666666666665,3.836625418857501
0.85,0.8350927938629404
0.9833333333333333,0.8347307248975485
1.8166666666666667,1.8277063635972366
2.7666666666666666,2.835357026321306
2.683333333333333,2.8388445777069955
3.7666666666666666,3.830098188020097
1.8166666666666667,1.8274414981036806
1.85,1.828531141939639
2.8333333333333335,2.83622530046572
2.8333333333333335,2.8447397614741265
1.7833333333333334,1.8329367529773897
1.8,1.8340792364368645
3.8,3.822268421285143
2.716666666666667,2.8382714828310553
1.95,1.8374941321433778
0.75,0.8274314263970575
0.8833333333333333,0.8297704082699735
2.8666666666666667,2.8443760782094647
3.9166666666666665,3.84267985030976
3.8833333333333333,3.844345139928339
3.6666666666666665,3.833699006354463
1.95,1.8269660700808767
2.8666666666666667,2.842734033598556
1.9666666666666666,1.844032887399653
0.8166666666666667,0.8318708248245783
2.7666666666666666,2.835479050908039
3.9166666666666665,3.8351783967788817
0.7166666666666667,0.8597331407660944
4.0,3.8331120168745128
3.7333333333333334,3.828045135127809
0.9,0.8367593552047246
0.9166666666666666,0.8506940593730173
1.6666666666666667,1.8345517263292692
2.9166666666666665,2.827762492082931
2.9833333333333334,2.8442272594067934
3.816666666666667,3.8259447534346247
1.6833333333333333,1.8346347391131275
0.8333333333333334,0.8279725026470074
3.9833333333333334,3.8247412888669423
3.933333333333333,3.8355818254319285
3.95,3.833960362809333
2.816666666666667,2.830940218846668
0.95,0.8343746685946709
3.683333333333333,3.8424139120706338
1.6666666666666667,1.8334490321839712
3.6666666666666665,3.833617882482508
1.8166666666666667,1.828505352658244
1.9333333333333333,1.8372976880044607
3.95,3.8396604829523584
0.9833333333333333,0.8335028503514941
1.8,1.8393739373584603
0.9666666666666667,0.8207474014916903
1.8333333333333333,1.828018163189244
3.716666666666667,3.8340084380241195
0.8,0.8270677746869005
2.933333333333333,2.833804997874695
0.8833333333333333,0.8423690841487972
0.8833333333333333,0.8358855772666642
2.0,1.831469631231843
0.75,0.8308610906246667
0.7833333333333333,0.8368888275080282
2.7333333333333334,2.846922930058041
3.0,2.8317599217405576
1.9,1.830618128482166
2.8666666666666667,2.8331785924752184
2.95,2.8472139331134287
2.9,2.8245152719848057
3.9833333333333334,3.82723152758335
0.85,0.842278058024501
3.75,3.829949060196691
1.7333333333333334,1.8369581389876257
0.8166666666666667,0.8251358314227248
3.7,3.83827803504425
3.7333333333333334,3.829937576252343
0.9,0.8249593691582444
2.75,2.830296905421356
1.7333333333333334,1.8307236087876149
2.7,2.833913654940781
1.9,1.8123894921430843
3.6666666666666665,3.825896279399617
3.966666666666667,3.8397169891031506
2.8,2.831956395142506
3.6666666666666665,3.8346170072454258
3.8333333333333335,3.8322483049728198
3.9833333333333334,3.836829727176233
0.9333333333333333,0.8436646562095038
2.966666666666667,2.837011606851022
2.85,2.8306526597283086
1.0,0.8296073251731341
1.8166666666666667,1.8295389714937793
1.7333333333333334,1.8387746954741642
1.9,1.8342083133572686
3.8666666666666667,3.824227974451404
1.6833333333333333,1.8374206094572976
2.8833333333333333,2.835039867151997
2.75,2.839616003979446
3.6666666666666665,3.8397721222355496
3.7,3.830380124808834
1.7166666666666666,1.830855343251847
1.8,1.8278797408541043
2.816666666666667,2.850241533002764
2.816666666666667,2.837894203776352
1.0,0.8314037930426342
3.7333333333333334,3.841822975427474
3.683333333333333,3.831707364085007
3.8,3.855307543216361
0.9333333333333333,0.8369721925918431
3.783333333333333,3.817678076861911
2.8,2.837648419301687
2.95,2.835242686830093
0.8666666666666667,0.8235553690662399
2.8333333333333335,2.8429242887681805
1.9333333333333333,1.830963385828391
1.6666666666666667,1.832559434214385
1.6833333333333333,1.834739217593292
3.7333333333333334,3.822945219314864
1.6833333333333333,1.8385911686409653
1.75,1.8366109589538018
0.7333333333333333,0.8335797098025653
3.6666666666666665,3.843169079785346
2.95,2.831168751388285
3.9,3.8333893150835343
2.7333333333333334,2.847192577668748
3.8333333333333335,3.8282554877049138
2.8,2.8382127497301948
0.8,0.8302454912614465
3.7333333333333334,3.8302759692994415
0.9166666666666666,0.8216632852612962
2.683333333333333,2.831212809241923
3.9166666666666665,3.8214798995735886
0.6833333333333333,0.8383241320814462
3.9166666666666665,3.832358150831571
2.8666666666666667,2.8445805883533444
1.6666666666666667,1.8308068229044772
1.85,1.8306126666773903
3.966666666666667,3.8307142919187864
1.0,0.8475766136553896
2.7,2.8424395763491273
1.8333333333333333,1.824847488892737
2.966666666666667,2.838213052675266
2.8,2.834002541282773
1.7833333333333334,1.8249841024240852
0.85,0.841781790020956
0.8,0.8205804278102998
1.95,1.8276590998501627
3.8666666666666667,3.8356344972069847
0.8333333333333334,0.8341568951038704
2.816666666666667,2.8406686311080254
0.7666666666666667,0.838514695161924
3.8,3.8403626175573664
0.9666666666666667,0.8240889373387873
1.8333333333333333,1.8343911368396493
2.933333333333333,2.833810842930576
0.75,0.8278283403567878
0.6833333333333333,0.8291486486954934
2.85,2.8339160688610936
3.7,3.834737928715268
3.7,3.831789703300868
0.8333333333333334,0.8334069241320577
3.966666666666667,3.8254690328583774
0.7166666666666667,0.8300595454410451
1.8333333333333333,1.8397978163404554
2.9166666666666665,2.846613673152936
0.75,0.8384769045338771
3.7,3.832055574306179
1.9166666666666667,1.8343956702938196
0.8333333333333334,0.838065923043576
1.7666666666666666,1.83509061405761
2.9833333333333334,2.8417336861254863
0.9833333333333333,0.8209579297042906
1.95,1.8288475220903302
0.7833333333333333,0.8337769030047962
0.8833333333333333,0.8338315402324088
1.7833333333333334,1.8331922845961608
3.75,3.822165343848442
2.933333333333333,2.828361307468702
3.9,3.822098428620858
0.9833333333333333,0.8270266665894265
2.0,1.8314709029570742
2.9833333333333334,2.835537918840251
1.7333333333333334,1.8243684622507816
0.7833333333333333,0.8477001945947371
3.9,3.821808774279873
1.7166666666666666,1.8267930923490323
0.7833333333333333,0.8349227432976357
1.9833333333333334,1.8312043309556552
3.933333333333333,3.8284564776227756
0.95,0.8310514887843332
1.95,1.8336558200399875
2.9833333333333334,2.8387876493875264
2.683333333333333,2.834812306994916
0.9333333333333333,0.8398004855113309
2.783333333333333,2.83245107765966
3.9166666666666665,3.829330878764706
2.8,2.8474174828159584
0.7666666666666667,0.8350732620823282
2.716666666666667,2.8244527853190853
4.0,3.8278916988515816
1.8166666666666667,1.8276809972673156
1.7166666666666666,1.8303015038680308
1.6666666666666667,1.8295991365748951
1.8833333333333333,1.8353280754193149
1.7666666666666666,1.8461929569772528
0.9833333333333333,0.8181237817037084
2.933333333333333,2.8323675254742966
2.9166666666666665,2.842245368393678
1.9,1.826582652112872
4.0,3.8309375605638407
0.7333333333333333,0.837344387644327
0.8166666666666667,0.8291486486954934
2.85,2.8277289866503463
2.6666666666666665,2.833485287731573
0.9666666666666667,0.8253057280238625
0.8166666666666667,0.8342995173034518
2.7666666666666666,2.829274993823135
3.7333333333333334,3.830751799523716
0.8833333333333333,0.8326115954256467
1.8333333333333333,1.827083514639905
3.7666666666666666,3.827701570744202
3.9,3.824878421414304
4.0,3.8247357486599065
1.6666666666666667,1.8358572364069632
2.6666666666666665,2.8309632229590727
0.9333333333333333,0.833669589280648
1.95,1.8172763182432319
0.6833333333333333,0.8188464972617318
3.75,3.8220183091197266
3.8833333333333333,3.8257712656197618
3.933333333333333,3.825157070860077
2.816666666666667,2.8406672104787174
2.95,2.850849652340101
0.6833333333333333,0.8274567052055042
3.6666666666666665,3.825854827492347
2.6666666666666665,2.8379475100491787
1.9333333333333333,1.8272595029608556
3.7333333333333334,3.835995228320582
3.7666666666666666,3.8287026907342403
1.9333333333333333,1.8240106707669888
0.9,0.8374657238059836
1.9833333333333334,1.827945998453143
1.9666666666666666,1.857013973131667
1.7333333333333334,1.8397511068579147
2.783333333333333,2.7915473290672694
3.75,3.821580791869522
2.966666666666667,2.8298256145074645
2.95,2.8356901665216334
2.8666666666666667,2.82885191367488
0.8,0.8269328599026871
1.9833333333333334,1.8310612230255165
2.716666666666667,2.817087395632263
2.6666666666666665,2.8410411278313807
2.85,2.8324989744268128
2.783333333333333,2.8374836272064705
0.95,0.8459154311573996
3.966666666666667,3.835329248879842
1.7,1.8271307010654374
2.8333333333333335,2.8244576169027606
3.75,3.826793422499287
4.0,3.834196037351938
2.8,2.8438176526386014
2.8833333333333333,2.8322901960701383
3.716666666666667,3.839260764822343
1.9833333333333334,1.8493234827168274
3.966666666666667,3.833692247617264
1.85,1.83335323761558
1.7833333333333334,1.8167647629875676
3.783333333333333,3.8349692291192907
0.85,0.8336376517223172
1.8,1.839112979875049
3.8333333333333335,3.8390646888379485
3.783333333333333,3.8296511582072794
3.9833333333333334,3.8328420303368618
2.85,2.831507008264323
3.9833333333333334,3.836187594234273
3.8833333333333333,3.8273676755517596
0.8166666666666667,0.8373363393525577
2.816666666666667,2.830811800756407
1.9333333333333333,1.832209803935014
0.8333333333333334,0.8284956693920278
2.8833333333333333,2.825745101663946
2.783333333333333,2.8353384328845794
2.966666666666667,2.8297779502698086
2.6666666666666665,2.839565620344828
2.8,2.8447253706855804
0.6833333333333333,0.8426065044768742
0.7666666666666667,0.8350119373510503
0.6833333333333333,0.8385036770243701
2.7666666666666666,2.829421629790648
0.8666666666666667,0.8366968299888097
0.7833333333333333,0.8359207311781415
1.8666666666666667,1.8495762047283864
2.783333333333333,2.8404410457435905
1.95,1.8375874369018823
0.85,0.8284377213040476
3.6666666666666665,3.835041748494
3.7,3.841350716481705
0.9666666666666667,0.8326275229161999
3.966666666666667,3.8514103820804637
2.0,1.8299575846402327
2.7,2.8448606761437265
3.85,3.8213755225422767
0.9166666666666666,0.8362710440892481
3.683333333333333,3.8313614933581586
1.95,1.8233028989735605
2.9166666666666665,2.81465763542248
3.0,2.8179782917475134
2.683333333333333,2.834667049989889
0.9666666666666667,0.8331657738557235
0.9166666666666666,0.8381159294653275
2.7,2.8315175222411875
0.9833333333333333,0.8407025882493777
1.9166666666666667,1.8382990324804354
2.783333333333333,2.8404375184530495
1.95,1.827247236201021
2.783333333333333,2.823744993481743
2.933333333333333,2.849480776499706
2.9833333333333334,2.838384664850935
3.8833333333333333,3.827633185462962
1.7166666666666666,1.8369568520544584
1.9166666666666667,1.843487478324697
1.9166666666666667,1.8438061956796648
1.9,1.823467738292874
0.85,0.8476934889046995
0.75,0.8394424670657528
0.8833333333333333,0.8223541624715389
0.9333333333333333,0.8340908695707612
3.683333333333333,3.8374001429969002
4.0,3.8412610146466846
1.0,0.8360439850341767
1.6833333333333333,1.8273112439172134
0.7833333333333333,0.8383130601077191
3.7333333333333334,3.8361006796035717
3.8,3.83527573038604
0.85,0.8330388930530184
3.75,3.834402345908483
3.7333333333333334,3.8315166832177074
0.6666666666666666,0.8275004198553355
3.7666666666666666,3.8356091267770323
3.85,3.833079722616737
0.7833333333333333,0.842313413149157
3.716666666666667,3.8330853013448034
3.7333333333333334,3.8351574773968222
3.85,3.836510236125438
3.7,3.830855679903471
3.783333333333333,3.841067909167107
3.8,3.823028619457853
3.683333333333333,3.8381277923996304
3.783333333333333,3.8349135817975277
2.816666666666667,2.8246383056076634
0.8,0.8376115692321272
1.9,1.837864379668204
2.85,2.8243241249337796
3.9166666666666665,3.8370309716484483
1.9666666666666666,1.8306302577336977
0.9,0.825569762307712
1.7666666666666666,1.840696771522338
2.6666666666666665,2.8308961227390563
3.0,2.8356073389076637
1.8333333333333333,1.835920120656135
1.8833333333333333,1.839651688238148
0.8333333333333334,0.8291289335762947
2.783333333333333,2.842587456494857
2.8833333333333333,2.822396415077114
1.75,1.8265418495832157
4.0,3.8196350902562823
0.95,0.8167560500036316
1.9833333333333334,1.8181662767793214
0.8833333333333333,0.8260687947949951
2.816666666666667,2.8355820152585114
0.85,0.8459344875449569
3.9833333333333334,3.831668913947059
0.9833333333333333,0.8324962728809688
3.75,3.8300160698131105
2.9833333333333334,2.8317738574363416
1.6833333333333333,1.8103421862338975
2.683333333333333,2.8356784490833475
1.95,1.832484509009756
3.7,3.837640059343339
1.8666666666666667,1.8215938183556297
1.7333333333333334,1.8399303444266775
3.783333333333333,3.8317212328596275
2.716666666666667,2.831625322733525
1.9333333333333333,1.8369340086677548
0.75,0.8241603223369849
2.8833333333333333,2.832105873088066
0.85,0.8432618786917334
3.683333333333333,3.8346170072454258
3.816666666666667,3.82097288183766
0.95,0.8290599940293751
3.95,3.8416769217960383
0.9,0.8340184553298288
0.7666666666666667,0.8257024554387646
0.9833333333333333,0.8311551905653757
1.9333333333333333,1.8246862622289475
1.6833333333333333,1.8281387742277277
1.8666666666666667,1.8322513527374573
2.933333333333333,2.8359347084506665
3.0,2.844129498106168
0.6666666666666666,0.8394949458624046
1.0,0.8387578836291033
3.95,3.833301397452219
3.966666666666667,3.8253423109534364
3.85,3.8313835578814452
0.75,0.834139101888319
0.9666666666666667,0.822001548690591
3.716666666666667,3.8451406770752556
3.716666666666667,3.8317982964973702
2.933333333333333,2.8311287167809747
0.8333333333333334,0.8174531451674611
2.7666666666666666,2.8320640396688934
3.7333333333333334,3.83110718626389
1.9833333333333334,1.8445082086260876
0.6833333333333333,0.8375382086679943
1.7666666666666666,1.825094538964085
2.85,2.8451986389144817
1.7833333333333334,1.830680012097372
3.816666666666667,3.8383445866521906
3.75,3.8342596255243206
2.95,2.835047515780334
0.7,0.8302897919280088
1.9,1.8345064374898619
1.6833333333333333,1.8384786806025963
3.7333333333333334,3.827372792448922
1.7166666666666666,1.8362883348152153
1.7166666666666666,1.827675706014445
2.8833333333333333,2.8451423126309128
3.75,3.827431994187618
2.0,1.837780283969256
2.9166666666666665,2.839766478342964
2.9166666666666665,2.828974035524336
2.7333333333333334,2.8243818261188407
3.9,3.8350363789985686
0.7333333333333333,0.8407280846393012
2.85,2.835470233993317
0.9666666666666667,0.8367011644561468
2.8,2.8431921060551484
2.683333333333333,2.836931653103138
0.9333333333333333,0.8390672200964329
3.0,2.8350189358223346
2.816666666666667,2.8402870993130245
1.8166666666666667,1.8322309161249108
0.6666666666666666,0.8360526237654401
3.9833333333333334,3.816035035354497
0.9833333333333333,0.8394046144854487
0.7166666666666667,0.8192114611898171
2.8833333333333333,2.846241593560234
0.8333333333333334,0.8515351974398534
2.9833333333333334,2.813296543715482
2.85,2.8384151288711985
0.7833333333333333,0.8401894503156843
2.7,2.8399205161277497
1.7833333333333334,1.8233460835369366
1.7833333333333334,1.8400745745121
2.7333333333333334,2.8327936322194787
3.75,3.8268531903322685
1.8166666666666667,1.8373968018614855
0.7666666666666667,0.8328397681162025
2.816666666666667,2.8432224660027234
1.8666666666666667,1.8311911992040422
2.933333333333333,2.8375517965846218
2.6666666666666665,2.8374836272064705
0.7333333333333333,0.8247250796367231
2.7666666666666666,2.839085241268959
0.9333333333333333,0.8266552374882993
3.9166666666666665,3.831172791422373
1.8,1.8467681243796994
1.7833333333333334,1.8358379271805956
3.783333333333333,3.8453791298325712
3.7333333333333334,3.840747259141784
3.9,3.8495493404491374
0.9333333333333333,0.8453702751787469
3.6666666666666665,3.8458874784642982
2.75,2.8347204436555105
2.7666666666666666,2.836041190351227
3.933333333333333,3.8330853013448034
0.75,0.8368758093360026
0.95,0.8228979105869817
1.7666666666666666,1.8384640395170573
1.8666666666666667,1.853530142515609
0.6666666666666666,0.8245483471777091
0.7833333333333333,0.8326128590815692
1.9666666666666666,1.8404733358413745
2.8833333333333333,2.837709702240076
3.7666666666666666,3.8213999403044188
2.966666666666667,2.835526414451154
3.8833333333333333,3.833940448053647
3.8,3.8496020781514115
3.966666666666667,3.825242878977958
3.966666666666667,3.8307724380772665
1.7166666666666666,1.8199195656504656
2.6666666666666665,2.8258328956749015
3.7333333333333334,3.840813502060832
2.75,2.84385247357275
2.9166666666666665,2.8412296408717146
1.7666666666666666,1.8370092269846274
3.683333333333333,3.840448655540626
2.7,2.838885114307037
3.6666666666666665,3.8421977366660247
0.6666666666666666,0.8285210857873939
1.8166666666666667,1.83134450829277
1.8333333333333333,1.8319717739615842
3.816666666666667,3.833401666102538
0.9333333333333333,0.837138031208079
3.9,3.8300400889948207
3.85,3.8231366475104953
0.85,0.8367264624865058
0.7,0.8332486501392978
0.7166666666666667,0.8392750150502677
2.683333333333333,2.8287193344051116
3.9166666666666665,3.826511528753577
2.0,1.8330414248773894
0.8666666666666667,0.8281662563176024
2.9833333333333334,2.8426763526212535
3.7333333333333334,3.8368613030409087
3.75,3.833720038471632
0.8333333333333334,0.8350626424417049
3.75,3.828868020433752
2.683333333333333,2.827952348369235
3.9166666666666665,3.828316616717315
1.7666666666666666,1.8255620045503143
2.716666666666667,2.8335899993699463
2.8666666666666667,2.842939307093733
1.8833333333333333,1.8340122732454451
1.8333333333333333,1.832215440103274
3.9833333333333334,3.8366517783690965
3.683333333333333,3.8250031577098724
2.783333333333333,2.828157035744765
0.9333333333333333,0.8311893835586609
1.9833333333333334,1.8300903108215565
2.95,2.8347142529229177
3.716666666666667,3.827017244612666
3.8,3.8472383902414604
0.9,0.8370365472320568
0.8333333333333334,0.8382698239595158
2.7666666666666666,2.8375697846315098
3.95,3.830685275226573
3.933333333333333,3.8484705355987545
2.85,2.830037692675014
0.6666666666666666,0.8289364474339598
1.7666666666666666,1.8366187266669585
1.85,1.829581208741446
2.966666666666667,2.847192577668748
4.0,3.840606700851674
2.8833333333333333,2.831409327855695
1.8666666666666667,1.8294936760334963
0.9666666666666667,0.8351356177269724
0.6666666666666666,0.8392750150502677
3.8,3.842324578085086
4.0,3.8257831688333725
2.7333333333333334,2.8441815939629316
1.6833333333333333,1.84159210750179
4.0,3.843169079785346
1.0,0.8296364005006643
0.9833333333333333,0.8370589104163723
0.95,0.830240580917389
1.7333333333333334,1.8407336003052004
0.9166666666666666,0.8137054807297572
3.9166666666666665,3.827925845371577
1.95,1.8249631827986728
0.9166666666666666,0.8244523110290578
3.716666666666667,3.835707286696654
2.0,1.8420943889300403
3.9833333333333334,3.8248362530001834
3.8666666666666667,3.824596219666048
3.9166666666666665,3.8333439590692358
1.9666666666666666,1.82989418407542
0.8333333333333334,0.830731094223309
1.8,1.8244746824297593
2.8,2.8384444336949897
0.6666666666666666,0.8306292258513426
1.7333333333333334,1.8355416176337593
3.8333333333333335,3.8451406770752556
2.8833333333333333,2.847862032998979
0.9666666666666667,0.8286355272599906
0.8,0.832451202457301
0.9166666666666666,0.8317830188729629
0.8833333333333333,0.8383843713693375
3.716666666666667,3.824232046032756
3.8,3.828233544856616
3.9166666666666665,3.837302212503393
2.816666666666667,2.8353006259748743
1.8333333333333333,1.8394651889779867
2.8833333333333333,2.8444539021324635
3.683333333333333,3.8369219798986847
1.9166666666666667,1.827020439471189
3.783333333333333,3.8314875119486334
1.75,1.8475783940102901
0.7666666666666667,0.8319670390520807
3.8,3.831960398959724
1.7333333333333334,1.8402552367760308
1.7166666666666666,1.80697456786292
3.933333333333333,3.842269234177696
0.8,0.842674620697328
1.7,1.8300916344519789
1.7,1.8293198773984924
0.9,0.8391916505979222
3.75,3.834520934116237
0.9166666666666666,0.8286557278026757
0.8833333333333333,0.8376802253601012
1.7666666666666666,1.8394689852859267
0.8833333333333333,0.8355077507037112
1.75,1.8317574797226825
3.8,3.8515430611701245
3.8833333333333333,3.82447497504281
0.6833333333333333,0.83923022227373
0.95,0.8319387826502991
2.9166666666666665,2.827631115553592
1.9666666666666666,1.8431231177060854
1.8166666666666667,1.843663376640039
0.9666666666666667,0.8313690000356659
0.85,0.8288337228433755
0.6833333333333333,0.8382641104194632
2.8,2.8316706282752815
2.683333333333333,2.8479875860746735
1.8833333333333333,1.8519007319149947
2.716666666666667,2.834668399052599
1.95,1.8236625292250281
0.7166666666666667,0.825569762307712
2.75,2.8466788085819057
2.816666666666667,2.837654559019418
3.966666666666667,3.8261202969088286
3.95,3.8318461751134287
2.7,2.831443830813858
2.8,2.8273693016470087
2.9166666666666665,2.839706543839731
0.9333333333333333,0.8199736813721111
1.9166666666666667,1.8332603991848857
0.8666666666666667,0.8433696681307434
0.9833333333333333,0.83847517527274
1.8333333333333333,1.8454304627422773
3.9,3.8274973614198644
1.8666666666666667,1.8317358855154864
1.7333333333333334,1.8354665428961214
0.7333333333333333,0.8227405437995128
2.8833333333333333,2.835072534275897
0.8,0.8231637360865668
3.816666666666667,3.8363596331961123
0.7333333333333333,0.8484151987526137
3.7,3.8425519564217274
0.9333333333333333,0.8313813865976971
3.7333333333333334,3.831148392110022
0.95,0.8428431021645691
2.8333333333333335,2.8134840727791506
1.9333333333333333,1.8430260200867266
1.9,1.8310757296084978
3.95,3.841642800859519
2.716666666666667,2.8331778166447172
2.7,2.829184418043907
1.95,1.8332603991848857
3.6666666666666665,3.8312895595052354
3.8833333333333333,3.845313678680711
1.8666666666666667,1.825015002365981
1.75,1.829420562892966
2.0,1.8279146951214398
4.0,3.829111630433184
2.7333333333333334,2.8334945611766136
1.8,1.8328918868747666
0.7833333333333333,0.8371827152340922
1.7,1.8320310273948544
0.7666666666666667,0.8286411309471302
0.8666666666666667,0.8330456988769712
1.7166666666666666,1.8395207927856263
0.8666666666666667,0.8463461123756786
3.9833333333333334,3.8278598933128554
3.8,3.837729779021998
0.8833333333333333,0.8415664567144006
1.7166666666666666,1.819345128384904
1.6666666666666667,1.821992513753038
3.683333333333333,3.8323447024487285
0.7,0.8304551982231355
2.8,2.8303665467543393
2.8833333333333333,2.8316105097239213
1.9,1.8326118659055652
3.8,3.8194743396236004
2.85,2.8125691613900017
3.816666666666667,3.843252092701208
0.9333333333333333,0.8227229516037556
0.7833333333333333,0.8308135879899906
2.9833333333333334,2.845401797042005
0.9,0.8312288186906163
1.9333333333333333,1.827950298536638
2.816666666666667,2.8397670749045556
2.7,2.8451234997651316
3.7666666666666666,3.8309015904404577
1.9166666666666667,1.8303198839931483
1.9833333333333334,1.8248667777711702
1.85,1.8319757715728184
2.6666666666666665,2.82748452978654
0.75,0.8279000196651706
1.0,0.8483173528770184
0.9333333333333333,0.8409031861013978
3.7333333333333334,3.838648516215898
1.8833333333333333,1.8339504457502651
1.8666666666666667,1.8326851879944122
1.9333333333333333,1.8411286758633896
3.6666666666666665,3.832239880227143
3.8666666666666667,3.8352608675180737
3.8666666666666667,3.8191594423796955
1.95,1.8479296259852156
3.8333333333333335,3.830259417942044
3.8833333333333333,3.8371947459691813
0.9666666666666667,0.8382863964300844
2.7333333333333334,2.841114496982757
1.7666666666666666,1.8248097599190276
3.0,2.8415514411901195
3.6666666666666665,3.8323953351591267
2.683333333333333,2.8458667269445312
3.8,3.8192024115894223
2.9,2.840104483011877
2.75,2.8327387821000336
1.8,1.828692826100269
1.95,1.8378306965814926
1.6833333333333333,1.833929616125931
1.85,1.838320228269628
0.8333333333333334,0.8470914207177915
3.95,3.831766332776003
3.716666666666667,3.8200141714157394
0.75,0.8294232963838555
0.9833333333333333,0.8290788561015084
0.85,0.8369166362185245
0.9666666666666667,0.8253152551545295
3.0,2.8269702867883946
1.0,0.8251963138166966
0.9333333333333333,0.8315855101401695
3.8333333333333335,3.830330333520895
0.6666666666666666,0.8294351905547819
3.966666666666667,3.830795735978224
1.7,1.8361024515797126
2.9,2.826208965400143
0.7666666666666667,0.8336929649961204
1.8,1.8471998341784859
0.9333333333333333,0.8399432240083524
0.8833333333333333,0.8332761145760559
2.716666666666667,2.828822383937794
1.8,1.833936460422995
2.9166666666666665,2.8243818261188407
2.75,2.8533078031683616
2.75,2.843041750946221
3.8666666666666667,3.839800277527664
1.7333333333333334,1.8339707355262265
1.9166666666666667,1.8315875679047044
3.85,3.8272474578060844
2.933333333333333,2.845970158493438
0.7333333333333333,0.8420264824570814
3.7666666666666666,3.84159825202205
0.95,0.8350706153974048
2.85,2.8208817293632715
0.9666666666666667,0.8165687579481515
2.95,2.8237231379957723
1.8166666666666667,1.8236697557979369
0.9333333333333333,0.8408389065344352
2.683333333333333,2.835998190641273
3.0,2.8388410257767953
1.6833333333333333,1.82595908514242
1.8,1.8395115388008603
1.7,1.825209979032322
1.6666666666666667,1.8251624768769057
3.9,3.8240242749816513
0.7833333333333333,0.8327075536143679
2.683333333333333,2.8362479862824936
3.716666666666667,3.8513204504165084
2.9833333333333334,2.837274141938447
3.75,3.838267353586964
3.7666666666666666,3.8370811679074923
3.683333333333333,3.826177577735505
2.783333333333333,2.8490718532583412
1.6833333333333333,1.8320133677270396
1.9833333333333334,1.81959328229956
2.8333333333333335,2.844905353536398
2.933333333333333,2.8568636352061163
3.75,3.8307874954591083
2.9,2.83081790474395
3.95,3.812337729692456
2.95,2.835278854125091
0.7833333333333333,0.8289285735119273
2.8666666666666667,2.8328613385903356
1.95,1.8305977015753105
3.683333333333333,3.845948875525656
0.9666666666666667,0.8298815468045171
3.9833333333333334,3.8331289403163873
1.8333333333333333,1.833802827670066
1.7166666666666666,1.8329172886927234
3.8,3.841422330170306
3.9833333333333334,3.8381885553925774
1.7666666666666666,1.8151557599711545
1.6833333333333333,1.8248793648190489
0.7833333333333333,0.8205888513381371
3.9166666666666665,3.8354645097239035
1.9166666666666667,1.8313428295406553
2.783333333333333,2.831690355294136
2.8,2.8402801139714127
2.8,2.853313164891985
2.7333333333333334,2.832779259977849
1.85,1.8351699668857622
0.7,0.8351546877436731
2.7333333333333334,2.837750418740786
1.7333333333333334,1.8353224469320473
3.7333333333333334,3.845069181501005
3.966666666666667,3.8336670503214623
0.6666666666666666,0.830489361733509
2.0,1.833002003685023
1.9333333333333333,1.834530182845309
1.8333333333333333,1.8461532389149247
3.716666666666667,3.841074555621825
2.8,2.834002541282773
3.683333333333333,3.831368099821596
2.9166666666666665,2.8415514411901195
2.8,2.835749176652493
0.8166666666666667,0.850086440415905
2.95,2.833765056583778
3.9,3.8278527455417906
0.7833333333333333,0.829488607699897
3.8,3.8240705471845406
2.716666666666667,2.8280594990853505
2.966666666666667,2.827509066151654
0.8,0.823812782359854
2.816666666666667,2.8234555576291855
0.75,0.8414951586844934
1.95,1.826645324098406
4.0,3.8386746987815674
1.8,1.8468547546094303
1.8166666666666667,1.829099854838793
3.683333333333333,3.8315020411612917
3.7666666666666666,3.8400557702442053
1.75,1.8308363902054674
0.8,0.8215649522102296
1.7666666666666666,1.8341912401143219
0.9666666666666667,0.8449838651446757
0.9333333333333333,0.8399943317109737
0.85,0.823917348230827
0.6833333333333333,0.8223732971001537
0.7166666666666667,0.8267633947360742
2.966666666666667,2.83813168497399
3.8833333333333333,3.830099733196708
2.716666666666667,2.8251039676747793
3.9166666666666665,3.8267767970492654
0.95,0.8375962456853387
3.7,3.8332214978006998
0.9333333333333333,0.8400133063228804
3.8666666666666667,3.823009681994047
0.6833333333333333,0.824038223223862
3.683333333333333,3.825381055662924
3.9833333333333334,3.8362439788789366
0.9166666666666666,0.8334069241320577
2.75,2.838084500260675
1.7166666666666666,1.8293614849891207
0.9833333333333333,0.8392186635416526
1.8,1.8332814216314017
3.9,3.8273102868763926
3.683333333333333,3.828015319568585
3.716666666666667,3.8290123899549986
2.7333333333333334,2.8430601204178374
2.7666666666666666,2.83158673500534
2.716666666666667,2.832318668994737
1.7833333333333334,1.8477693047293464
0.9,0.8301173442895418
0.6666666666666666,0.8260277022092795
3.933333333333333,3.827094349250407
2.933333333333333,2.829604552741803
2.85,2.832991431157842
3.75,3.8516030390554197
2.85,2.8454246442018216
0.8833333333333333,0.8344702010921828
0.7833333333333333,0.8346297161251612
3.0,2.8351959400096938
1.7833333333333334,1.8295389714937793
2.966666666666667,2.8284330985524857
3.8833333333333333,3.8368780731465506
0.7333333333333333,0.8365437724692062
3.95,3.837742245878328
2.8833333333333333,2.8311101661964297
2.7333333333333334,2.829452767816922
0.9166666666666666,0.8266089767701763
0.7833333333333333,0.834456181525921
0.8,0.8250155162660441
3.683333333333333,3.833326118983726
3.9833333333333334,3.829749017355898
2.9,2.8328621575816832
3.6666666666666665,3.8511159216449427
0.9833333333333333,0.8307074005174812
1.9333333333333333,1.8395239449919902
3.7,3.828868020433752
0.8166666666666667,0.8293753730876279
1.9,1.8370976505275323
1.7333333333333334,1.8311224156494907
1.6666666666666667,1.8322166034299128
3.95,3.834323813561314
3.8833333333333333,3.8337087108981596
0.8166666666666667,0.8487563234467939
1.8666666666666667,1.8392453337451284
0.7333333333333333,0.8268731598736015
2.7666666666666666,2.835207231011593
3.0,2.822183640597143
0.9833333333333333,0.8293055079245778
3.8666666666666667,3.847999078089225
1.8333333333333333,1.8353017701099776
2.6666666666666665,2.840825107828519
1.6666666666666667,1.8611192100987841
1.75,1.8423816248814706
2.9,2.842249267910993
3.716666666666667,3.8270936242031683
3.816666666666667,3.8383209555217106
0.85,0.8227229516037556
3.8,3.833968700831527
0.9166666666666666,0.8376694610728187
0.8666666666666667,0.8351145964337796
2.7666666666666666,2.829352790687967
0.8166666666666667,0.8247760502363495
0.7833333333333333,0.8323998318032926
0.8,0.8467784235085601
3.7666666666666666,3.845380528010645
3.8666666666666667,3.8214606992441946
1.8833333333333333,1.837549850853256
1.9666666666666666,1.836178604899386
3.0,2.8325319652764733
0.9166666666666666,0.851595760011773
0.7833333333333333,0.8253590022430837
0.85,0.8352493482702268
0.75,0.8330666469306074
0.75,0.828686172074961
1.8333333333333333,1.8306738754886143
3.85,3.8463981192706496
2.8333333333333335,2.8261322214459876
0.6833333333333333,0.8540314092807622
0.95,0.8443277619228607
3.8833333333333333,3.8353539878911977
3.7666666666666666,3.8326866551285668
0.7,0.8360676525342516
1.95,1.831747151653504
2.8833333333333333,2.8238384097052123
3.7666666666666666,3.8296552618932918
2.7,2.8339555246730805
3.933333333333333,3.8281254736050023
3.8333333333333335,3.831807938024946
3.7333333333333334,3.8364213221240324
1.9833333333333334,1.8314710338484468
0.9166666666666666,0.8355290301190067
1.8,1.829893134995167
3.716666666666667,3.8335591230588704
1.7166666666666666,1.8480711149317148
3.8,3.8328484663636946
0.8833333333333333,0.8453830328606158
2.8333333333333335,2.8387669685856576
3.816666666666667,3.8367349860631186
1.0,0.8410467878165803
0.8166666666666667,0.8294351905547819
2.966666666666667,2.841193012472346
1.9666666666666666,1.8236459782901082
1.9,1.8376486082127712
2.933333333333333,2.827219152045191
2.8666666666666667,2.8382162266515416
3.9833333333333334,3.809312820041186
1.9333333333333333,1.8398574323132981
0.75,0.8328258857454144
2.95,2.8471049015946925
2.8833333333333333,2.8327490485151112
0.8333333333333334,0.8306151265009918
3.816666666666667,3.8236188960855504
1.9666666666666666,1.8451193828450607
1.7666666666666666,1.8254393827366997
0.9666666666666667,0.8239394758877507
2.933333333333333,2.8269462505128713
1.9833333333333334,1.833597665684602
1.9166666666666667,1.8367054950834365
3.9833333333333334,3.8267556849091386
2.8333333333333335,2.8346377354945558
1.7,1.8296386692604596
0.7666666666666667,0.8260601378723742
1.9333333333333333,1.8434334647544404
1.7833333333333334,1.8348009131067011
0.8166666666666667,0.8285161365444061
0.8333333333333334,0.8328258722902807
2.75,2.8301551866617536
0.8666666666666667,0.8085806160915836
3.8666666666666667,3.8292516006806507
0.9166666666666666,0.839599249120592
0.9333333333333333,0.831174681490578
2.85,2.8338997093297906
3.0,2.832556516185373
0.8333333333333334,0.8360390052591158
2.933333333333333,2.827351754948808
0.7666666666666667,0.8247397691769427
2.683333333333333,2.840808844792121
3.8833333333333333,3.836189923793915
2.75,2.84344463588022
1.8166666666666667,1.8353452670961812
3.7666666666666666,3.831428993740502
2.8666666666666667,2.837951423016617
2.8666666666666667,2.825276846382909
3.6666666666666665,3.844334063500315
2.716666666666667,2.8407041583684145
0.8833333333333333,0.8400986874736678
3.8833333333333333,3.8322517150884337
1.7166666666666666,1.8399893173763509
1.7333333333333334,1.8351324087599397
0.7333333333333333,0.837879631334499
0.8333333333333334,0.8247056961041221
0.8,0.8438128689402897
0.7833333333333333,0.814366856370879
2.95,2.81409240914001
1.8833333333333333,1.8437904209821432
0.9666666666666667,0.8353920495419493
0.8833333333333333,0.8302866525088384
0.7333333333333333,0.8291292098941798
2.8833333333333333,2.836850439881742
1.8666666666666667,1.8304357333905483
2.6666666666666665,2.845510604208481
0.9666666666666667,0.832123555603001
3.85,3.825535895189506
1.8333333333333333,1.830783027035213
0.8333333333333334,0.8289688020131359
3.85,3.8465360418692893
1.6666666666666667,1.8433974474915855
2.933333333333333,2.8256446653471867
0.9666666666666667,0.8324474945488822
0.9166666666666666,0.8293711264744572
2.75,2.8330036930033913
3.9166666666666665,3.832561567343045
0.7333333333333333,0.8380089470521018
1.95,1.8377965169511905
2.95,2.8324272682214993
3.8833333333333333,3.8375270137655177
2.95,2.83017069037586
1.6666666666666667,1.8301244965432892
1.9,1.8345387312543517
1.9166666666666667,1.8312755362008863
1.7,1.8314155760671575
3.0,2.8410944081076757
1.7166666666666666,1.8377392434359496
3.8666666666666667,3.830556853227577
0.8833333333333333,0.8461280581709418
3.966666666666667,3.8283041884064484
3.95,3.8353898386137772
3.7666666666666666,3.8472383902414604
0.85,0.8224654856777214
1.75,1.8047130230229589
0.9666666666666667,0.8281655290215424
1.8166666666666667,1.8389382621652177
2.683333333333333,2.843960653518265
1.7166666666666666,1.821422457161827
3.7666666666666666,3.843761750977015
3.8,3.8380450021288026
3.933333333333333,3.8336630863698042
2.966666666666667,2.8456447762956447
3.716666666666667,3.8351376349692945
2.816666666666667,2.8317771663897826
1.6833333333333333,1.830298359292102
3.0,2.8405725706283187
0.75,0.8297900697243604
0.85,0.8309832648154617
0.7166666666666667,0.8415898645983236
3.6666666666666665,3.8430602084367216
2.7,2.8381756269163128
3.8,3.8403831639515356
0.7,0.8278783958185194
1.9166666666666667,1.8409101009881015
0.9,0.8351855455332604
1.6666666666666667,1.830849892457472
2.9,2.8361173524166805
1.8333333333333333,1.8329712327256473
2.966666666666667,2.834425641072712
2.8833333333333333,2.838923687784931
3.683333333333333,3.8393271573536043
2.933333333333333,2.829441072334214
1.7833333333333334,1.8301626735472651
3.95,3.8356484244685034
1.8833333333333333,1.8186900529212613
3.6666666666666665,3.8309600513460462
3.716666666666667,3.831789703300868
0.8333333333333334,0.8093370627333139
0.7,0.8362732316358336
3.8,3.831812489949747
0.8166666666666667,0.8301111175157294
2.9833333333333334,2.8365749876131754
3.7666666666666666,3.8326830289120757
2.716666666666667,2.8317445358489373
1.9833333333333334,1.8339717227538872
0.9666666666666667,0.8439606332559823
3.716666666666667,3.840738785551514
0.9833333333333333,0.8424150542734431
1.8333333333333333,1.8334330253187088
2.75,2.83711127442864
0.9833333333333333,0.8449838651446757
2.783333333333333,2.833568823014344
3.85,3.847072636715306
2.716666666666667,2.8360462743665154
3.783333333333333,3.8201441408722054
2.6666666666666665,2.830439421364178
2.95,2.8272859057471953
0.75,0.8138274105549158
2.816666666666667,2.8330906674364384
0.7833333333333333,0.833627612666663
0.7,0.8189361785628868
1.9333333333333333,1.8398039245876583
3.8666666666666667,3.8323338974415315
3.7,3.8420314959824626
2.7,2.836716124492785
1.85,1.8318840639751692
0.7,0.8193014986681385
3.75,3.836518191022392
1.95,1.843862113712145
1.9666666666666666,1.843701436294982
2.7333333333333334,2.8378291844206784
2.8333333333333335,2.8338683505884377
3.683333333333333,3.8390270819170547
2.7333333333333334,2.8306241896335433
0.6666666666666666,0.8401060058662744
4.0,3.8373049938527224
2.7,2.844596526858873
0.7833333333333333,0.8417143797634106
1.7,1.8215349689137346
2.9833333333333334,2.8366983307670868
3.8333333333333335,3.8367547537943483
2.9166666666666665,2.8273593470423
1.8166666666666667,1.8156413292811444
3.8666666666666667,3.841623454699763
3.8666666666666667,3.8458874784642982
2.8666666666666667,2.84363213988063
1.8833333333333333,1.8283043921446624
0.7,0.8463550728815542
0.8333333333333334,0.845218709910516
2.9166666666666665,2.8257700025935986
3.9833333333333334,3.8433931770984726
0.9,0.8298595180005092
3.8833333333333333,3.8443509589156797
0.8333333333333334,0.8378793771692894
1.8,1.8224699777904387
0.9833333333333333,0.8326279267533953
2.8333333333333335,2.827424317583206
2.8833333333333333,2.8248453838202123
2.7,2.8411352221721553
0.8166666666666667,0.8324279041218682
1.9,1.8325867618512777
0.6833333333333333,0.8369151080866137
3.75,3.8487181000708093
0.7,0.834806291613771
0.8166666666666667,0.8229340388086507
3.6666666666666665,3.828315967088327
2.75,2.8187960466160162
2.9,2.8413049238870407
2.6666666666666665,2.8288604685740237
0.7833333333333333,0.8446971772929929
1.9833333333333334,1.8318053007456438
1.7666666666666666,1.8310537691376358
3.933333333333333,3.8335558683947313
3.9166666666666665,3.842526139052322
1.7,1.8221887695366836
0.6833333333333333,0.8329122575555832
3.9,3.824579023258558
0.6666666666666666,0.8309474675901665
3.933333333333333,3.8366517783690965
1.0,0.8320835620989441
2.816666666666667,2.844241476582373
1.9833333333333334,1.815877547063745
1.6833333333333333,1.82298411152157
4.0,3.8366776261178326
2.7666666666666666,2.8251951234194412
2.816666666666667,2.8248453838202123
1.6833333333333333,1.8313263510914073
1.7333333333333334,1.8372451633049638
3.75,3.834795519482167
1.8666666666666667,1.8369705207674958
0.7166666666666667,0.8298163703783576
1.6666666666666667,1.829939353229521
2.0,1.8310249239480283
2.8833333333333333,2.8306241896335433
1.9833333333333334,1.82703064217935
3.8833333333333333,3.835329248879842
1.7833333333333334,1.8365755283098224
3.816666666666667,3.837666761688571
3.9166666666666665,3.837643366187671
2.85,2.830853801486947
0.7333333333333333,0.8324811774759919
1.7,1.8329049513101747
0.8166666666666667,0.8185423593261675
1.7833333333333334,1.829125629196479
2.816666666666667,2.8382917158655165
0.7666666666666667,0.8414097108837879
3.816666666666667,3.8201916394027493
2.966666666666667,2.8230199763054316
1.9166666666666667,1.8287287471992826
0.9166666666666666,0.8297805103546481
3.7,3.8235443650197487
3.816666666666667,3.8218828769312525
0.7333333333333333,0.8275390676820727
0.9166666666666666,0.8402436560743116
2.7666666666666666,2.8067832575649225
0.9333333333333333,0.8338999608204558
1.8166666666666667,1.8127488842195931
0.7,0.8310888266953695
2.85,2.829569867624417
1.9833333333333334,1.8356328943444709
0.7666666666666667,0.8384489284476524
1.9166666666666667,1.8479799974470492
1.9,1.8237342669558976
1.8333333333333333,1.828918563007153
0.9333333333333333,0.8205888513381371
1.0,0.8276063566056507
1.95,1.8241828272351068
2.8,2.8268649932449055
1.9333333333333333,1.8496541816069962
3.8,3.830220927306268
2.7666666666666666,2.8397916427895047
1.8666666666666667,1.8069942886388617
1.7666666666666666,1.828384354293191
2.9,2.847969609037264
3.75,3.8348691952471348
2.9166666666666665,2.842504291055911
0.9666666666666667,0.8415154176719293
2.9166666666666665,2.824210765141572
1.75,1.843527026667043
3.9833333333333334,3.826994566862497
2.783333333333333,2.8207578710329706
1.85,1.8431704843681334
4.0,3.8247014661929892
3.683333333333333,3.835761920202359
2.716666666666667,2.8324921492769004
2.816666666666667,2.818616270800175
2.8833333333333333,2.8369355971948864
3.7666666666666666,3.833974610356716
1.7333333333333334,1.822974842355593
0.7333333333333333,0.8618767875881447
1.8333333333333333,1.8402787221718926
3.75,3.831004648721505
2.8,2.835925726024909
0.9166666666666666,0.8376802922607687
4.0,3.8381386534256676
2.8333333333333335,2.827479692340909
3.7333333333333334,3.828316616717315
2.9,2.8348472231245427
2.7666666666666666,2.8485039344827525
2.966666666666667,2.851031015399323
2.7666666666666666,2.8380475274628982
1.7166666666666666,1.8335202221969285
0.8333333333333334,0.84314075103764
2.9,2.844614387806849
2.85,2.8394436348801304
2.9833333333333334,2.8389587637480203
0.8333333333333334,0.8344397830847224
1.8166666666666667,1.8376698394178026
3.95,3.8286567220956034
0.9166666666666666,0.8292441265686028
2.716666666666667,2.824146871919032
1.0,0.8218744115168305
1.8833333333333333,1.837733586370423
0.9666666666666667,0.8327722987520771
2.6666666666666665,2.844492192659092
3.7,3.8360385826789045
2.75,2.8350757621958222
1.95,1.8350454978802397
1.6833333333333333,1.8316584641283036
2.7,2.8361106890560217
1.6666666666666667,1.8613855383768507
2.8833333333333333,2.8573077214166474
1.7,1.8435548831482231
3.7666666666666666,3.8364662316474374
0.6833333333333333,0.8326128590815692
1.6666666666666667,1.8192010003726358
1.7333333333333334,1.837780283969256
1.7333333333333334,1.8380932918636554
0.7166666666666667,0.8320413492021818
2.8666666666666667,2.8389030022907065
1.7166666666666666,1.8259615620729088
3.933333333333333,3.829920363520263
1.8333333333333333,1.8346856088787222
1.8833333333333333,1.830578278636051
3.0,2.8295058272938456
4.0,3.830017860837291
1.9333333333333333,1.8325998754047945
0.8666666666666667,0.832863575633333
0.8166666666666667,0.8368857646539221
0.85,0.8208552487037077
2.8,2.8338343411213422
0.9166666666666666,0.8389401249348218
3.966666666666667,3.817353239435023
3.9,3.8251008539009934
0.95,0.8322158138571316
0.7166666666666667,0.8234467076717782
2.6666666666666665,2.8401638363718287
3.966666666666667,3.8247014661929892
1.7666666666666666,1.8282935572606385
2.966666666666667,2.8504495744937746
1.7166666666666666,1.8421986260787742
2.8666666666666667,2.8410779028959827
0.7333333333333333,0.8317552685194302
1.75,1.813592984086672
3.7666666666666666,3.8286505493574947
1.7833333333333334,1.8402957156154571
3.716666666666667,3.834323813561314
3.933333333333333,3.834124894573856
0.6833333333333333,0.833653856540352
3.75,3.8343315458627503
0.9333333333333333,0.8183871295388601
1.9833333333333334,1.8075864414625444
1.9666666666666666,1.8196092746737578
3.9833333333333334,3.835257420902887
1.9666666666666666,1.8342400351572963
0.8833333333333333,0.8319953704242945
2.9166666666666665,2.8362966198911734
0.7666666666666667,0.8353182287200146
3.7333333333333334,3.839229493655541
2.9166666666666665,2.8354040778361393
3.7333333333333334,3.830899634114358
3.8333333333333335,3.840693188960094
0.7333333333333333,0.8443011193134865
1.7333333333333334,1.8266433202215773
1.6833333333333333,1.8264585515868481
3.95,3.8377369246530253
0.9,0.830103810493198
1.7,1.8366109589538018
1.7666666666666666,1.826354655528375
1.9833333333333334,1.825923382025796
2.816666666666667,2.834974437608358
0.6666666666666666,0.8269156566405228
2.783333333333333,2.840553114517506
3.0,2.8391657379892257
0.75,0.8433773263770307
2.9,2.824644866195456
1.9,1.8332814216314017
1.75,1.8309722615169393
0.6833333333333333,0.8367906588638683
3.9,3.8294011127474734
3.7666666666666666,3.8380307774212357
1.95,1.83863797300323
1.85,1.839454071950504
0.9,0.821258999916551
0.85,0.8384122974678431
0.7,0.8388714307844737
3.816666666666667,3.8397775122223634
2.8833333333333333,2.831417275975136
3.783333333333333,3.840493389365431
2.7666666666666666,2.842966119416029
1.8,1.8200085491165812
0.6833333333333333,0.8338391115698769
1.9,1.8300642830671476
2.9166666666666665,2.845878478865507
3.9166666666666665,3.8323517761004102
2.7,2.8355434326347524
2.683333333333333,2.841013617969436
1.8333333333333333,1.833402526758725
3.683333333333333,3.8438930281794574
2.95,2.8276672006535746
1.9333333333333333,1.843527026667043
2.716666666666667,2.8393414200918294
0.7333333333333333,0.8363183459719395
3.8833333333333333,3.832794516857139
0.7333333333333333,0.8399098941594425
3.966666666666667,3.83009614719512
3.9166666666666665,3.8309707011676393
1.7333333333333334,1.8198420935052892
0.6833333333333333,0.8355861603605689
2.9,2.8231754815298986
1.9166666666666667,1.8425099717619509
0.9666666666666667,0.8444992736429789
0.8333333333333334,0.8357792858512422
1.9166666666666667,1.8215161788336365
3.933333333333333,3.832664239030332
1.7666666666666666,1.8311930085726744
2.9166666666666665,2.842618450808452
3.683333333333333,3.8327865561268664
1.85,1.8322711618629335
1.95,1.8282238432781461
1.9333333333333333,1.8323014113222127
2.0,1.8395369375009012
0.8166666666666667,0.8329373119965027
1.85,1.821828502442902
1.0,0.8322230909214037
3.8666666666666667,3.830236699633175
3.75,3.831208741171662
1.8666666666666667,1.835060692614403
3.7666666666666666,3.818623078762764
3.8,3.826384965019322
1.8666666666666667,1.8214156079746966
0.8833333333333333,0.8319515775981436
1.75,1.8375124243126908
2.7333333333333334,2.820370085782358
2.6666666666666665,2.8371792789660195
2.8,2.831553213465312
3.7666666666666666,3.8257952547796243
1.7166666666666666,1.8426486274685256
0.8833333333333333,0.8363078854853637
2.6666666666666665,2.8409959267522
0.8,0.832184224159939
3.716666666666667,3.83064370318714
1.95,1.825782945315545
2.9833333333333334,2.834160306109357
0.6666666666666666,0.844721883086083
3.7333333333333334,3.828412982552919
2.7333333333333334,2.8392655725989164
1.85,1.8232414265181387
2.8,2.8349043750738496
0.95,0.848991437248704
3.8,3.845302586578603
3.8833333333333333,3.8414453634148873
2.8,2.8419693711991694
1.9166666666666667,1.8207086260548875
1.0,0.8428151064908063
0.7666666666666667,0.8295002325558231
0.7666666666666667,0.8351588253810845
1.8833333333333333,1.837659631137634
2.75,2.844902053279836
0.8333333333333334,0.8315683729581884
3.816666666666667,3.834551357295002
0.8,0.8193014986681385
2.9833333333333334,2.8325719471362674
3.75,3.831149705571069
3.816666666666667,3.820104783300065
1.7333333333333334,1.8126859274547023
1.8833333333333333,1.8344582980680102
2.933333333333333,2.8365109794023953
1.7166666666666666,1.832525406911252
0.7,0.8282784261982846
0.9833333333333333,0.833762496160421
0.9666666666666667,0.8470109967217272
1.95,1.8383011150000033
3.783333333333333,3.8386059185364703
2.8666666666666667,2.8366282281830633
1.8333333333333333,1.837329010148814
0.8,0.8227026228174626
2.9166666666666665,2.828837784642318
0.8666666666666667,0.8428045667597874
1.95,1.8348822717973128
2.7666666666666666,2.831334758761355
2.9,2.836768015350666
1.8833333333333333,1.8299430995517025
0.7833333333333333,0.8234425641166857
2.8833333333333333,2.833467627614088
3.75,3.826278729250527
0.8833333333333333,0.8413566268096949
1.8,1.8387374350212544
2.8333333333333335,2.835715724495702
3.683333333333333,3.821727590655013
1.8166666666666667,1.8339222692056694
2.7333333333333334,2.853704372470877
1.8333333333333333,1.8557398499218767
3.9,3.8414393630418253
1.7333333333333334,1.834088460970137
2.716666666666667,2.834226851066455
2.7666666666666666,2.838824632574722
1.7333333333333334,1.8260567544307051
2.8,2.834557348900529
4.0,3.8345637482725357
1.7833333333333334,1.8276243695766974
0.9166666666666666,0.837944875522689
0.9,0.820141051591072
1.7333333333333334,1.8428862305566645
1.9333333333333333,1.8371121342557317
0.95,0.8368132708790859
3.7666666666666666,3.8363896570383185
0.8666666666666667,0.8362289879216773
0.8,0.8414268848677499
3.8,3.8314675760655494
3.95,3.825951876521017
2.95,2.834235919373606
1.7666666666666666,1.8138086708667343
1.9,1.8364280038259824
3.816666666666667,3.819931458154373
0.9166666666666666,0.8281472235837489
2.8333333333333335,2.8193315372514616
3.816666666666667,3.8302465411386963
3.816666666666667,3.8335492492113867
0.9333333333333333,0.8352493482702268
2.85,2.8455758762887045
3.683333333333333,3.8296887318217148
1.7666666666666666,1.8287209646731057
0.75,0.8176795444351349
3.933333333333333,3.8370985775340323
3.7333333333333334,3.8615116319714518
3.816666666666667,3.845129171475341
1.6833333333333333,1.8264042614113976
0.7666666666666667,0.8449679727138268
2.9,2.8280568959483063
3.8,3.841215307540214
0.9666666666666667,0.823110593150039
1.7833333333333334,1.8350401656565194
1.8333333333333333,1.8254930115500887
1.8833333333333333,1.8326006511895592
1.9166666666666667,1.8161199351726502
3.75,3.8295641720433893
3.6666666666666665,3.8336972433333876
2.783333333333333,2.801424878314244
1.75,1.8227866706632698
1.0,0.8361243049088484
1.7666666666666666,1.835936661529236
3.6666666666666665,3.8189047553619315
1.9,1.846193116851635
0.95,0.834767649345752
2.95,2.851367310621827
3.8333333333333335,3.8245616984885107
4.0,3.841448215348962
1.8833333333333333,1.8346052663393295
0.9666666666666667,0.8293031492633682
3.7,3.8322229732582422
2.85,2.837648899047658
0.7333333333333333,0.8379856522965876
0.75,0.8322158138571316
1.8333333333333333,1.837923756881801
0.7666666666666667,0.8337732917695191
0.9333333333333333,0.8329721620867684
3.9,3.834902705330099
1.8,1.8169908676182853
3.933333333333333,3.8307219011480083
2.7333333333333334,2.8326920405484177
2.716666666666667,2.8456107329843627
1.95,1.8064765919855192
3.8833333333333333,3.823662148914037
2.0,1.8358301881344046
1.7666666666666666,1.8410444374263735
1.85,1.8585960045765275
1.75,1.8351083992139754
1.85,1.829420562892966
3.7333333333333334,3.8351505282637586
2.8666666666666667,2.830679692693104
3.8666666666666667,3.840012148009232
2.7333333333333334,2.838015121263895
0.9166666666666666,0.8333883002035566
1.7166666666666666,1.839390781643733
1.9666666666666666,1.8228254654911118
3.716666666666667,3.8312996304358604
1.9666666666666666,1.8327851623058198
2.9,2.8141831721682227
3.8333333333333335,3.841415283357268
4.0,3.8293843980693025
2.75,2.8312617827633653
1.9,1.8353452670961812
2.75,2.824535870900134
2.9,2.837750418740786
3.8333333333333335,3.8241654062376824
3.716666666666667,3.8386405605297336
0.7666666666666667,0.8233022023661721
2.683333333333333,2.8250946338457457
3.9166666666666665,3.8302005443700113
2.85,2.831241537244749
2.7,2.836300808330772
0.9833333333333333,0.8239674098754642
1.9166666666666667,1.8408692913152824
1.9,1.841134505705536
1.8666666666666667,1.8333643742681422
1.95,1.8237887063857852
2.966666666666667,2.845315719236039
1.9833333333333334,1.8309245249706216
3.9166666666666665,3.840543873108137
3.966666666666667,3.834686457492674
0.6666666666666666,0.8262870207172075
0.7,0.8351203702380183
0.7166666666666667,0.8321016863724712
3.933333333333333,3.822320745685817
3.9166666666666665,3.8148818297025895
3.9166666666666665,3.835968799676913
3.9166666666666665,3.825774219709174
3.85,3.8440705878274746
0.9166666666666666,0.838880163423201
2.9166666666666665,2.825780157052518
3.8,3.8194226645407077
3.783333333333333,3.825774219709174
2.933333333333333,2.844914276378847
1.8333333333333333,1.8324096071387779
0.8666666666666667,0.832849867083114
2.7,2.826763540531312
0.85,0.8403911754242728
0.9166666666666666,0.8364246433958863
0.8,0.8349994303721497
0.95,0.823921889842187
1.9333333333333333,1.8361824858854374
2.9166666666666665,2.829543644815762
0.7166666666666667,0.8393745983337527
0.7833333333333333,0.8358376382581488
0.95,0.8283181404387442
2.966666666666667,2.8323457437187995
2.783333333333333,2.8381461650979367
2.0,1.8293198773984924
2.95,2.8298835392985233
0.8833333333333333,0.8347286665413306
2.8666666666666667,2.8368581259579657
0.8666666666666667,0.8455841238095101
2.75,2.8354960084986836
0.9333333333333333,0.8457281854944368
3.8,3.8441090578270383
3.0,2.838992555370597
1.85,1.8328745956682417
1.85,1.814529816254349
0.8833333333333333,0.8339820611628289
2.8,2.835032736974685
3.7333333333333334,3.8437099155784553
0.7333333333333333,0.8274575525979473
0.8,0.83898589141314
3.716666666666667,3.838629992684756
2.683333333333333,2.8361308775315974
0.7166666666666667,0.8253496432598948
0.9833333333333333,0.8368885353365296
1.7,1.8326808307556204
2.9833333333333334,2.832716305270816
0.8333333333333334,0.8390672200964329
1.8833333333333333,1.8403218714040506
1.7,1.815920668270415
1.85,1.8303322504501969
0.7166666666666667,0.8357399671632395
3.7666666666666666,3.84118344284763
3.75,3.829388041598985
0.8666666666666667,0.8432990777819427
0.8666666666666667,0.8304971582245655
0.8333333333333334,0.8413483751594815
3.7666666666666666,3.8392609276147116
3.716666666666667,3.8438447068471375
2.7,2.8448008861816323
3.966666666666667,3.8339154761061267
2.9833333333333334,2.8302178442087067
2.783333333333333,2.832585855050658
0.8,0.841590685452575
0.6666666666666666,0.8309094628423084
3.9166666666666665,3.838464244029002
2.933333333333333,2.835757550463475
1.6833333333333333,1.8391390451644092
1.9333333333333333,1.8165672803139379
2.8,2.8434928797594954
3.8,3.835360492339203
0.8333333333333334,0.8360375836798687
3.716666666666667,3.840001094247
3.9833333333333334,3.841547466991577
1.8666666666666667,1.8505734578419988
4.0,3.83392252608968
3.7333333333333334,3.8288583248849437
2.8333333333333335,2.8406686311080254
3.9833333333333334,3.8450715684284393
3.7666666666666666,3.8416094235488845
3.933333333333333,3.824576404332903
1.8333333333333333,1.8330298136736585
0.8,0.8416123380300544
2.85,2.832985048282857
2.966666666666667,2.8160341755032725
1.9833333333333334,1.8406237427208847
0.9,0.8307648733874791
3.9,3.8380126190360584
3.8666666666666667,3.827701570744202
3.933333333333333,3.8249945768695532
3.8833333333333333,3.8189299087658486
2.716666666666667,2.823581266252444
2.816666666666667,2.847777218641401
2.8833333333333333,2.836179106781155
1.8166666666666667,1.8164160215120344
3.816666666666667,3.8334966696244415
2.7666666666666666,2.840041702434633
2.75,2.8276866438055697
2.8833333333333333,2.8258132312756516
1.7,1.8290389866976497
2.95,2.8242306641964934
1.9666666666666666,1.8131717735301671
2.683333333333333,2.829892470693279
3.8333333333333335,3.824116910061828
2.8833333333333333,2.8311051897810686
1.7166666666666666,1.8280733103443185
3.716666666666667,3.8359655661552785
0.7833333333333333,0.8416354805788476
0.7833333333333333,0.8272278345979823
3.9833333333333334,3.828664664154279
1.95,1.8388252911127225
1.8666666666666667,1.830384064640787
1.9,1.8445604200882952
0.8666666666666667,0.8230477920373386
3.75,3.838052699609664
2.7666666666666666,2.808035303298456
0.8333333333333334,0.8460960533257521
2.6666666666666665,2.8400874500908397
0.85,0.8407666838329425
3.7333333333333334,3.8288185982854936
1.7,1.831984345512219
3.95,3.84198036013923
3.7666666666666666,3.8313794494542033
0.9,0.8405622148592967
0.7166666666666667,0.8203989283917789
3.8833333333333333,3.832321005321688
3.95,3.83147794402386
0.9666666666666667,0.814308487875748
1.8166666666666667,1.8211792745857012
0.8833333333333333,0.8346773918509346
3.966666666666667,3.8279442938055945
1.9,1.8422106172776294
2.783333333333333,2.8275723332306684
2.9833333333333334,2.827976737039786
0.7,0.8497043997550032
1.7833333333333334,1.8480595572106169
2.716666666666667,2.833825603761216
0.8833333333333333,0.8314391658201409
0.95,0.8293188619984565
1.9666666666666666,1.8243236642122735
0.6833333333333333,0.8208657118967418
0.6666666666666666,0.8282784261982846
0.8333333333333334,0.8339163780538928
0.8166666666666667,0.8185808691848548
1.8666666666666667,1.8343767021131538
0.75,0.8370468474193631
3.6666666666666665,3.809175711675035
0.9666666666666667,0.8407700345397943
0.8666666666666667,0.8288002353773298
0.8333333333333334,0.830510620642274
3.7333333333333334,3.82630662959783
3.6666666666666665,3.8317465105947037
0.6666666666666666,0.8379230393255496
3.7333333333333334,3.832674285638547
2.8333333333333335,2.8438246513428918
2.8,2.8383463768312494
2.716666666666667,2.8140065284952005
2.783333333333333,2.832347251052206
1.9666666666666666,1.8385053501176378
3.75,3.8278598933128554
2.783333333333333,2.835527950468056
1.6833333333333333,1.8441315124194884
1.8,1.8222304603207662
2.7,2.8296324139632905
0.9166666666666666,0.8355608748215166
1.8166666666666667,1.8265783980027877
3.9166666666666665,3.8274253444769717
1.9,1.8265586894762922
0.6833333333333333,0.8242204515873762
1.8833333333333333,1.8262695047980662
1.6666666666666667,1.8354043312256723
0.95,0.8405918393736412
0.9333333333333333,0.8426893316164729
3.816666666666667,3.833182081482268
2.9166666666666665,2.8304828278753806
2.7666666666666666,2.864768905425503
2.8833333333333333,2.8443455457861058
0.7833333333333333,0.8350119373510503
0.95,0.8388203356213059
0.7166666666666667,0.8325068952152982
1.7666666666666666,1.8360689071809477
0.8666666666666667,0.8443202246815694
1.8666666666666667,1.843487478324697
0.8166666666666667,0.8398550733551485
2.8666666666666667,2.8326536279736967
2.0,1.83239235800384
2.8,2.831443830813858
0.8833333333333333,0.8295127680864259
0.9333333333333333,0.8331437805639655
2.683333333333333,2.830887603763959
3.7,3.8351783967788817
0.8666666666666667,0.8361600232944012
0.8333333333333334,0.8274948561743305
2.8,2.8294054168436946
3.8666666666666667,3.8400365441169853
0.75,0.8491972444622917
1.9,1.821828502442902
0.9333333333333333,0.8239231771762121
3.85,3.8418016353912474
3.6666666666666665,3.822657302994528
2.966666666666667,2.8424711273909025
2.8333333333333335,2.829533300787748
1.0,0.8451291783101929
0.9333333333333333,0.844965580380413
1.75,1.83979057757603
2.95,2.846690537687599
0.7,0.8311164294702454
1.6666666666666667,1.840328119355529
3.95,3.835463768663928
1.85,1.8438259872678657
0.8,0.8415920505715542
2.6666666666666665,2.837436111233566
1.9666666666666666,1.8315400862768905
0.7666666666666667,0.8231999395648413
3.966666666666667,3.8433539219888475
0.7,0.8307703862883868
1.9666666666666666,1.8394933384449816
1.7166666666666666,1.8282193375468005
0.9333333333333333,0.8226634147170079
2.8,2.8338343411213422
2.8333333333333335,2.836093524107024
3.75,3.8269576783217243
3.816666666666667,3.8245218635434144
1.7,1.8297982480419075
3.0,2.824784142200744
1.9666666666666666,1.8360560796251328
1.9666666666666666,1.8381522990602845
0.8,0.8317432935328872
0.9333333333333333,0.841857270644888
2.8,2.831627353256376
3.783333333333333,3.832565927465333
1.8666666666666667,1.8404711627910046
3.8,3.826851697762687
3.0,2.822289830212348
3.7666666666666666,3.829369553309823
2.683333333333333,2.826762056958299
1.7833333333333334,1.832259023212993
0.7833333333333333,0.821176933846915
1.8333333333333333,1.8393369736736265
1.0,0.8188906808751996
1.9166666666666667,1.833802827670066
1.6833333333333333,1.8294983448335569
2.95,2.823056032341831
1.9333333333333333,1.834691773383036
4.0,3.828174115770841
0.6666666666666666,0.8351859560100275
1.6666666666666667,1.839815596808631
1.95,1.8271513321034971
3.8,3.829079845058396
1.9666666666666666,1.8389029708338782
1.8833333333333333,1.838173312274234
2.8,2.83802570552524
3.7666666666666666,3.8298321963644946
0.85,0.8410227536032505
3.683333333333333,3.8281246869737533
3.7666666666666666,3.8391113035168996
0.85,0.8294352942306403
3.933333333333333,3.8332335756041314
2.0,1.831190231197683
1.8166666666666667,1.8164160215120344
1.7833333333333334,1.8356530269666627
2.6666666666666665,2.8278315870247117
1.9,1.8307982685516404
2.9166666666666665,2.845693703895881
1.6666666666666667,1.8330372604311171
2.8666666666666667,2.8425044433855158
1.9166666666666667,1.82793106717527
3.75,3.8266635935263285
2.783333333333333,2.833605816289195
1.7333333333333334,1.845433304923487
0.8833333333333333,0.828085978512023
0.7,0.8347198010034869
3.8833333333333333,3.840150646761334
3.75,3.8256655209148938
0.9833333333333333,0.8261203053048901
1.85,1.8310971485004766
3.95,3.8323065293894714
3.816666666666667,3.825678370486346
1.8666666666666667,1.833780098509922
1.0,0.832626404541044
1.0,0.8242809962513483
3.9833333333333334,3.824636677795055
3.85,3.8276246543742594
3.9,3.8313186693026346
2.85,2.8410288724643222
3.816666666666667,3.8281989210427856
1.7,1.834525093628912
2.7333333333333334,2.826129875466232
0.7666666666666667,0.8333243241966687
2.683333333333333,2.8343423920259427
3.816666666666667,3.826690624055479
3.783333333333333,3.837988927488041
0.9,0.8547287559929576
3.7666666666666666,3.8411416832461716
2.816666666666667,2.8332151484834394
1.7833333333333334,1.8425613727947792
1.9833333333333334,1.83010149010972
2.683333333333333,2.8464568793310905
0.9333333333333333,0.8237965944215389
3.783333333333333,3.8194893357885866
3.7333333333333334,3.856165657144891
3.966666666666667,3.824008235908136
2.85,2.8384240920608983
0.7166666666666667,0.833363287084325
3.966666666666667,3.82640998572815
1.7833333333333334,1.8415981081891295
3.7,3.8344106636401056
2.0,1.8404219248650246
2.95,2.841390273140454
1.8166666666666667,1.824449576128759
3.8,3.834323813561314
2.783333333333333,2.8422175192407906
0.8166666666666667,0.8260637779740156
2.7,2.837119441197121
1.6666666666666667,1.8341581213571174
0.7833333333333333,0.8315666906462944
1.9833333333333334,1.835157118471305
1.9,1.8357867013529034
1.9166666666666667,1.826007636837832
3.9,3.8318385954596597
0.9666666666666667,0.8358376382581488
3.716666666666667,3.8238555177123517
3.8,3.8356846462019076
2.6666666666666665,2.8412296408717146
2.816666666666667,2.8136208254077872
3.716666666666667,3.8333010670532577
3.85,3.8514418692637173
0.85,0.8293738125712953
0.8833333333333333,0.8364848305442871
1.8333333333333333,1.8332980831972299
0.9333333333333333,0.8293055079245778
2.8,2.8418558897217303
2.783333333333333,2.8397916427895047
0.8833333333333333,0.8358459017748554
3.783333333333333,3.8369219798986847
2.966666666666667,2.824752116005618
3.8,3.830726178723182
2.933333333333333,2.8404360281583907
3.7333333333333334,3.838629992684756
1.6666666666666667,1.8341304065055457
2.7,2.836799828602628
3.683333333333333,3.8314685489569973
1.9,1.8331600570692632
0.7,0.8399133301467644
0.9666666666666667,0.8331042819767087
0.9333333333333333,0.8196989799827524
2.933333333333333,2.8269324592240195
0.95,0.8405163660378949
0.9833333333333333,0.8315575737362597
2.75,2.8429112011965376
2.8,2.8380529190485024
1.7166666666666666,1.8167702215872885
3.683333333333333,3.8351682449729094
1.85,1.8307841293235552
2.816666666666667,2.8338550290311044
1.9666666666666666,1.8260861413965785
2.7666666666666666,2.8324470200107608
0.9333333333333333,0.8431888946502505
2.9,2.854118798723474
3.9833333333333334,3.8212635252471965
2.8833333333333333,2.8278494738811717
3.7333333333333334,3.8243669138787935
0.9,0.8452349656988281
2.716666666666667,2.839410371840549
3.966666666666667,3.82808531975812
1.9333333333333333,1.8412511216474647
2.7333333333333334,2.833206674126351
0.95,0.836705666468421
1.9166666666666667,1.843173433362708
2.95,2.8174943590152512
3.9166666666666665,3.8325915882631154
0.95,0.8322588342707173
4.0,3.834851148141874
1.7166666666666666,1.8129254177727552
1.7,1.8290852813387857
1.75,1.8265418495832157
2.7666666666666666,2.8370703224707228
0.7,0.8183322866564867
0.85,0.822080105789224
1.9166666666666667,1.8488454878567928
0.9666666666666667,0.8390929477794772
0.75,0.8325696108261872
0.7833333333333333,0.8422516416382048
3.783333333333333,3.8337529703916253
1.6666666666666667,1.829089381868569
3.0,2.8430391086519076
0.9833333333333333,0.836883041836825
0.9666666666666667,0.8353885726956056
2.75,2.831942919010446
3.0,2.8400994176952463
2.9,2.841633402702092
2.966666666666667,2.8353134693303974
3.933333333333333,3.838087447003736
0.7666666666666667,0.8361268549869123
0.9,0.8461983710003582
3.816666666666667,3.831960398959724
3.7666666666666666,3.8398115204734324
1.8666666666666667,1.8298508953640735
1.8666666666666667,1.8319164157404797
2.75,2.827726709165615
2.966666666666667,2.8431356913154047
3.75,3.8491217529486743
0.8833333333333333,0.8515351974398534
0.7833333333333333,0.8386994471482374
0.8666666666666667,0.8429947973550459
0.9833333333333333,0.8340985761774591
3.8666666666666667,3.836193563831121
1.9166666666666667,1.837301113110783
0.9333333333333333,0.8335033139443456
2.7666666666666666,2.8439153750783053
1.9833333333333334,1.8431064626184301
1.8333333333333333,1.828049724958317
0.8166666666666667,0.8226263065330514
1.7166666666666666,1.8322763366710866
3.7666666666666666,3.8263205822563235
0.9833333333333333,0.829293576062704
3.966666666666667,3.8463622239307345
1.8666666666666667,1.8376122239104675
2.8,2.831168751388285
2.966666666666667,2.835714890142995
0.6666666666666666,0.8316513807944341
2.0,1.8367341448182606
0.8833333333333333,0.8326724212573857
0.95,0.8385059862993459
1.7833333333333334,1.8409147627644435
2.683333333333333,2.8385790261231
2.9,2.824535870900134
0.9166666666666666,0.843816268439785
2.0,1.8390744716844574
1.6666666666666667,1.8229585912374386
0.7333333333333333,0.8312154460214495
2.9833333333333334,2.828006026616135
4.0,3.81903559569184
0.6666666666666666,0.8403217743113506
0.75,0.8373492305771926
2.85,2.835190293450188
2.7,2.8399298472239938
2.816666666666667,2.8435737689383065
3.95,3.833649983235068
0.8666666666666667,0.8387285268444248
2.9833333333333334,2.830903422796488
0.85,0.8205426583216632
2.683333333333333,2.8399933217291635
2.8333333333333335,2.8471257342524545
0.6666666666666666,0.8262922685744418
2.7666666666666666,2.840486135027951
0.7166666666666667,0.8274686175323478
0.9166666666666666,0.8336947634880184
3.966666666666667,3.8359482057559107
2.8333333333333335,2.8355655034259555
1.7,1.8339014467694983
3.8833333333333333,3.8383750570429997
1.95,1.8351238588118781
0.7,0.8305295743499937
3.783333333333333,3.8379717747796076
0.7333333333333333,0.8135287613687322
3.683333333333333,3.819282968896053
2.783333333333333,2.8355114856811174
3.0,2.849000604095393
0.7,0.8374628823437301
1.7666666666666666,1.8426240360783765
2.783333333333333,2.832048481915618
0.8666666666666667,0.8449834067270773
0.9333333333333333,0.8312795307444583
2.9166666666666665,2.831609159116328
1.9166666666666667,1.828940025797268
0.6833333333333333,0.822190704410981
3.85,3.832501016333244
3.85,3.8280101825432418
3.7666666666666666,3.837903353173831
3.783333333333333,3.8428975053286196
1.7833333333333334,1.8432639368082997
0.8,0.8353031732455232
0.9833333333333333,0.830633889784909
2.683333333333333,2.8331174977986056
2.9833333333333334,2.8375381113346805
0.6666666666666666,0.8255301982286423
0.75,0.8231549625466904
3.783333333333333,3.83480025691415
0.9166666666666666,0.8319295419385614
0.9666666666666667,0.8240380941955522
3.75,3.8198715682123594
0.8,0.8247856916139752
3.933333333333333,3.8299324405015915
2.75,2.8316769717689865
3.683333333333333,3.829822093699866
2.683333333333333,2.83096980628384
0.9833333333333333,0.8535351441386577
4.0,3.821240947840089
0.9333333333333333,0.8308199557945444
0.7333333333333333,0.8430365566891609
0.8833333333333333,0.8342011367234723
1.8,1.8290365272610896
3.816666666666667,3.831013326004645
2.0,1.8327048748851364
0.8166666666666667,0.8383241320814462
2.783333333333333,2.8466350057304233
2.0,1.8222995338059462
0.7666666666666667,0.8357306620186126
3.8833333333333333,3.843397676877777
3.85,3.8336055798663393
1.9666666666666666,1.8313966445193381
2.9,2.842676168721444
3.9166666666666665,3.861921740797477
1.0,0.8192965218688703
2.9833333333333334,2.8368770833132455
0.8666666666666667,0.8285147131204633
0.9666666666666667,0.8346809829138317
3.816666666666667,3.832094509494438
2.7333333333333334,2.833068473288996
0.8,0.8358067407790619
2.683333333333333,2.833662644977886
2.8,2.8264425142821517
2.933333333333333,2.8268775214722246
2.9166666666666665,2.8259682865880627
1.0,0.8263765308561942
0.95,0.833745475032845
1.7333333333333334,1.8342957115751253
3.966666666666667,3.831802382722985
2.75,2.8384007951981234
3.75,3.831435378242733
1.9833333333333334,1.832525406911252
3.966666666666667,3.8048127027169927
0.8166666666666667,0.8191224674644496
3.966666666666667,3.8503042242895655
0.7,0.8322622202441222
0.9333333333333333,0.8434640673697793
2.783333333333333,2.8361103787589492
2.8333333333333335,2.844350220686012
2.0,1.8322166034299128
0.8,0.8322429469830677
3.95,3.836422991235023
0.8,0.8352968286281823
1.6833333333333333,1.8212085766390078
3.6666666666666665,3.830516421915495
3.9,3.8408582174922596
3.8333333333333335,3.8463622239307345
0.7833333333333333,0.8268555964021012
2.8,2.8458667269445312
0.8833333333333333,0.8351690740796465
0.8,0.8187967822148052
3.716666666666667,3.824409430724648
3.816666666666667,3.824806481466473
2.7666666666666666,2.8322149139123862
1.75,1.8326298612523642
2.85,2.8506368130115716
3.716666666666667,3.834192095952192
2.7666666666666666,2.822150481724729
2.8333333333333335,2.838324203045708
2.9,2.8241236093150093
0.6666666666666666,0.8358623055947557
0.9666666666666667,0.832985523866396
0.6666666666666666,0.8369332370943456
0.85,0.8263960124794062
2.8,2.8268649932449055
3.75,3.8437885487813643
2.9166666666666665,2.835714819218322
2.9833333333333334,2.8430820064748956
2.0,1.8368483734838055
2.683333333333333,2.8558021824501822
2.9,2.843981871383704
0.85,0.8386198110948223
0.9333333333333333,0.8345582781196985
1.9166666666666667,1.8248245929530698
1.7833333333333334,1.8546655104392646
3.783333333333333,3.8345981893962597
2.0,1.8250733861824497
1.9,1.8389238389673976
3.683333333333333,3.825184664341346
3.8833333333333333,3.832385668450541
1.9,1.8172817470249258
3.7666666666666666,3.838994391094799
0.7166666666666667,0.8314302174614967
1.8166666666666667,1.837550144128925
2.8333333333333335,2.8315528974984607
2.9166666666666665,2.8102487208537803
0.75,0.8277166016096857
3.933333333333333,3.8124878740895283
0.8,0.8384859140049162
3.933333333333333,3.8328429957170163
1.7666666666666666,1.836854754465283
0.8166666666666667,0.8430346565692303
1.6666666666666667,1.8231245436011292
1.8333333333333333,1.8325998754047945
2.95,2.838311259904933
3.8666666666666667,3.828407556753799
1.0,0.837879631334499
3.816666666666667,3.8253148131249204
3.7666666666666666,3.8521592354522096
0.75,0.845644968698419
0.7,0.829646073501649
3.7,3.8420977610998306
1.7833333333333334,1.8294538101085462
2.8833333333333333,2.835130863824013
3.8333333333333335,3.842157121946799
3.75,3.833861045614394
1.9833333333333334,1.8445889266971418
1.9166666666666667,1.8316616836986415
2.8333333333333335,2.831428943707737
1.9833333333333334,1.836011336262822
1.95,1.8287208034341615
3.9166666666666665,3.8319932916023856
1.9833333333333334,1.8266942611020514
0.75,0.8440962318165561
3.7333333333333334,3.8325915882631154
0.6833333333333333,0.8268657133006845
1.9166666666666667,1.8451578697092745
3.816666666666667,3.8206057549217225
0.7666666666666667,0.8438433339046654
2.8666666666666667,2.8280552583707608
4.0,3.825184664341346
3.783333333333333,3.8213831625873604
1.8666666666666667,1.8366804100131284
3.0,2.837231590429975
2.9,2.8349577355498496
0.8166666666666667,0.8453425950023736
0.8666666666666667,0.8353880766998687
2.0,1.8382740045208583
3.75,3.826169206150479
0.9333333333333333,0.8354068923059985
3.9,3.845292393203672
0.85,0.8330388930530184
2.9166666666666665,2.837646786708471
1.8333333333333333,1.8221887695366836
2.716666666666667,2.8252335539135993
2.716666666666667,2.833358848324133
0.7,0.8280157269252694
1.9166666666666667,1.8388060704458595
3.716666666666667,3.8210974183367936
3.9833333333333334,3.809596152547669
2.683333333333333,2.8311270637364454
2.85,2.826832661102503
0.8833333333333333,0.8289406498425868
3.9166666666666665,3.8321760735380552
1.9833333333333334,1.834794042389617
2.85,2.830195737303362
1.9666666666666666,1.8443745063538413
2.7333333333333334,2.82254027010942
0.9,0.8281911479912779
2.8,2.835547087669144
0.7833333333333333,0.8461608759938852
3.716666666666667,3.8221580197789335
2.683333333333333,2.831575263618575
3.75,3.8349043264655838
0.7666666666666667,0.8332874362203873
1.75,1.8332906681872487
0.8166666666666667,0.8353920495419493
0.6833333333333333,0.8233283310970322
2.95,2.812338677639677
1.8833333333333333,1.8557398499218767
2.7333333333333334,2.8394411935572816
3.9833333333333334,3.831417476287827
2.7,2.8383930653472658
1.6833333333333333,1.8419757679674194
2.7666666666666666,2.8398431052041078
0.7833333333333333,0.8307074005174812
3.816666666666667,3.837446271200145
0.7166666666666667,0.8280134103990413
0.8666666666666667,0.8331450555960868
0.7,0.8211318921869324
0.9,0.8225957200136353
1.8333333333333333,1.8128946545752904
1.95,1.8192190269117563
3.9833333333333334,3.8381881143653036
0.6666666666666666,0.8300745530491801
0.9666666666666667,0.8358770729399155
3.8833333333333333,3.8323784788908926
1.7666666666666666,1.8240523849699415
2.8,2.822924744624721
1.6833333333333333,1.8383080539795469
0.7333333333333333,0.836135267396481
2.9833333333333334,2.8385265509595996
3.966666666666667,3.827665110654965
2.816666666666667,2.8413425924899913
2.8833333333333333,2.837233181248861
1.75,1.8353167778814898
0.8166666666666667,0.8255644397883403
3.6666666666666665,3.8321925211521473
0.8,0.8232125975036964
1.9833333333333334,1.8366893960172437
0.8333333333333334,0.8269707534677093
2.0,1.839156104613379
3.9,3.833547119866826
3.933333333333333,3.84147687271136
2.9,2.8282278448535982
2.95,2.834822118403481
2.8666666666666667,2.848975342293096
2.7666666666666666,2.8178213919908575
2.95,2.833845965016
2.7333333333333334,2.834835093979129
3.8833333333333333,3.840392079824754
3.7666666666666666,3.83742387384316
0.9666666666666667,0.8217113648361767
1.9166666666666667,1.825209979032322
2.933333333333333,2.8417227403647582
0.7333333333333333,0.8310800700252012
2.8333333333333335,2.831134548683439
3.75,3.8276620835760906
3.95,3.828502699558862
0.6833333333333333,0.8364943315871942
2.7,2.8322757957871367
3.8333333333333335,3.8391194433762883
3.7333333333333334,3.8339030308238544
2.683333333333333,2.8330752934111016
0.9,0.8322394213370953
2.8,2.8336600992210945
2.8833333333333333,2.8245314509171418
3.85,3.838358791440913
3.7,3.8318131084792997
1.7166666666666666,1.8323418709912258
1.7833333333333334,1.8278131504514592
1.8333333333333333,1.838028921749713
0.8166666666666667,0.8357291922798276
2.95,2.8306019204176924
2.9166666666666665,2.8295186252855706
3.783333333333333,3.8418532367607203
3.716666666666667,3.8437885487813643
0.7666666666666667,0.8327453932585694
3.8833333333333333,3.8400557702442053
3.95,3.8450715684284393
0.9666666666666667,0.8285321444248843
2.8666666666666667,2.8448193099101733
3.95,3.8285480178996028
1.6833333333333333,1.837076995215662
2.8333333333333335,2.8374320072128403
3.8333333333333335,3.8329418816391962
0.7,0.8306381467053009
3.9166666666666665,3.8402421137008456
2.7,2.8432293811604654
2.9,2.8372857739034316
3.8,3.8382978483738843
0.8,0.8321457280442196
1.7833333333333334,1.843738149955183
0.9833333333333333,0.8371374715752414
2.75,2.8331182370727976
3.0,2.830270915350174
0.9833333333333333,0.8344160512589069
0.8,0.8259272735408623
3.7666666666666666,3.8419570143980586
2.783333333333333,2.8300348395027366
2.7333333333333334,2.824331340456459
2.7,2.8311792334061083
0.9666666666666667,0.8352109700974101
1.9666666666666666,1.8328479497897248
2.8833333333333333,2.8333196164907752
2.0,1.8268275118201114
1.0,0.8406813235262242
1.7166666666666666,1.8133449775364543
2.783333333333333,2.854070109709002
3.9833333333333334,3.8263608302811223
0.7166666666666667,0.8282111970609695
3.6666666666666665,3.8308314119103697
3.783333333333333,3.82076464260994
3.783333333333333,3.823120764634218
1.75,1.8248943720858266
1.7333333333333334,1.8300682209024008
3.8,3.8334085936228446
0.6666666666666666,0.8212215810655014
0.75,0.8278120316029255
1.9666666666666666,1.8305121666991044
3.0,2.8352320450531363
0.6666666666666666,0.8370475498695769
3.85,3.831786048459668
1.75,1.8342803160575207
2.9833333333333334,2.8409234041210927
1.9,1.831127478698704
2.0,1.8338851202571522
0.75,0.8210354677857129
2.0,1.835849049398013
2.716666666666667,2.84734879954483
3.7,3.840238023284889
1.9833333333333334,1.8207365106583708
2.716666666666667,2.8352229743984454
0.9333333333333333,0.8156097311666076
1.7833333333333334,1.8473368155568013
1.9333333333333333,1.82985696827266
3.95,3.8408264107869754
2.716666666666667,2.824977994812319
1.6833333333333333,1.8336389074831008
2.7,2.83281117780324
3.9833333333333334,3.828324278475112
2.9833333333333334,2.842384627561487
2.7333333333333334,2.841302053011483
2.9166666666666665,2.8277225244432342
2.75,2.847976934563813
0.8833333333333333,0.8188906808751996
1.9333333333333333,1.8203280557420334
1.7333333333333334,1.8297269730102947
2.7,2.825144368092796
0.7166666666666667,0.8290515385174416
1.85,1.8338378439460743
1.6833333333333333,1.8350368381775075
3.816666666666667,3.8260736392535635
2.7333333333333334,2.8123516337841727
1.9833333333333334,1.826877897917675
3.8,3.8414393630418253
0.7333333333333333,0.8214567109951919
3.9166666666666665,3.837521973268943
0.9333333333333333,0.8437131728281854
3.9,3.825854827492347
1.9166666666666667,1.8332886972863682
1.9,1.8361101655847594
2.683333333333333,2.8342401550563436
0.9833333333333333,0.8286452363562095
2.0,1.8242500733439406
0.9833333333333333,0.8325807895240195
2.7333333333333334,2.832985048282857
1.95,1.8282787806213436
2.7333333333333334,2.8330164778303577
0.8,0.8318999361633458
2.9,2.820747044655725
1.0,0.8314654396912377
1.8166666666666667,1.8325929971279025
0.6833333333333333,0.8365311694014594
2.7333333333333334,2.8315750297426363
3.85,3.823822864334488
1.9166666666666667,1.8422103907470395
0.7,0.853232544080993
2.7,2.831324303251452
0.6833333333333333,0.8398463105421757
1.9333333333333333,1.8317151929070346
3.933333333333333,3.8337577873471362
1.7833333333333334,1.829875221773145
2.8666666666666667,2.8317941782956924
2.9833333333333334,2.8323329137163267
1.7166666666666666,1.8432072243591122
1.6833333333333333,1.8302300434891094
1.8,1.8325921248533996
0.8833333333333333,0.831768459511392
3.7666666666666666,3.835124757408206
0.75,0.8402219848076478
2.8,2.8360729084548653
3.7666666666666666,3.823776637054562
3.6666666666666665,3.833216053909062
1.6833333333333333,1.8032952951256538
1.7166666666666666,1.837923756881801
0.8333333333333334,0.843522456798462
1.6666666666666667,1.8230407369657686
0.7666666666666667,0.8264443219559235
1.9833333333333334,1.8294983448335569
3.0,2.8453379629679914
3.85,3.8304054167806134
1.9833333333333334,1.8480595572106169
0.9833333333333333,0.8391685697865219
3.7333333333333334,3.8384596583025927
2.85,2.854880175933577
3.8666666666666667,3.838166183431728
1.7166666666666666,1.838804232193023
0.7,0.8379608705117739
1.8,1.843110554325181
1.0,0.8311564915910923
0.9166666666666666,0.832849867083114
0.95,0.8345439219037339
0.7166666666666667,0.8381097785384641
0.9166666666666666,0.8142045215342282
0.9,0.8254070224819953
3.816666666666667,3.84947021988321
2.7,2.828403385475159
3.8333333333333335,3.8472253133513363
3.9833333333333334,3.838086392860886
0.7166666666666667,0.8365040390159523
0.8666666666666667,0.8356273457869343
0.9166666666666666,0.838798448726623
2.9,2.838947400192314
1.8,1.8423901432381848
3.716666666666667,3.836656918266603
1.8333333333333333,1.8384786806025963
0.7166666666666667,0.8376802253601012
0.9166666666666666,0.8309996542548498
0.9166666666666666,0.8387544031945157
0.9333333333333333,0.838617143537132
0.9166666666666666,0.8226263065330514
2.7666666666666666,2.8464411380047583
1.9833333333333334,1.820974123478051
1.85,1.826992805027952
1.7166666666666666,1.8276243695766974
1.9166666666666667,1.8402459885081166
1.8666666666666667,1.8178735471735485
3.7666666666666666,3.836289263008622
3.0,2.8267761480409437
3.933333333333333,3.83252807375161
3.8333333333333335,3.8269655342993874
1.6666666666666667,1.8427419764456427
3.8333333333333335,3.8338597965147723
3.7,3.8345765179500853
1.7333333333333334,1.8437443321916058
3.8833333333333333,3.8378802674435786
3.0,2.8239699236209383
2.933333333333333,2.826113366173836
3.75,3.8191933123087414
0.9666666666666667,0.8322158138571316
2.9833333333333334,2.840905938422628
0.9666666666666667,0.8299883926686826
0.85,0.8297164206513961
0.75,0.8292553521221613
3.8333333333333335,3.8209015860587026
1.8833333333333333,1.8232794495280522
0.7333333333333333,0.8314741662184256
2.933333333333333,2.8383821561575946
1.8333333333333333,1.8300538622662983
1.85,1.8301216860222138
2.933333333333333,2.8505884376751216
2.7666666666666666,2.8468714843264213
3.716666666666667,3.830384137275344
1.6833333333333333,1.8313307473190708
1.7833333333333334,1.8321150728041369
3.9833333333333334,3.8558140179534606
3.85,3.828363043769505
0.7833333333333333,0.8220792025237644
1.7666666666666666,1.8452010237535768
1.9333333333333333,1.845174380118702
1.9333333333333333,1.8351877572954567
3.8833333333333333,3.8265140309574384
1.85,1.8314155760671575
2.95,2.8407246596457316
2.8666666666666667,2.8317975620472056
2.7,2.84304198868889
0.9,0.85412597969165
0.9833333333333333,0.8392111576223756
0.7333333333333333,0.8314654396912377
1.8166666666666667,1.816009380382087
3.7333333333333334,3.8425828467042478
2.6666666666666665,2.8215120729145053
1.7333333333333334,1.8452357177150294
3.0,2.8401646361833657
0.6833333333333333,0.8317964972241222
3.683333333333333,3.832041330936674
3.8833333333333333,3.8352510325386
2.783333333333333,2.843169547486255
2.85,2.8370634069769873
2.9166666666666665,2.8387860509374816
0.7833333333333333,0.8291569766512603
3.6666666666666665,3.805949938512435
2.85,2.8330207370364446
1.85,1.82860519478071
2.783333333333333,2.8270504881471714
0.7666666666666667,0.8405635927132965
3.966666666666667,3.8220456515860493
0.9666666666666667,0.8328237005463319
2.8666666666666667,2.833399956516792
1.9166666666666667,1.8244347944930897
1.7166666666666666,1.8235156618566366
3.9833333333333334,3.8348071550135665
1.8833333333333333,1.811172735004164
1.75,1.8326899777021077
0.85,0.8314996489110549
0.7833333333333333,0.8315748958255234
0.9666666666666667,0.8344047522526291
1.7166666666666666,1.8281618085138431
1.0,0.8390627226551511
0.85,0.832708327031193
3.8833333333333333,3.8407041228035905
2.75,2.833233616367939
3.816666666666667,3.838654370514813
1.9833333333333334,1.8335859530841614
3.6666666666666665,3.8309619602785263
2.9166666666666665,2.8454878571082776
2.9166666666666665,2.83081790474395
1.0,0.8420557067401576
2.7666666666666666,2.8359627655139614
1.7833333333333334,1.837990210379863
3.783333333333333,3.8327633348756023
0.95,0.8374636002651499
2.7666666666666666,2.83818284669895
3.683333333333333,3.8300953795378194
1.9333333333333333,1.8166152461981198
0.7,0.8351145964337796
2.716666666666667,2.8287292250180207
3.8833333333333333,3.8390270819170547
1.7666666666666666,1.8233460835369366
3.0,2.82775761061894
2.6666666666666665,2.8322904845266264
1.8833333333333333,1.8327985863736895
3.966666666666667,3.82439147262953
0.9333333333333333,0.8540021040380823
3.7666666666666666,3.832444581701172
3.9,3.8570401177517555
2.75,2.8247362451116897
2.8666666666666667,2.8268133065698406
1.9,1.8349830973873669
3.7,3.837618645965508
1.7166666666666666,1.828096786344332
2.716666666666667,2.833789599188124
1.7833333333333334,1.8376944694074304
0.6833333333333333,0.8355969430988172
2.8833333333333333,2.835265665741637
3.95,3.8329384850795494
2.8,2.828540360428058
1.9,1.8248542287935967
1.7,1.8294960276062031
1.8666666666666667,1.826992805027952
3.0,2.8262174773360544
3.783333333333333,3.8381021850134984
1.0,0.8324344291539834
2.7333333333333334,2.8373528263370695
3.933333333333333,3.834141536700551
0.9833333333333333,0.8335131729918239
2.9833333333333334,2.8276498387517224
3.6666666666666665,3.8196300184791214
3.8333333333333335,3.8301311922785293
1.9,1.8316434315502363
2.966666666666667,2.8345595793269327
1.8,1.8268164918977743
1.9,1.8318414408899366
3.9,3.8305358711787623
2.8666666666666667,2.829297550610034
2.9,2.8365079523816026
2.8333333333333335,2.833770581637349
3.783333333333333,3.841477765719117
1.7833333333333334,1.839571761131719
0.8333333333333334,0.8403029223979236
0.8333333333333334,0.8546508012465587
3.85,3.837460494130462
1.9666666666666666,1.837096641066322
0.7333333333333333,0.8347282513515415
2.75,2.8306914747554743
2.95,2.8447380735056345
1.8166666666666667,1.8389863601799161
2.7333333333333334,2.8414658915792925
2.933333333333333,2.8399082817967085
2.85,2.828540360428058
1.7833333333333334,1.8396086447442013
2.933333333333333,2.8355196828265803
3.7333333333333334,3.829278776434217
0.6666666666666666,0.8247689094993352
3.816666666666667,3.8329198437716814
2.716666666666667,2.838714959920302
0.85,0.8277236951642044
1.9333333333333333,1.8433251718575718
2.783333333333333,2.8376326967305956
0.6666666666666666,0.8370931941070903
2.683333333333333,2.8410104943084247
1.7666666666666666,1.8413573074743985
3.0,2.839565620344828
0.8333333333333334,0.8355485216322931
3.7666666666666666,3.833757033199672
1.6666666666666667,1.8326177651127877
0.6666666666666666,0.8386782198532292
2.8666666666666667,2.832629442864251
1.8333333333333333,1.839873420936807
0.9333333333333333,0.8385036770243701
1.9833333333333334,1.8316577099726197
1.8833333333333333,1.8155098078003855
0.7833333333333333,0.8464385334836347
0.8166666666666667,0.8140838414134228
0.7,0.8280751123448569
1.8166666666666667,1.8147057449920183
3.816666666666667,3.8298424264426187
2.683333333333333,2.8467502479519466
3.683333333333333,3.828759774929971
2.0,1.8312043309556552
1.9166666666666667,1.8488701461202655
0.9,0.8407553624849561
2.95,2.845401797042005
2.7666666666666666,2.8361108926808463
0.8166666666666667,0.8287591011713625
3.783333333333333,3.8477855671432106
3.9,3.8312535570940427
0.9833333333333333,0.8415339060150275
2.6666666666666665,2.8325891812654604
2.75,2.8457959037285643
2.0,1.8372313603829107
2.7333333333333334,2.840277493159267
1.8166666666666667,1.8437827939332658
3.75,3.8189271645447525
2.933333333333333,2.834668399052599
1.7166666666666666,1.831834741908518
3.8666666666666667,3.8317867425206176
0.8666666666666667,0.8294624718001369
0.75,0.8432451412499968
0.9833333333333333,0.8361879369231712
3.8333333333333335,3.841716772633152
1.6833333333333333,1.8313173524465045
0.8833333333333333,0.8327599350072231
2.7333333333333334,2.840086482727189
1.7166666666666666,1.830909181033119
1.0,0.8299315920710229
3.8,3.830628215095644
2.95,2.844052566196761
3.9166666666666665,3.838086392860886
1.95,1.8408779873847871
2.6666666666666665,2.84001950877559
3.783333333333333,3.8219554476567184
3.7333333333333334,3.84749343712484
1.9166666666666667,1.8369442569001362
1.9666666666666666,1.8248654676252105
1.8833333333333333,1.8332832289642647
0.7833333333333333,0.8388949429199916
3.816666666666667,3.8380126190360584
2.75,2.828719540895016
2.9166666666666665,2.8207992417948926
1.6666666666666667,1.831834741908518
4.0,3.8286362604915847
2.683333333333333,2.829728864925383
3.9833333333333334,3.8275722184384917
3.95,3.826169634337248
2.9,2.836905331244121
1.7833333333333334,1.8277912296453696
0.9666666666666667,0.8563522537643228
0.9833333333333333,0.8162212428559428
3.9833333333333334,3.8277324522426204
2.8333333333333335,2.8338761905273344
1.9333333333333333,1.8101317735268247
3.7666666666666666,3.839818488803796
1.9666666666666666,1.8470477021443994
2.783333333333333,2.834809213008263
2.9833333333333334,2.8409681650149428
2.6666666666666665,2.847729131350881
2.7666666666666666,2.8377980732478574
0.8666666666666667,0.8281655290215424
3.783333333333333,3.8472120094334885
2.85,2.8418278006378466
2.783333333333333,2.840420127060369
3.716666666666667,3.8402341989027162
0.6666666666666666,0.8302092864356706
0.7166666666666667,0.8301164662182409
0.9,0.8482186641237921
4.0,3.8255667141931475
3.9,3.844504288227416
2.966666666666667,2.840749436779652
2.85,2.8322374593943533
0.7833333333333333,0.8209662710087237
4.0,3.8323865621303512
1.7666666666666666,1.8320592488331715
1.6666666666666667,1.8117126869201547
1.7666666666666666,1.8370986776475158
0.7,0.8193536281877263
0.7166666666666667,0.8345324340865339
1.9833333333333334,1.8122174942854818
3.7333333333333334,3.833960362809333
2.9833333333333334,2.821224259527377
3.7333333333333334,3.821829582531862
0.75,0.8339804871878246
2.683333333333333,2.8294054168436946
0.9833333333333333,0.8223538693076804
3.8333333333333335,3.823538627461793
1.7166666666666666,1.844077478846013
2.8666666666666667,2.8414908236192717
0.8166666666666667,0.8364813909163192
1.8333333333333333,1.8334499899017072
2.85,2.8306096714075117
1.9333333333333333,1.8309544568532536
1.0,0.8232226321203661
2.9,2.83797349660461
1.9,1.827359676308352
2.933333333333333,2.826762056958299
1.7333333333333334,1.8267323939540216
3.7,3.8303865887507573
4.0,3.8266462942676416
2.933333333333333,2.8397179885981068
0.6666666666666666,0.827087744834201
1.7,1.822350503825896
1.6833333333333333,1.8202120387310905
3.816666666666667,3.830062575286121
2.9,2.8397827314308457
0.95,0.8377130951933133
0.9,0.8331065651485535
1.8833333333333333,1.8464966956412923
3.683333333333333,3.8391162355822894
2.8,2.8339662157160115
3.716666666666667,3.8320943642251795
3.0,2.845970158493438
3.7,3.8329370659690545
3.85,3.826445512725933
2.9166666666666665,2.8332363175798623
2.9166666666666665,2.842129645176883
2.8833333333333333,2.835801836298828
2.8,2.8243834990013124
1.7,1.8298702826977848
1.7666666666666666,1.8318974308286038
1.0,0.8400960402372095
1.9166666666666667,1.8317477920366827
1.9666666666666666,1.84001592325001
0.95,0.824045219492024
0.75,0.839556848323792
3.75,3.8401199234694667
3.8666666666666667,3.8326799168827193
3.933333333333333,3.837284560854729
3.933333333333333,3.842224105034191
2.966666666666667,2.830045416226818
2.9,2.8402801139714127
3.75,3.834798166241835
0.85,0.8510060516175186
3.8,3.826064308977521
2.85,2.8300741063667205
1.9666666666666666,1.833936460422995
3.9166666666666665,3.843397676877777
2.0,1.8302774410679246
3.7666666666666666,3.8410151016569256
1.6833333333333333,1.8335882896567268
3.8,3.834297005008253
2.7,2.831905015895555
2.75,2.8332151484834394
1.7166666666666666,1.8301854377672893
1.8666666666666667,1.8326851879944122
0.7166666666666667,0.8250480316589609
1.75,1.8310156276454164
0.9666666666666667,0.828275262265252
3.8833333333333333,3.8451753944405804
2.816666666666667,2.8437951770053114
3.9,3.8448678707678674
0.7666666666666667,0.8374175931586499
3.933333333333333,3.845098488423605
1.6833333333333333,1.834259094483034
0.8833333333333333,0.8392907409548339
4.0,3.832764752732385
0.8166666666666667,0.8387470238050467
1.6666666666666667,1.8426047284944405
3.85,3.8239884009359804
0.8166666666666667,0.8286461956141453
2.966666666666667,2.8348190867953402
2.683333333333333,2.827351754948808
3.8833333333333333,3.838654370514813
2.95,2.8280352656579635
1.8166666666666667,1.8286579913887164
2.0,1.8308127195983175
0.9166666666666666,0.8407481134399477
2.8833333333333333,2.8298161957245322
1.0,0.83898589141314
2.683333333333333,2.8215120729145053
2.0,1.8313322273327228
2.966666666666667,2.833285575165255
0.8666666666666667,0.8373625434806236
3.9166666666666665,3.8316099815107054
0.9833333333333333,0.8335028503514941
0.7,0.8309699417948799
0.8333333333333334,0.8437764908981523
3.683333333333333,3.8313835578814452
3.8,3.8345418900835204
0.85,0.8226634147170079
2.9166666666666665,2.8207992417948926
0.8666666666666667,0.8242535644103526
2.7333333333333334,2.8322757957871367
1.9166666666666667,1.843062773472522
3.683333333333333,3.8293081136958182
1.9,1.8296198857723005
2.8333333333333335,2.8383930653472658
3.7333333333333334,3.8306980881031554
2.9833333333333334,2.8384775951919137
3.8333333333333335,3.8184740118580462
0.7,0.8253840368266714
2.683333333333333,2.8435076198393454
1.9333333333333333,1.8138406357937584
2.85,2.837064459787566
0.8166666666666667,0.8343646061869372
2.7333333333333334,2.8573077214166474
0.8166666666666667,0.8375922114375527
0.9333333333333333,0.8285941564504626
0.7833333333333333,0.8378674484676112
1.7833333333333334,1.8298702826977848
1.6666666666666667,1.8373608270665278
3.8666666666666667,3.8285619776144824
2.683333333333333,2.8287734920661847
1.0,0.8364825125351477
2.7,2.8360096814451476
1.6666666666666667,1.8365093566554203
3.7,3.8307262457283593
3.0,2.8363776668115657
2.816666666666667,2.8362335464000346
3.7333333333333334,3.8337375777253784
1.75,1.822774277897318
2.816666666666667,2.827086007600185
1.95,1.832678115554003
1.9,1.8248085036619361
3.8333333333333335,3.8255355157244066
1.7666666666666666,1.8307982685516404
0.8333333333333334,0.8365505536608687
2.95,2.842218183755545
1.8333333333333333,1.8359865270111795
1.95,1.8312270753445832
0.95,0.8449373121701506
3.716666666666667,3.830220927306268
0.7,0.8403990745531922
2.9833333333333334,2.8102487208537803
0.7833333333333333,0.8460150629087779
1.85,1.8374867328164641
2.716666666666667,2.826489938987051
2.75,2.8460456981078375
1.85,1.8329150020526461
4.0,3.8435296725268135
3.95,3.833182236794552
0.7333333333333333,0.8369676396827767
0.7166666666666667,0.8399600364057376
1.8166666666666667,1.821041785427618
0.8666666666666667,0.8430547560807699
1.7666666666666666,1.8409147627644435
1.7166666666666666,1.8382764413207768
0.9833333333333333,0.8398165536414754
3.8833333333333333,3.832619097644472
0.75,0.8419577857169024
1.9333333333333333,1.8255060586105094
3.8833333333333333,3.8230434474155377
1.7,1.8198972069651698
3.7333333333333334,3.829451123555635
3.783333333333333,3.8466080413470833
0.7666666666666667,0.8397878822352
1.9833333333333334,1.826034295868577
0.8333333333333334,0.836008716141841
3.7666666666666666,3.834279693775636
0.9666666666666667,0.8249733602511011
0.6666666666666666,0.8221766885392353
3.8666666666666667,3.845912240321464
0.8333333333333334,0.8507342119400515
2.8333333333333335,2.842087073040538
1.85,1.826869473617012
1.7166666666666666,1.832993064324316
0.7833333333333333,0.8312980684603936
0.9333333333333333,0.8330704954905608
0.9166666666666666,0.8596519944832347
2.9,2.835496392163469
3.9833333333333334,3.835364334185899
1.6833333333333333,1.8291598961895255
0.8,0.8416924242911266
1.8833333333333333,1.830751647706346
2.8333333333333335,2.8365566337087205
0.6666666666666666,0.8323328322030412
2.85,2.8326912826335935
2.95,2.831185921356463
2.9166666666666665,2.83854214984542
3.9833333333333334,3.8283041884064484
3.8666666666666667,3.8397104597230025
3.933333333333333,3.833891703732255
2.75,2.8322387007085386
2.9166666666666665,2.8403635016587345
1.9333333333333333,1.8331922845961608
2.8666666666666667,2.834809213008263
1.7333333333333334,1.8485150775314716
1.8166666666666667,1.8279759982655976
0.75,0.8365993466573549
3.8666666666666667,3.837434498890699
3.716666666666667,3.8411132146420677
3.716666666666667,3.8344801116779106
1.8666666666666667,1.8329771845410376
3.933333333333333,3.8305282587816576
0.8333333333333334,0.8304398718304903
0.7333333333333333,0.8373107586424972
0.8333333333333334,0.8290905825526749
0.6833333333333333,0.833653856540352
2.7666666666666666,2.842587456494857
0.7666666666666667,0.8233851918953295
3.9,3.828316822571855
1.9666666666666666,1.8355671544235048
2.75,2.8237586987856456
3.7333333333333334,3.8308192980121953
2.6666666666666665,2.825590210359075
0.95,0.8263960124794062
1.8666666666666667,1.82613678179709
3.7666666666666666,3.8299538034985567
0.85,0.8322158303197146
0.6833333333333333,0.8407915009933242
1.8166666666666667,1.8359422548643847
2.683333333333333,2.8333207487446215
0.7,0.8335713688624241
2.0,1.8332340877476603
0.9,0.8317873371245506
3.85,3.8400539667452716
1.6833333333333333,1.8184098391647077
1.9666666666666666,1.8287209646731057
2.8,2.8329828590942214
3.7333333333333334,3.8281743502535908
1.6666666666666667,1.8371399815684282
0.7666666666666667,0.8337674074439211
0.7,0.84816600632671
2.8333333333333335,2.841007164257134
2.8666666666666667,2.828283486000467
2.8666666666666667,2.847976934563813
1.8333333333333333,1.8231433957551846
0.8166666666666667,0.8393875963786916
2.716666666666667,2.829587834875235
2.75,2.8330373232696724
0.75,0.8423876556874034
0.8166666666666667,0.8327075536143679
1.75,1.8315872512515134
0.7,0.8357291922798276
0.9,0.8463292608353333
1.6833333333333333,1.8232147924096285
4.0,3.833634467253904
3.9,3.845371846537934
0.9166666666666666,0.8400820896425185
0.8833333333333333,0.8297900697243604
0.8,0.8369654909391325
0.7666666666666667,0.8344567948252838
0.9,0.8354140565060798
4.0,3.8397721222355496
1.7666666666666666,1.831747151653504
0.8333333333333334,0.8238456175645671
2.8833333333333333,2.816522492607594
1.6666666666666667,1.8442234760751575
1.0,0.8436010548264481
1.7333333333333334,1.8364277789067607
2.933333333333333,2.8408641338547995
1.7666666666666666,1.8374716098434107
3.9166666666666665,3.847072636715306
1.6833333333333333,1.830465078668789
3.6666666666666665,3.8320082464741545
3.9166666666666665,3.824427796993729
3.8666666666666667,3.835804525690843
0.85,0.8193896670075751
2.9166666666666665,2.823409224082363
3.716666666666667,3.8463981192706496
1.8333333333333333,1.8090599381502201
4.0,3.8291682930983586
0.8333333333333334,0.8433773263770307
1.6666666666666667,1.8306803384032466
2.966666666666667,2.8348165367417106
2.75,2.836179106781155
2.9833333333333334,2.8354910215806366
1.7333333333333334,1.8369340086677548
0.6833333333333333,0.8426065044768742
1.8833333333333333,1.843598641645939
2.8833333333333333,2.8256131662640773
2.9833333333333334,2.834809213008263
3.8666666666666667,3.8274008431770685
3.9833333333333334,3.837201391888576
2.6666666666666665,2.8367816886847192
3.683333333333333,3.8364896234540122
2.8,2.8354687922465973
0.9,0.8247760502363495
1.8333333333333333,1.8373428509704761
3.9166666666666665,3.825331138809294
1.7333333333333334,1.8211792745857012
3.9166666666666665,3.8392005959097815
3.0,2.8264810624597816
2.7333333333333334,2.832763713928195
3.7333333333333334,3.8325505826244615
2.683333333333333,2.8256982176430743
3.9166666666666665,3.8203814140360155
2.8333333333333335,2.8333657530262584
2.8666666666666667,2.829207775640361
1.7833333333333334,1.836528592713162
3.0,2.8387697589706
1.9666666666666666,1.8303142291319048
1.7833333333333334,1.8338760911163596
1.7833333333333334,1.8347160656505874
0.95,0.8298626027358124
0.7666666666666667,0.8357306620186126
0.7333333333333333,0.8361349062288709
1.8,1.8335008031819227
3.8666666666666667,3.8296672998528094
2.95,2.8327565614492984
1.8,1.8356969461612307
3.8666666666666667,3.8466080413470833
2.9,2.8270971646623444
1.9166666666666667,1.8495920573408968
3.8833333333333333,3.8156963901179894
3.9833333333333334,3.837244458170951
1.9333333333333333,1.8357321885632023
3.6666666666666665,3.820974594503478
0.7,0.8418267124346265
0.7333333333333333,0.8357889615237655
3.9833333333333334,3.8303879792490987
2.7666666666666666,2.836337176246478
3.0,2.845589637630056
0.8666666666666667,0.8338605617262246
1.8166666666666667,1.8429014776975683
4.0,3.8351783967788817
1.7666666666666666,1.822821165409067
3.75,3.835532224407268
3.9833333333333334,3.8298926518110936
2.75,2.838120640511885
2.716666666666667,2.8459777601023104
0.7833333333333333,0.827536327466551
3.95,3.836770824581181
1.0,0.8417931128138513
1.8833333333333333,1.8251021800817244
0.9,0.8367569948957039
0.95,0.8361335569450924
2.95,2.8405063248250104
0.9,0.8421909677963484
3.7,3.8215561193605994
3.75,3.8357151848012667
0.7333333333333333,0.8232680379103944
2.8666666666666667,2.841445177907937
2.683333333333333,2.831502266361051
1.8833333333333333,1.815863422450443
0.8833333333333333,0.8240331122781994
2.75,2.838441094316689
1.7,1.8282623910211755
0.6666666666666666,0.8507184469722325
2.8,2.8097870631102864
2.933333333333333,2.815103161627917
3.683333333333333,3.8484471669075835
1.8333333333333333,1.8198516811208088
1.9166666666666667,1.8341618512690416
2.9,2.8231901408288604
2.933333333333333,2.85018470520935
2.75,2.831401280263902
2.75,2.83355806383286
3.816666666666667,3.84159825202205
2.683333333333333,2.848534932622863
0.8833333333333333,0.8580825250636639
3.9166666666666665,3.835044943926348
3.7,3.827267141982136
2.783333333333333,2.8378116549671417
1.7333333333333334,1.8431619273962179
1.8333333333333333,1.8382683690184636
0.8333333333333334,0.8337119820561003
1.0,0.8315337353602592
0.7666666666666667,0.8325470248087786
2.7,2.8476909054489887
2.75,2.832963542436228
2.783333333333333,2.8435471580158422
0.6666666666666666,0.8253439338463276
0.75,0.8284671285635806
0.9333333333333333,0.8315512722660141
3.9166666666666665,3.8215084960551153
1.75,1.8376615208339115
2.716666666666667,2.829534742160671
0.9,0.8368243912622431
0.7,0.8366125327408314
1.8166666666666667,1.8436687582318358
2.8333333333333335,2.837011585669407
2.9166666666666665,2.836244598559596
3.7,3.8338108478396804
3.8833333333333333,3.832541612473678
3.683333333333333,3.835360492339203
0.7833333333333333,0.850086440415905
3.7,3.827840162202238
3.933333333333333,3.847967060932172
1.9,1.8341331948010515
2.7666666666666666,2.83948389934178
0.8,0.8217963239040971
3.7666666666666666,3.830962994072241
1.7166666666666666,1.8385313774561607
2.9,2.8323973673903886
0.7333333333333333,0.8293502355812568
2.9,2.8376018274209223
2.8333333333333335,2.8348385963278586
3.966666666666667,3.8283120576269116
0.8333333333333334,0.8415664567144006
0.9166666666666666,0.8363214457265756
0.8666666666666667,0.8475766136553896
2.683333333333333,2.8202330533850115
2.716666666666667,2.8298820896809973
2.8666666666666667,2.836337176246478
2.716666666666667,2.8513395875554175
2.816666666666667,2.8471049015946925
2.966666666666667,2.8389588842912996
3.85,3.8193395570088544
3.8666666666666667,3.838412448430383
0.7,0.8296068820334839
2.95,2.8255202701706708
0.95,0.8322220846135832
0.8166666666666667,0.8535351441386577
0.9,0.8223201652976315
3.0,2.830683422620747
2.7333333333333334,2.843625844191631
2.716666666666667,2.81811623710649
3.85,3.8310394576621123
0.9166666666666666,0.8237580068303137
2.683333333333333,2.8346523822152982
1.95,1.8373428509704761
2.716666666666667,2.828928256336574
0.8333333333333334,0.836135267396481
1.7333333333333334,1.8269734878835977
0.7,0.8314417386843127
3.0,2.82775761061894
0.9833333333333333,0.82029836851439
0.9333333333333333,0.8281472235837489
0.7,0.8391179466371361
0.7666666666666667,0.8187967822148052
2.95,2.841700277108195
3.8833333333333333,3.830011727120241
2.0,1.8295867672912578
2.6666666666666665,2.8251039676747793
1.8,1.8284011886313394
3.75,3.8344581212715805
3.716666666666667,3.8383400202195257
0.85,0.8315679118066551
1.7,1.8327752096672896
2.8833333333333333,2.83258856901429
0.7,0.8490228307853639
3.0,2.8329996631460985
3.8,3.8318477539636557
2.85,2.8428456302201193
2.95,2.825817456295667
1.7,1.8299788845380545
2.8333333333333335,2.825976262835833
0.9666666666666667,0.829101503427698
0.6833333333333333,0.8490473053218238
1.6833333333333333,1.8397530141022833
3.683333333333333,3.82791295300937
3.6666666666666665,3.835700701521266
3.95,3.8337962997792694
0.9666666666666667,0.8385811105026488
3.933333333333333,3.827268665325461
1.8166666666666667,1.8384165322687709
0.8166666666666667,0.842194739536974
3.9,3.8368425172971454
0.9,0.831255139679494
0.9666666666666667,0.8399011990762051
2.966666666666667,2.8332291103326877
4.0,3.825917617432328
3.8666666666666667,3.8175810915198327
3.7666666666666666,3.835468004179856
0.7666666666666667,0.8353307342642602
2.716666666666667,2.8298831541563203
2.9,2.828740217532316
0.9,0.8437571130298867
3.95,3.8338083753868855
0.9666666666666667,0.8378902469262467
1.95,1.8441749950200346
3.9833333333333334,3.834963576157334
1.9833333333333334,1.824445439334399
2.783333333333333,2.828006026616135
0.6833333333333333,0.8311099126202346
2.0,1.8366445482411005
2.7333333333333334,2.8291746862118345
3.8333333333333335,3.8494472867407565
2.9,2.8321615867773806
3.9166666666666665,3.8254591591316
2.85,2.8285996546567156
2.683333333333333,2.8324726874846315
3.8666666666666667,3.8297594971528235
2.7666666666666666,2.8405250749609894
3.7,3.82447497504281
0.6666666666666666,0.8390589009078808
1.6666666666666667,1.8343962514483854
1.7833333333333334,1.828215917522978
2.0,1.835111938845094
3.9833333333333334,3.8361006796035717
3.8,3.847341419941298
1.7166666666666666,1.827083514639905
1.7666666666666666,1.832883819321992
1.8,1.8341232418893458
0.85,0.8518235105497152
2.8333333333333335,2.8405250749609894
1.9166666666666667,1.8350782049590437
3.0,2.838836221221482
0.7,0.8390377896488785
3.6666666666666665,3.8281743502535908
1.6666666666666667,1.837887309023024
2.0,1.8238372233677254
0.6833333333333333,0.8374293129253972
1.8833333333333333,1.82837487804197
3.95,3.8401124332737413
3.683333333333333,3.827596488579422
0.7833333333333333,0.8283580924166077
2.9166666666666665,2.8332752984598755
2.7666666666666666,2.8411352221721553
2.783333333333333,2.8494788228759775
4.0,3.8403831639515356
1.0,0.827054606369713
3.9166666666666665,3.84118344284763
2.85,2.8444095138670606
3.7,3.8329216935870676
0.8666666666666667,0.8255978837400765
0.9,0.8460893746648601
1.9833333333333334,1.8216256380886247
1.9,1.8233976684065027
1.9166666666666667,1.837469958503759
0.7,0.845090175188568
1.85,1.8367622972945006
0.7666666666666667,0.8177479990400797
0.9333333333333333,0.8307990117156216
1.8166666666666667,1.8191189002036747
2.8333333333333335,2.8338343411213422
0.7166666666666667,0.8336657615700651
1.6666666666666667,1.838320228269628
3.716666666666667,3.8294729297164634
3.8833333333333333,3.8311261495772
2.816666666666667,2.8310379209707306
0.75,0.8174316584249861
0.8666666666666667,0.8276104694955368
2.8,2.829397978063646
2.8666666666666667,2.827937704544471
2.95,2.8457959037285643
2.716666666666667,2.835801836298828
3.9833333333333334,3.818887258101471
0.6833333333333333,0.8326724212573857
3.95,3.8307556386097605
3.8833333333333333,3.850353429140136
3.95,3.8246577280853415
3.0,2.837150618091901
0.9,0.8309083846339044
2.9,2.834688408892912
1.0,0.8278120316029255
1.7,1.8389640824778573
2.8333333333333335,2.8257872643003115
2.85,2.834864847029676
2.8666666666666667,2.84099021987496
2.8833333333333333,2.8454261008834885
3.9833333333333334,3.831893050999346
3.716666666666667,3.8145934983705017
4.0,3.825687696141892
0.7833333333333333,0.8380379161160819
3.8,3.8380844526108255
2.95,2.8348101548238223
1.9,1.8342229668883792
3.8333333333333335,3.834069723508004
0.6666666666666666,0.8375382086679943
1.9666666666666666,1.8245827767460725
0.7166666666666667,0.8376615650931843
2.816666666666667,2.8395786938363194
1.6666666666666667,1.8393428381655343
4.0,3.8328616411493077
4.0,3.835369040703951
3.9166666666666665,3.8260219715806425
1.9333333333333333,1.8320619063180879
0.8,0.826441436146378
1.7333333333333334,1.8444311724308289
2.683333333333333,2.8452257300333703
2.8,2.834274557771683
0.85,0.8337266183964208
1.75,1.848151055932943
1.7,1.8260698225919003
2.683333333333333,2.8366210025457033
2.966666666666667,2.8421437982363136
3.75,3.8277683441394688
3.8833333333333333,3.8238036974401783
1.6833333333333333,1.8363659257367595
0.9333333333333333,0.824731404648867
3.9833333333333334,3.8436260738616728
2.95,2.834201047574226
3.9,3.8329471947724416
1.9166666666666667,1.8280002651450697
3.9166666666666665,3.838911982218173
0.9,0.8475919194421307
1.0,0.8326890682903715
2.8,2.8322387007085386
2.933333333333333,2.8544985221534205
0.95,0.8363982353057348
1.7166666666666666,1.8095666329129272
1.8166666666666667,1.8415773070201091
1.75,1.8409101009881015
2.8666666666666667,2.8444477193446427
3.8333333333333335,3.82943036815905
3.7666666666666666,3.8327697229195223
1.75,1.836798806703809
1.9166666666666667,1.8237865479948738
0.7333333333333333,0.842156858483736
2.783333333333333,2.8341499920809157
1.95,1.839680465217142
2.933333333333333,2.8305379794608494
3.9166666666666665,3.8344922705415327
1.8,1.8527704170017663
3.7666666666666666,3.8368780305067287
2.7333333333333334,2.8163265372383246
0.8833333333333333,0.8238054651670695
1.8166666666666667,1.83709669788223
2.85,2.839873618400288
2.85,2.8127799210508133
2.7666666666666666,2.8458490822607097
0.6666666666666666,0.8345986485299517
3.85,3.841074555621825
1.7333333333333334,1.8222915546811658
2.0,1.823937009882443
1.9666666666666666,1.8328767534113766
3.783333333333333,3.8326306141513826
1.7333333333333334,1.8327246139095577
2.8666666666666667,2.8400097453522823
1.6833333333333333,1.8434624085168254
3.966666666666667,3.8332483384396894
3.9166666666666665,3.825917617432328
3.9,3.8394833064102096
1.9166666666666667,1.823270960034684
0.8833333333333333,0.8517937788840132
1.7,1.8187447821784704
1.7666666666666666,1.8296198857723005
1.8166666666666667,1.8304893467371819
3.8666666666666667,3.83651956888582
3.0,2.83482454208042
0.95,0.8416302582654018
2.816666666666667,2.8391456913616144
2.933333333333333,2.8155127318662942
0.9333333333333333,0.8385906230507217
1.9,1.837842300242747
2.716666666666667,2.829422635444889
1.7,1.8221774323409587
2.816666666666667,2.840380276834824
3.9833333333333334,3.8299210699941515
2.6666666666666665,2.827619124574007
1.6833333333333333,1.8138410818203794
3.7333333333333334,3.836525458366992
1.7666666666666666,1.83173094563747
0.7333333333333333,0.8411387789795576
0.8333333333333334,0.8340479463641987
2.816666666666667,2.833032046564324
3.9166666666666665,3.83667585113582
1.8333333333333333,1.8338991038041235
0.9333333333333333,0.8427605965217464
2.9166666666666665,2.837668643615623
1.8,1.838352952286521
0.9,0.8351842990388798
0.8833333333333333,0.8373237810047678
3.816666666666667,3.8368668258240475
1.9166666666666667,1.8201600996975682
0.7833333333333333,0.8559788349603455
2.9,2.8315127114439975
3.7666666666666666,3.823776637054562
2.95,2.804326532196886
1.7666666666666666,1.825488317333337
0.8,0.8231696895566869
3.75,3.8423394705396845
3.9,3.8248815812172574
2.85,2.8260814091959996
1.0,0.8307196473649341
0.7666666666666667,0.8300303788634641
2.7666666666666666,2.835904990669677
3.8666666666666667,3.8318062414439793
1.85,1.83107757246942
1.0,0.8346353562196355
3.6666666666666665,3.82943178081041
3.95,3.8193198208696133
0.75,0.8346773918509346
0.8666666666666667,0.8363960000924452
2.8333333333333335,2.8261709455761337
2.9,2.8551668896915743
3.7,3.829959748119173
3.9,3.819915512332832
1.7833333333333334,1.8307771304747107
2.7666666666666666,2.8336701497687313
2.85,2.8307257396720416
2.9833333333333334,2.8334307410706496
2.8666666666666667,2.8336519585522306
3.8333333333333335,3.8284519444531524
0.8333333333333334,0.8431232184714849
3.8,3.8196350902562823
1.8,1.828975232437827
0.85,0.8411752445371945
0.9666666666666667,0.8381272147939482
2.9166666666666665,2.8442258466351262
3.85,3.8353633561718357
2.783333333333333,2.8431214288186184
2.933333333333333,2.84344463588022
1.9,1.8198069282300602
0.75,0.8311893835586609
0.8333333333333334,0.8241564698337354
0.9166666666666666,0.8547287559929576
0.8333333333333334,0.8441223387206109
3.75,3.8364390561562143
0.9166666666666666,0.8415945177542353
1.8333333333333333,1.8283467698685631
3.8,3.8192742584311112
0.6833333333333333,0.8347999492090381
2.7,2.837233181248861
1.9,1.824033986930376
1.6666666666666667,1.8374607507812837
0.9666666666666667,0.8269687955160501
2.8666666666666667,2.83295854038289
3.7,3.8336361136265835
3.8,3.831786048459668
2.9833333333333334,2.8341987701330646
3.6666666666666665,3.8406630684255454
2.95,2.8328118834127434
0.75,0.8352141486142041
2.8333333333333335,2.8144852880030737
3.8333333333333335,3.8253497220183577
3.0,2.834981262984125
3.966666666666667,3.8241337057920344
3.8833333333333333,3.834979321768442
1.8333333333333333,1.8242849018202205
3.683333333333333,3.8331509594952355
3.75,3.8390518468780432
0.7666666666666667,0.8389363528904361
0.8,0.8234773263161442
3.7666666666666666,3.832444581701172
0.95,0.8326589847769555
0.7333333333333333,0.8397225439425613
1.0,0.8381097785384641
1.9833333333333334,1.8329636056620024
1.7333333333333334,1.8305034743281923
1.6666666666666667,1.8162021840713287
0.7333333333333333,0.8198542732730596
0.6666666666666666,0.8400483858835759
4.0,3.834466733324248
1.8833333333333333,1.8366503244151209
3.716666666666667,3.8200435913021122
0.6833333333333333,0.8397202523558921
3.95,3.8391637898109767
1.9333333333333333,1.8334367974763202
2.9166666666666665,2.83300028333467
0.8166666666666667,0.8306142046012447
0.9666666666666667,0.8462453891608064
0.6666666666666666,0.8381496727267804
1.6833333333333333,1.8311026632826062
1.9166666666666667,1.827534454980734
2.933333333333333,2.835909198997222
0.8333333333333334,0.8456516544274149
0.9166666666666666,0.8256870343351522
0.85,0.8241947739120541
3.8833333333333333,3.8362439788789366
1.8666666666666667,1.8491441304708562
1.8333333333333333,1.8326483912583624
0.9166666666666666,0.82856051903164
1.8,1.8361099634089633
2.8666666666666667,2.8439153750783053
3.8333333333333335,3.834054321988378
2.716666666666667,2.8332590685273016
2.9833333333333334,2.8267761480409437
3.7333333333333334,3.8321709178921783
2.7,2.83890769927111
3.9,3.8293178953055915
1.8666666666666667,1.8218387712389301
0.8666666666666667,0.8347659566020382
2.966666666666667,2.8370307853189423
3.966666666666667,3.8367244557926683
2.816666666666667,2.8355413871414523
1.85,1.8494147938420873
1.8,1.826156935752054
1.75,1.8298188917291567
2.683333333333333,2.83716750022625
0.85,0.8325622868228838
2.95,2.83242335824078
0.9833333333333333,0.8463641449406952
0.9333333333333333,0.8218391743100176
3.75,3.827017244612666
2.7333333333333334,2.844241476582373
3.0,2.8440510316162384
0.9666666666666667,0.8216632852612962
1.8,1.8159612501095568
3.7666666666666666,3.8249265047589853
3.9,3.821779005048638
2.716666666666667,2.841445177907937
1.7333333333333334,1.841031420105709
0.8,0.817331486460045
2.7666666666666666,2.8368392859796496
2.75,2.8354687922465973
1.8333333333333333,1.8255617160080013
1.9166666666666667,1.8434665971452764
1.7833333333333334,1.8371798384917912
0.9833333333333333,0.828025637267085
3.7666666666666666,3.842287567790836
1.9333333333333333,1.8307562751122262
3.85,3.826169206150479
3.8333333333333335,3.830597265689257
2.95,2.8362335464000346
0.75,0.8314158697149031
1.9333333333333333,1.8412283471073594
0.6833333333333333,0.8464786940349941
1.7166666666666666,1.8428960343844716
2.8333333333333335,2.8248453838202123
1.7833333333333334,1.828774062959384
1.8666666666666667,1.8384024608642489
1.9166666666666667,1.8259397778934399
2.7333333333333334,2.8361935579044535
1.7666666666666666,1.837494817904552
3.6666666666666665,3.8369306828999146
2.9833333333333334,2.837820717611667
2.8833333333333333,2.8391631504955654
2.0,1.8385300894224266
1.6833333333333333,1.8372704119369396
3.85,3.838564257818555
3.7666666666666666,3.831200373277797
0.6833333333333333,0.8288002353773298
0.9833333333333333,0.8290900573917118
2.7,2.834010100244819
0.8166666666666667,0.8360526237654401
1.8166666666666667,1.8331046957123909
3.6666666666666665,3.8300767299898153
4.0,3.8306506037911174
1.9833333333333334,1.8436687582318358
2.8666666666666667,2.8272166182348197
1.7666666666666666,1.8393245242865635
3.783333333333333,3.837161531867664
0.9166666666666666,0.8294594184538693
1.7666666666666666,1.8369433927536278
2.85,2.834439025361261
2.9,2.8409579696894816
0.9333333333333333,0.8350914932747368
2.8333333333333335,2.823442282527537
0.7666666666666667,0.842996513474763
3.816666666666667,3.820346773376321
3.7666666666666666,3.833794238631608
0.9333333333333333,0.8172080495823945
3.85,3.825045876918748
1.6666666666666667,1.8367072769998476
0.8,0.8272468653138993
3.7,3.837884827713057
1.9166666666666667,1.8290434922242726
1.8166666666666667,1.833061144978306
4.0,3.836485457187427
2.7666666666666666,2.842575955056603
2.7666666666666666,2.8380693350437025
0.7666666666666667,0.827229624379586
3.716666666666667,3.8183848895303294
3.7,3.8379161560054125
0.8333333333333334,0.8416981100342656
3.9166666666666665,3.828324278475112
2.966666666666667,2.8366282281830633
0.8166666666666667,0.8297766018186138
0.9666666666666667,0.8347189292472921
2.8833333333333333,2.81523386871488
2.8833333333333333,2.834609297988434
0.6833333333333333,0.8260667429206769
3.8,3.835883768452109
3.9,3.8385596562733597
1.9833333333333334,1.8404395229312356
3.95,3.829840804670342
0.8666666666666667,0.8422223883794058
0.9833333333333333,0.8308859568184999
2.8833333333333333,2.837126962787998
1.9166666666666667,1.8355199988789104
1.85,1.832259023212993
2.8333333333333335,2.835480700743628
1.8333333333333333,1.8351398115362891
1.9333333333333333,1.8196122254811726
2.933333333333333,2.8384400990297185
3.0,2.839253737146166
3.683333333333333,3.8167169909837413
4.0,3.831132805216431
0.8333333333333334,0.8335011480302361
2.6666666666666665,2.8189165485952246
1.85,1.8347272949641669
2.8,2.8375387738515885
2.6666666666666665,2.8347589885696505
1.9166666666666667,1.8311716331740115
1.7333333333333334,1.832955557000059
0.75,0.8448934453739132
0.7166666666666667,0.8384889644856703
2.7333333333333334,2.8292138240728377
0.9333333333333333,0.8311983217341318
1.7333333333333334,1.8363602672506882
2.9166666666666665,2.83535933559294
2.85,2.8308938345214596
0.7833333333333333,0.837824492098602
0.7833333333333333,0.8354728687943539
2.8666666666666667,2.8357920790306537
1.9166666666666667,1.8385999941055002
1.8166666666666667,1.8322549426158392
1.9666666666666666,1.8396848479784855
0.8,0.8178164169352642
1.9,1.8319635716894112
3.85,3.847341419941298
1.8166666666666667,1.8267345135902666
1.9166666666666667,1.83251396025064
1.8166666666666667,1.8295952359998033
3.8666666666666667,3.8390548299283678
0.7166666666666667,0.8343101528469383
3.8833333333333333,3.8403868497736173
3.6666666666666665,3.8270936242031683
2.95,2.8456719106478663
3.933333333333333,3.8434600407610766
4.0,3.8311261495772
0.85,0.8411752445371945
0.95,0.845613337457711
1.6666666666666667,1.825024175558596
2.95,2.846241593560234
0.75,0.8241917650729162
2.8666666666666667,2.839182082463765
0.7833333333333333,0.8350994247332124
1.8,1.8278290614704094
1.7333333333333334,1.8215424236334399
3.75,3.8300020455918595
3.9,3.827614134768737
3.8833333333333333,3.837427375220731
0.8833333333333333,0.8523660010786912
1.7666666666666666,1.8311595559250164
3.95,3.829872053492788
1.85,1.8153150181420932
1.9,1.8356603790176127
2.783333333333333,2.8210039694514593
2.8333333333333335,2.835992364468814
1.9666666666666666,1.8487440145806948
2.9166666666666665,2.831490495480348
0.8666666666666667,0.8411852545642665
3.8666666666666667,3.829929534527389
2.8333333333333335,2.8329242728237203
1.85,1.821456770123783
3.816666666666667,3.8266662303442756
2.7,2.8402149462632917
2.9,2.8367510566694203
2.816666666666667,2.83281915884562
0.8833333333333333,0.8361545083332037
0.6666666666666666,0.8441714605443065
1.9833333333333334,1.8322166034299128
2.966666666666667,2.8526377884599463
3.85,3.822484956601848
0.9166666666666666,0.8465597677375313
3.85,3.8256058135368103
1.9166666666666667,1.8229901435682427
0.7833333333333333,0.8462866937105149
1.9833333333333334,1.8552329341209595
3.9833333333333334,3.8420977610998306
1.8333333333333333,1.8384780400605159
0.8833333333333333,0.8184448971987917
1.9666666666666666,1.8277369826264505
1.8833333333333333,1.8345235760178553
1.9,1.8300156931628626
2.75,2.837247170220443
3.966666666666667,3.838079410217943
2.95,2.83447643783889
3.8,3.825279458633984
2.7,2.835461402474429
1.7833333333333334,1.8339680250210069
1.7166666666666666,1.8238316826660244
3.8666666666666667,3.8319713218750575
1.75,1.8332071653828057
2.8333333333333335,2.83168236676582
1.8833333333333333,1.8388252911127225
2.816666666666667,2.833358848324133
0.9333333333333333,0.8472348992416932
1.9333333333333333,1.8456208948363797
2.8833333333333333,2.8348188472322176
2.7333333333333334,2.823520900413161
3.8833333333333333,3.8300123159281068
1.7166666666666666,1.8419907281930379
3.683333333333333,3.8296511582072794
2.783333333333333,2.83732804237895
1.9333333333333333,1.8332696528716625
3.7666666666666666,3.8381885553925774
4.0,3.819915605154459
1.6833333333333333,1.8408235276585216
1.7333333333333334,1.839221729561527
0.7833333333333333,0.8270769619048817
2.9,2.8317599217405576
1.75,1.827536323950124
0.7,0.8331208196861075
0.8833333333333333,0.8350626424417049
2.683333333333333,2.837515721094907
1.7166666666666666,1.8398524157562617
1.8166666666666667,1.827704058233972
2.0,1.8458504485975706
2.9166666666666665,2.8373463223816366
3.8333333333333335,3.8316410664835137
2.7,2.8370406712840164
3.75,3.831707364085007
2.75,2.823991062835192
0.95,0.8431375033465182
2.7,2.8464411380047583
0.8666666666666667,0.840139405948322
2.7333333333333334,2.8387669685856576
2.9,2.84104573710294
2.8666666666666667,2.8353778610848583
3.85,3.826504060961654
1.9166666666666667,1.8457946365132694
1.7666666666666666,1.8302286529896932
0.6666666666666666,0.8374033656389988
2.716666666666667,2.826692271477228
2.9,2.837820717611667
2.816666666666667,2.8360271097557552
3.683333333333333,3.828468421324314
0.8333333333333334,0.8387185129965258
1.9166666666666667,1.8417758520633964
1.7166666666666666,1.8342733582115907
0.8833333333333333,0.8303108574912512
0.95,0.8378467550999964
3.933333333333333,3.842172313807278
0.9833333333333333,0.8213404807570734
2.716666666666667,2.841860945706395
1.9833333333333334,1.8314643488956548
3.7666666666666666,3.845407246900621
2.683333333333333,2.839611467267312
0.9333333333333333,0.832453042931011
3.683333333333333,3.8388935407003335
0.9666666666666667,0.8491017444448572
2.8,2.834809191899247
1.6666666666666667,1.8255620045503143
0.8833333333333333,0.843577680603981
1.7666666666666666,1.8340490945432644
0.9833333333333333,0.8386754613361193
0.8333333333333334,0.8269687955160501
1.7333333333333334,1.819277898002521
1.8166666666666667,1.8374422468736866
2.9833333333333334,2.851552743722495
1.9166666666666667,1.8409147627644435
0.95,0.8363908316531139
3.8666666666666667,3.8383350014461683
2.816666666666667,2.83612672687825
0.7166666666666667,0.8161216472547872
0.8833333333333333,0.8418857441527752
3.8,3.835804525690843
3.95,3.8363896570383185
1.85,1.8218925075604917
2.8,2.833799195291856
2.783333333333333,2.8314928079493473
3.8,3.828930962382882
2.9166666666666665,2.839089625899615
0.8833333333333333,0.8415254191431264
2.783333333333333,2.8291107574648664
2.966666666666667,2.832020338270176
3.816666666666667,3.8344756783627383
2.8666666666666667,2.8378297384238103
0.9833333333333333,0.8307504084821368
3.933333333333333,3.8422375348782167
0.8,0.8232125975036964
0.8166666666666667,0.8444048629040624
2.95,2.834918204975449
2.716666666666667,2.8436248738337055
1.9166666666666667,1.8302904900560797
3.0,2.8359460157553658
0.8333333333333334,0.8505726486093256
3.9833333333333334,3.8165414598559857
3.0,2.833547168935912
2.966666666666667,2.84613376879706
1.9666666666666666,1.8379871862436759
1.7,1.8138086708667343
2.716666666666667,2.8436333094851824
2.7333333333333334,2.833743058957134
3.0,2.8402026348369516
0.75,0.834009327605406
3.7666666666666666,3.8347773538990513
2.8,2.8299856824889384
0.9333333333333333,0.8353365434545772
2.7333333333333334,2.8409042192572485
0.7166666666666667,0.8345582781196985
2.6666666666666665,2.839612948796338
3.8333333333333335,3.8353332036019436
3.0,2.822614030907045
3.7333333333333334,3.82808531975812
2.95,2.834390606433918
1.0,0.8405414033142173
1.9833333333333334,1.832778031427609
1.75,1.826083586793555
3.683333333333333,3.8447561291781103
0.7,0.8378700607403999
3.783333333333333,3.8321925211521473
1.85,1.8429823514917658
1.9833333333333334,1.8286571091646306
3.9166666666666665,3.832494754457778
0.8166666666666667,0.831150397600123
0.9166666666666666,0.8370773766713794
1.9666666666666666,1.825480024810571
0.9166666666666666,0.846774325194842
3.816666666666667,3.8419743038294794
2.9166666666666665,2.845067718741717
3.7333333333333334,3.834283088513341
0.8666666666666667,0.8316420790728332
3.85,3.818370225206266
3.75,3.833672945786489
3.95,3.842000731081656
1.9833333333333334,1.829827160395973
2.716666666666667,2.8360076118544577
3.9,3.8359217901047975
0.9,0.8315501755614001
2.7666666666666666,2.8359239919190475
1.7666666666666666,1.8206655898377897
2.816666666666667,2.8248453838202123
2.933333333333333,2.8317792867034046
3.8666666666666667,3.847274235692245
3.8333333333333335,3.826295130627216
0.6833333333333333,0.8293099750813342
3.9166666666666665,3.827445108478541
1.7666666666666666,1.832637040000508
2.683333333333333,2.825818443753681
2.0,1.8370108602682678
2.7,2.8286905958081348
0.95,0.8275077591615392
3.966666666666667,3.835749438712934
2.8833333333333333,2.829604552741803
2.7666666666666666,2.829765640897781
1.75,1.8310541391685364
1.8166666666666667,1.8283043921446624
2.716666666666667,2.8142160721097667
1.7333333333333334,1.8424828768164536
3.8,3.8395734432154023
0.8833333333333333,0.8321572818061884
2.0,1.8386220287446746
3.816666666666667,3.825912739895492
0.7166666666666667,0.8369591542990523
2.966666666666667,2.8331861005465964
3.716666666666667,3.8318477539636557
3.816666666666667,3.815755476849552
1.9666666666666666,1.8291645007128279
0.75,0.8295919273277739
3.8,3.8307142919187864
3.7,3.8309449108087508
1.7833333333333334,1.832637040000508
1.0,0.8270490301298843
2.7666666666666666,2.8547863198132943
2.8,2.83711127442864
2.95,2.834812306994916
1.7666666666666666,1.838369562431218
1.7,1.8248245929530698
1.9833333333333334,1.8327851623058198
0.9,0.8159055614848395
0.6833333333333333,0.8350081496654665
2.7666666666666666,2.838015121263895
0.9166666666666666,0.8398809448126241
3.966666666666667,3.826169634337248
1.8166666666666667,1.8349851884383963
3.716666666666667,3.8301742789023927
0.8333333333333334,0.8311810510185208
1.9666666666666666,1.8365151208844583
0.9,0.8464938625266906
0.7166666666666667,0.8287910066846931
1.9,1.832259023212993
3.783333333333333,3.8147555948089926
3.8,3.8333445845999536
0.8166666666666667,0.8453356080713894
2.0,1.8291725336314366
2.6666666666666665,2.822070700048765
1.9666666666666666,1.8385647542133123
3.75,3.8283672825475157
0.9666666666666667,0.836861777283674
2.8833333333333333,2.835994730502002
2.0,1.8260301813390964
0.8166666666666667,0.8211554271125603
0.6666666666666666,0.82647773874491
2.7666666666666666,2.8467663479534804
1.8666666666666667,1.842656751804447
2.8,2.8344882256764055
3.816666666666667,3.831629503301623
0.7333333333333333,0.8305275099085759
3.8,3.831136291063008
1.9,1.825923382025796
3.85,3.821646253309747
1.6833333333333333,1.826767584299563
2.7666666666666666,2.8363515927737093
0.9833333333333333,0.8437604331245413
2.816666666666667,2.8336360578003803
0.7,0.8391814840696348
2.7333333333333334,2.833831442152594
3.933333333333333,3.834175093889543
1.9,1.84074009381066
1.7,1.8408714197575529
2.9833333333333334,2.8278572970009823
3.8,3.8231659997580376
3.8,3.8189047553619315
3.7,3.8321607876812185
1.7333333333333334,1.8333111415733812
1.75,1.8379006523245232
1.7333333333333334,1.8396848479784855
4.0,3.8372424180554194
0.7666666666666667,0.8172080495823945
2.683333333333333,2.822317171219944
1.7833333333333334,1.8264554621404128
0.9166666666666666,0.8217113648361767
4.0,3.832229574079229
1.9,1.8230838454512774
1.6833333333333333,1.8069942886388617
1.8666666666666667,1.8329336206632794
0.7666666666666667,0.8226274356527192
0.7,0.8383907162894818
1.9166666666666667,1.8276013292371112
1.8833333333333333,1.829801970607558
1.7,1.8311911992040422
3.8833333333333333,3.831208121591144
2.6666666666666665,2.84141311878877
1.0,0.8307074005174812
3.933333333333333,3.8176485573810153
3.9,3.8322732986725754
2.95,2.837685920423239
2.75,2.840075991094636
1.7833333333333334,1.8279637689836505
1.9333333333333333,1.831911206922442
3.7666666666666666,3.8313896587528022
3.9166666666666665,3.832678866579493
3.9833333333333334,3.834118084643158
2.966666666666667,2.835589884168249
1.9166666666666667,1.825205717266276
3.966666666666667,3.8322517150884337
3.9166666666666665,3.825710919964619
2.8833333333333333,2.830045416226818
0.9833333333333333,0.8250583913209367
3.9833333333333334,3.8337720272002453
0.75,0.829101503427698
2.8333333333333335,2.847714307146583
2.933333333333333,2.8389495336646053
1.9166666666666667,1.8274090956091333
3.9833333333333334,3.8229198701662703
2.8666666666666667,2.8355936489637594
0.6666666666666666,0.8343686864936158
1.6833333333333333,1.831939127798071
2.966666666666667,2.841224372021997
2.933333333333333,2.831798027374368
1.9666666666666666,1.8326118659055652
0.7833333333333333,0.834139101888319
1.7333333333333334,1.8283520672550413
1.95,1.833061565109242
1.8833333333333333,1.8165315851215669
0.85,0.834637904618103
0.8166666666666667,0.828686172074961
3.8,3.8298468723275896
1.75,1.8296304526276777
0.75,0.8358330148619431
2.966666666666667,2.8314916461352078
3.9166666666666665,3.8225837992837253
1.95,1.838211041674632
1.8,1.8189919024046413
1.9666666666666666,1.8274414981036806
0.85,0.8303127943047767
0.8666666666666667,0.8325470248087786
3.75,3.8246988552781254
2.8333333333333335,2.831514466925733
3.7666666666666666,3.8351320606831774
1.7833333333333334,1.8324845843694606
2.85,2.842036617687034
0.7833333333333333,0.8298152190088035
2.783333333333333,2.8353480095177046
2.716666666666667,2.8281342698533662
1.95,1.8354333247064463
1.8833333333333333,1.8295113533018224
2.7666666666666666,2.8298835392985233
2.816666666666667,2.8451423126309128
0.6833333333333333,0.829646073501649
0.6666666666666666,0.8303808431135564
2.75,2.8297401507202435
3.8333333333333335,3.8286736828183945
3.8,3.8427431748727225
2.8,2.836394450913371
3.8,3.820419142755575
3.8666666666666667,3.8396604829523584
0.95,0.8312679157869186
0.9833333333333333,0.8340373428772154
2.8333333333333335,2.8288436523120306
